// Auto-generated by host_tests/gen_voice_samples.cpp.
// Do NOT edit by hand — re-run the generator instead.
//
// Source rate: 22050 Hz. Play with SPU sampleRate = 0x0800 (= 0.5×).

#pragma once
#include <cstdint>

namespace acid::voice_samples {

alignas(4) inline constexpr uint8_t bd_adpcm[18912] = {
    0x03, 0x00, 0x66, 0x66, 0x66, 0x66, 0x66, 0x66, 0x66, 0x66, 0x66, 0x66, 0x66, 0x66, 0x55, 0x55,
    0x03, 0x00, 0x55, 0x55, 0x55, 0x55, 0x55, 0x45, 0x44, 0x44, 0x44, 0x44, 0x44, 0x34, 0x33, 0x33,
    0x04, 0x00, 0x66, 0x66, 0x56, 0x55, 0x55, 0x44, 0x44, 0x33, 0x33, 0x23, 0x22, 0x12, 0x11, 0x11,
    0x04, 0x00, 0x00, 0x00, 0xff, 0xff, 0xef, 0xee, 0xde, 0xdd, 0xdd, 0xcc, 0xcc, 0xbb, 0xbb, 0xab,
    0x03, 0x00, 0xdd, 0xdd, 0xcc, 0xcc, 0xcc, 0xcc, 0xcc, 0xbc, 0xbb, 0xbb, 0xbb, 0xbb, 0xbb, 0xbb,
    0x03, 0x00, 0xab, 0xaa, 0xaa, 0xaa, 0xaa, 0xaa, 0xaa, 0xaa, 0xaa, 0xaa, 0xaa, 0x99, 0x99, 0x99,
    0x03, 0x00, 0x99, 0x99, 0x99, 0x99, 0x99, 0x99, 0x99, 0x99, 0x99, 0x99, 0x99, 0xa9, 0xaa, 0xaa,
    0x03, 0x00, 0xaa, 0xaa, 0xaa, 0xaa, 0xaa, 0xaa, 0xaa, 0xaa, 0xba, 0xbb, 0xbb, 0xbb, 0xbb, 0xbb,
    0x03, 0x00, 0xbb, 0xcc, 0xcc, 0xcc, 0xcc, 0xcc, 0xcc, 0xdd, 0xdd, 0xdd, 0xdd, 0xdd, 0xee, 0xee,
    0x05, 0x00, 0xa9, 0xaa, 0xbb, 0xcc, 0xdd, 0xed, 0xfe, 0xff, 0x00, 0x11, 0x22, 0x32, 0x43, 0x44,
    0x03, 0x00, 0x11, 0x11, 0x11, 0x21, 0x22, 0x22, 0x22, 0x22, 0x22, 0x33, 0x33, 0x33, 0x33, 0x33,
    0x03, 0x00, 0x33, 0x43, 0x44, 0x44, 0x44, 0x44, 0x44, 0x44, 0x44, 0x54, 0x55, 0x55, 0x55, 0x55,
    0x03, 0x00, 0x55, 0x55, 0x55, 0x55, 0x55, 0x55, 0x55, 0x55, 0x55, 0x55, 0x55, 0x55, 0x55, 0x55,
    0x03, 0x00, 0x55, 0x55, 0x55, 0x55, 0x55, 0x55, 0x55, 0x55, 0x55, 0x55, 0x44, 0x44, 0x44, 0x44,
    0x03, 0x00, 0x44, 0x44, 0x44, 0x44, 0x34, 0x33, 0x33, 0x33, 0x33, 0x33, 0x33, 0x22, 0x22, 0x22,
    0x04, 0x00, 0x44, 0x44, 0x44, 0x33, 0x33, 0x23, 0x22, 0x22, 0x11, 0x11, 0x11, 0x00, 0x00, 0xf0,
    0x04, 0x00, 0xff, 0xff, 0xee, 0xee, 0xde, 0xdd, 0xdd, 0xcd, 0xcc, 0xcc, 0xbb, 0xbb, 0xbb, 0xaa,
    0x03, 0x00, 0xdd, 0xdd, 0xcd, 0xcc, 0xcc, 0xcc, 0xcc, 0xcc, 0xcc, 0xbc, 0xbb, 0xbb, 0xbb, 0xbb,
    0x03, 0x00, 0xbb, 0xbb, 0xbb, 0xbb, 0xbb, 0xbb, 0xbb, 0xaa, 0xaa, 0xaa, 0xaa, 0xaa, 0xaa, 0xaa,
    0x03, 0x00, 0xaa, 0xaa, 0xaa, 0xaa, 0xaa, 0xaa, 0xaa, 0xaa, 0xaa, 0xaa, 0xbb, 0xbb, 0xbb, 0xbb,
    0x03, 0x00, 0xbb, 0xbb, 0xbb, 0xbb, 0xbb, 0xbb, 0xbb, 0xcb, 0xcc, 0xcc, 0xcc, 0xcc, 0xcc, 0xcc,
    0x04, 0x00, 0x99, 0xaa, 0xaa, 0xaa, 0xba, 0xbb, 0xbb, 0xcb, 0xcc, 0xcc, 0xdc, 0xdd, 0xdd, 0xed,
    0x05, 0x00, 0xcc, 0xdd, 0xee, 0xfe, 0xff, 0x00, 0x10, 0x11, 0x22, 0x32, 0x33, 0x44, 0x54, 0x55,
    0x03, 0x00, 0x11, 0x11, 0x11, 0x22, 0x22, 0x22, 0x22, 0x22, 0x22, 0x32, 0x33, 0x33, 0x33, 0x33,
    0x03, 0x00, 0x33, 0x33, 0x33, 0x33, 0x43, 0x44, 0x44, 0x44, 0x44, 0x44, 0x44, 0x44, 0x44, 0x44,
    0x03, 0x00, 0x44, 0x44, 0x44, 0x44, 0x44, 0x44, 0x44, 0x44, 0x44, 0x44, 0x44, 0x44, 0x44, 0x44,
    0x03, 0x00, 0x44, 0x44, 0x44, 0x44, 0x44, 0x44, 0x44, 0x44, 0x44, 0x44, 0x33, 0x33, 0x33, 0x33,
    0x03, 0x00, 0x33, 0x33, 0x33, 0x33, 0x33, 0x22, 0x22, 0x22, 0x22, 0x22, 0x22, 0x22, 0x11, 0x11,
    0x05, 0x00, 0x66, 0x56, 0x55, 0x44, 0x34, 0x33, 0x22, 0x12, 0x11, 0x00, 0xf0, 0xff, 0xef, 0xee,
    0x04, 0x00, 0xee, 0xee, 0xee, 0xdd, 0xdd, 0xdd, 0xcc, 0xcc, 0xcc, 0xbc, 0xbb, 0xbb, 0xbb, 0xab,
    0x03, 0x00, 0xdd, 0xdd, 0xdd, 0xcd, 0xcc, 0xcc, 0xcc, 0xcc, 0xcc, 0xcc, 0xcc, 0xcc, 0xcc, 0xcc,
    0x03, 0x00, 0xbb, 0xbb, 0xbb, 0xbb, 0xbb, 0xbb, 0xbb, 0xbb, 0xbb, 0xbb, 0xbb, 0xbb, 0xbb, 0xbb,
    0x03, 0x00, 0xbb, 0xbb, 0xbb, 0xbb, 0xbb, 0xbb, 0xbb, 0xbb, 0xbb, 0xbb, 0xbb, 0xcb, 0xcc, 0xcc,
    0x03, 0x00, 0xcc, 0xcc, 0xcc, 0xcc, 0xcc, 0xcc, 0xcc, 0xcc, 0xdc, 0xdd, 0xdd, 0xdd, 0xdd, 0xdd,
    0x04, 0x00, 0xbb, 0xbb, 0xcb, 0xcc, 0xcc, 0xcc, 0xdd, 0xdd, 0xdd, 0xed, 0xee, 0xee, 0xee, 0xff,
    0x05, 0x00, 0xfe, 0xff, 0x0f, 0x00, 0x11, 0x21, 0x22, 0x32, 0x33, 0x44, 0x44, 0x55, 0x65, 0x66,
    0x04, 0x00, 0x33, 0x33, 0x43, 0x44, 0x44, 0x44, 0x54, 0x55, 0x55, 0x55, 0x55, 0x65, 0x66, 0x66,
    0x03, 0x00, 0x33, 0x33, 0x33, 0x33, 0x33, 0x33, 0x33, 0x33, 0x33, 0x33, 0x33, 0x33, 0x33, 0x44,
    0x03, 0x00, 0x44, 0x44, 0x44, 0x44, 0x44, 0x44, 0x44, 0x44, 0x44, 0x44, 0x33, 0x33, 0x33, 0x33,
    0x03, 0x00, 0x33, 0x33, 0x33, 0x33, 0x33, 0x33, 0x33, 0x33, 0x33, 0x33, 0x33, 0x33, 0x22, 0x22,
    0x04, 0x00, 0x55, 0x55, 0x45, 0x44, 0x44, 0x44, 0x44, 0x33, 0x33, 0x33, 0x33, 0x22, 0x22, 0x22,
    0x05, 0x00, 0x34, 0x33, 0x23, 0x22, 0x12, 0x11, 0x00, 0x00, 0xff, 0xff, 0xee, 0xde, 0xdd, 0xcd,
    0x04, 0x00, 0xee, 0xde, 0xdd, 0xdd, 0xdd, 0xcd, 0xcc, 0xcc, 0xcc, 0xbc, 0xbb, 0xbb, 0xbb, 0xbb,
    0x03, 0x00, 0xdd, 0xdd, 0xdd, 0xdd, 0xdd, 0xdd, 0xcc, 0xcc, 0xcc, 0xcc, 0xcc, 0xcc, 0xcc, 0xcc,
    0x03, 0x00, 0xcc, 0xcc, 0xcc, 0xcc, 0xcc, 0xcc, 0xcc, 0xcc, 0xcc, 0xcc, 0xcc, 0xcc, 0xcc, 0xcc,
    0x03, 0x00, 0xcc, 0xcc, 0xcc, 0xcc, 0xcc, 0xcc, 0xcc, 0xcc, 0xcc, 0xcc, 0xcc, 0xcc, 0xcc, 0xcc,
    0x04, 0x00, 0xa9, 0xaa, 0xaa, 0xaa, 0xaa, 0xaa, 0xbb, 0xbb, 0xbb, 0xbb, 0xbb, 0xcc, 0xcc, 0xcc,
    0x05, 0x00, 0x99, 0xa9, 0xaa, 0xba, 0xbb, 0xcb, 0xcc, 0xdc, 0xdd, 0xed, 0xee, 0xfe, 0xff, 0x0f,
    0x05, 0x00, 0x00, 0x10, 0x11, 0x21, 0x22, 0x32, 0x33, 0x43, 0x44, 0x44, 0x55, 0x55, 0x66, 0x66,
    0x04, 0x00, 0x33, 0x33, 0x33, 0x44, 0x44, 0x44, 0x44, 0x44, 0x55, 0x55, 0x55, 0x55, 0x55, 0x55,
    0x04, 0x00, 0x55, 0x66, 0x66, 0x66, 0x66, 0x66, 0x66, 0x66, 0x66, 0x66, 0x66, 0x66, 0x66, 0x66,
    0x04, 0x00, 0x66, 0x66, 0x66, 0x66, 0x66, 0x66, 0x66, 0x66, 0x66, 0x66, 0x66, 0x66, 0x66, 0x66,
    0x04, 0x00, 0x66, 0x66, 0x56, 0x55, 0x55, 0x55, 0x55, 0x55, 0x55, 0x45, 0x44, 0x44, 0x44, 0x44,
    0x04, 0x00, 0x44, 0x33, 0x33, 0x33, 0x33, 0x33, 0x22, 0x22, 0x22, 0x22, 0x12, 0x11, 0x11, 0x11,
    0x05, 0x00, 0x22, 0x11, 0x11, 0x00, 0x00, 0xf0, 0xff, 0xef, 0xee, 0xde, 0xdd, 0xdd, 0xcc, 0xcc,
    0x04, 0x00, 0xdd, 0xdd, 0xdd, 0xdd, 0xdd, 0xcc, 0xcc, 0xcc, 0xcc, 0xcc, 0xbb, 0xbb, 0xbb, 0xbb,
    0x04, 0x00, 0xbb, 0xbb, 0xab, 0xaa, 0xaa, 0xaa, 0xaa, 0xaa, 0xaa, 0xaa, 0xaa, 0xaa, 0x99, 0x99,
    0x04, 0x00, 0x99, 0x99, 0x99, 0x99, 0x99, 0x99, 0x99, 0x99, 0x99, 0x99, 0x99, 0x99, 0x99, 0x99,
    0x04, 0x00, 0x99, 0x99, 0x99, 0xaa, 0xaa, 0xaa, 0xaa, 0xaa, 0xaa, 0xaa, 0xaa, 0xaa, 0xba, 0xbb,
    0x04, 0x00, 0xbb, 0xbb, 0xbb, 0xbb, 0xbb, 0xcc, 0xcc, 0xcc, 0xcc, 0xcc, 0xdc, 0xdd, 0xdd, 0xdd,
    0x05, 0x00, 0xbb, 0xcb, 0xcc, 0xcc, 0xdd, 0xdd, 0xee, 0xee, 0xfe, 0xff, 0xff, 0x00, 0x00, 0x10,
    0x05, 0x00, 0x11, 0x21, 0x22, 0x22, 0x33, 0x33, 0x43, 0x44, 0x44, 0x55, 0x55, 0x55, 0x66, 0x66,
    0x04, 0x00, 0x33, 0x33, 0x33, 0x33, 0x44, 0x44, 0x44, 0x44, 0x44, 0x44, 0x44, 0x54, 0x55, 0x55,
    0x04, 0x00, 0x55, 0x55, 0x55, 0x55, 0x55, 0x55, 0x55, 0x55, 0x55, 0x55, 0x55, 0x55, 0x55, 0x55,
    0x04, 0x00, 0x55, 0x55, 0x55, 0x55, 0x55, 0x55, 0x55, 0x55, 0x55, 0x55, 0x55, 0x55, 0x55, 0x55,
    0x04, 0x00, 0x45, 0x44, 0x44, 0x44, 0x44, 0x44, 0x44, 0x44, 0x34, 0x33, 0x33, 0x33, 0x33, 0x33,
    0x05, 0x00, 0x56, 0x55, 0x55, 0x45, 0x44, 0x44, 0x33, 0x33, 0x33, 0x22, 0x22, 0x12, 0x11, 0x11,
    0x05, 0x00, 0x00, 0x00, 0xf0, 0xff, 0xff, 0xee, 0xee, 0xde, 0xdd, 0xdd, 0xcd, 0xcc, 0xcc, 0xbb,
    0x04, 0x00, 0xdd, 0xdd, 0xdd, 0xdd, 0xdd, 0xcc, 0xcc, 0xcc, 0xcc, 0xcc, 0xcc, 0xcc, 0xbb, 0xbb,
    0x04, 0x00, 0xbb, 0xbb, 0xbb, 0xbb, 0xbb, 0xbb, 0xbb, 0xbb, 0xaa, 0xaa, 0xaa, 0xaa, 0xaa, 0xaa,
    0x04, 0x00, 0xaa, 0xaa, 0xaa, 0xaa, 0xaa, 0xaa, 0xaa, 0xaa, 0xaa, 0xaa, 0xaa, 0xaa, 0xaa, 0xaa,
    0x04, 0x00, 0xaa, 0xba, 0xbb, 0xbb, 0xbb, 0xbb, 0xbb, 0xbb, 0xbb, 0xbb, 0xbb, 0xcb, 0xcc, 0xcc,
    0x04, 0x00, 0xcc, 0xcc, 0xcc, 0xcc, 0xcc, 0xdd, 0xdd, 0xdd, 0xdd, 0xdd, 0xdd, 0xee, 0xee, 0xee,
    0x06, 0x00, 0xaa, 0xbb, 0xcb, 0xcc, 0xdd, 0xed, 0xee, 0xff, 0x00, 0x10, 0x11, 0x22, 0x32, 0x33,
    0x05, 0x00, 0x22, 0x22, 0x32, 0x33, 0x33, 0x43, 0x44, 0x44, 0x44, 0x55, 0x55, 0x55, 0x65, 0x66,
    0x04, 0x00, 0x33, 0x33, 0x33, 0x33, 0x33, 0x33, 0x43, 0x44, 0x44, 0x44, 0x44, 0x44, 0x44, 0x44,
    0x04, 0x00, 0x44, 0x44, 0x44, 0x44, 0x44, 0x44, 0x44, 0x44, 0x44, 0x44, 0x44, 0x44, 0x44, 0x44,
    0x04, 0x00, 0x44, 0x44, 0x44, 0x44, 0x44, 0x44, 0x44, 0x44, 0x44, 0x44, 0x44, 0x44, 0x44, 0x44,
    0x04, 0x00, 0x33, 0x33, 0x33, 0x33, 0x33, 0x33, 0x33, 0x33, 0x23, 0x22, 0x22, 0x22, 0x22, 0x22,
    0x05, 0x00, 0x44, 0x34, 0x33, 0x33, 0x23, 0x22, 0x22, 0x22, 0x11, 0x11, 0x11, 0x00, 0x00, 0x00,
    0x05, 0x00, 0xff, 0xff, 0xff, 0xee, 0xee, 0xee, 0xdd, 0xdd, 0xdd, 0xcc, 0xcc, 0xcc, 0xbc, 0xbb,
    0x04, 0x00, 0xdd, 0xdd, 0xdd, 0xdd, 0xdd, 0xdd, 0xcc, 0xcc, 0xcc, 0xcc, 0xcc, 0xcc, 0xcc, 0xcc,
    0x04, 0x00, 0xcc, 0xcc, 0xbb, 0xbb, 0xbb, 0xbb, 0xbb, 0xbb, 0xbb, 0xbb, 0xbb, 0xbb, 0xbb, 0xbb,
    0x04, 0x00, 0xbb, 0xbb, 0xbb, 0xbb, 0xbb, 0xbb, 0xbb, 0xbb, 0xbb, 0xbb, 0xbb, 0xbb, 0xbb, 0xbb,
    0x04, 0x00, 0xbb, 0xbb, 0xcc, 0xcc, 0xcc, 0xcc, 0xcc, 0xcc, 0xcc, 0xcc, 0xcc, 0xcc, 0xdc, 0xdd,
    0x05, 0x00, 0xaa, 0xaa, 0xba, 0xbb, 0xbb, 0xbb, 0xcc, 0xcc, 0xcc, 0xdc, 0xdd, 0xdd, 0xdd, 0xee,
    0x06, 0x00, 0xdc, 0xdd, 0xee, 0xee, 0xff, 0x0f, 0x00, 0x11, 0x11, 0x22, 0x32, 0x33, 0x44, 0x44,
    0x05, 0x00, 0x22, 0x32, 0x33, 0x33, 0x33, 0x43, 0x44, 0x44, 0x44, 0x54, 0x55, 0x55, 0x55, 0x65,
    0x04, 0x00, 0x33, 0x33, 0x33, 0x33, 0x33, 0x33, 0x33, 0x33, 0x33, 0x33, 0x33, 0x33, 0x33, 0x44,
    0x04, 0x00, 0x44, 0x44, 0x44, 0x44, 0x44, 0x44, 0x44, 0x44, 0x44, 0x44, 0x44, 0x44, 0x44, 0x44,
    0x04, 0x00, 0x44, 0x44, 0x33, 0x33, 0x33, 0x33, 0x33, 0x33, 0x33, 0x33, 0x33, 0x33, 0x33, 0x33,
    0x05, 0x00, 0x66, 0x56, 0x55, 0x55, 0x55, 0x55, 0x45, 0x44, 0x44, 0x44, 0x34, 0x33, 0x33, 0x33,
    0x06, 0x00, 0x56, 0x55, 0x44, 0x44, 0x33, 0x33, 0x22, 0x12, 0x11, 0x01, 0x00, 0xff, 0xff, 0xee,
    0x05, 0x00, 0xef, 0xee, 0xee, 0xee, 0xde, 0xdd, 0xdd, 0xdd, 0xcc, 0xcc, 0xcc, 0xcc, 0xbc, 0xbb,
    0x05, 0x00, 0xbb, 0xbb, 0xbb, 0xaa, 0xaa, 0xaa, 0xaa, 0xaa, 0x99, 0x99, 0x99, 0x99, 0x99, 0x99,
    0x04, 0x00, 0xcc, 0xcc, 0xcc, 0xcc, 0xcc, 0xcc, 0xcc, 0xcc, 0xcc, 0xcc, 0xcc, 0xcc, 0xcc, 0xcc,
    0x04, 0x00, 0xcc, 0xcc, 0xcc, 0xcc, 0xcc, 0xcc, 0xcc, 0xcc, 0xcc, 0xcc, 0xcc, 0xcc, 0xcc, 0xcc,
    0x05, 0x00, 0x99, 0x99, 0x99, 0x99, 0xa9, 0xaa, 0xaa, 0xaa, 0xaa, 0xaa, 0xbb, 0xbb, 0xbb, 0xbb,
    0x05, 0x00, 0xcb, 0xcc, 0xcc, 0xcc, 0xcc, 0xdd, 0xdd, 0xdd, 0xdd, 0xee, 0xee, 0xee, 0xee, 0xff,
    0x06, 0x00, 0xee, 0xff, 0xff, 0x00, 0x10, 0x11, 0x21, 0x22, 0x32, 0x33, 0x43, 0x44, 0x54, 0x55,
    0x05, 0x00, 0x22, 0x33, 0x33, 0x33, 0x33, 0x43, 0x44, 0x44, 0x44, 0x44, 0x54, 0x55, 0x55, 0x55,
    0x05, 0x00, 0x55, 0x55, 0x55, 0x66, 0x66, 0x66, 0x66, 0x66, 0x66, 0x66, 0x66, 0x66, 0x66, 0x66,
    0x04, 0x00, 0x33, 0x33, 0x33, 0x33, 0x33, 0x33, 0x33, 0x33, 0x33, 0x33, 0x33, 0x33, 0x33, 0x33,
    0x05, 0x00, 0x66, 0x66, 0x66, 0x66, 0x66, 0x66, 0x66, 0x55, 0x55, 0x55, 0x55, 0x55, 0x55, 0x45,
    0x05, 0x00, 0x44, 0x44, 0x44, 0x44, 0x34, 0x33, 0x33, 0x33, 0x33, 0x23, 0x22, 0x22, 0x22, 0x22,
    0x06, 0x00, 0x33, 0x33, 0x22, 0x22, 0x11, 0x11, 0x01, 0x00, 0xf0, 0xff, 0xef, 0xee, 0xde, 0xdd,
    0x05, 0x00, 0xee, 0xee, 0xee, 0xdd, 0xdd, 0xdd, 0xdd, 0xcd, 0xcc, 0xcc, 0xcc, 0xcc, 0xcc, 0xbb,
    0x05, 0x00, 0xbb, 0xbb, 0xbb, 0xbb, 0xbb, 0xaa, 0xaa, 0xaa, 0xaa, 0xaa, 0xaa, 0xaa, 0xaa, 0x9a,
    0x05, 0x00, 0x99, 0x99, 0x99, 0x99, 0x99, 0x99, 0x99, 0x99, 0x99, 0x99, 0x99, 0x99, 0x99, 0x99,
    0x05, 0x00, 0x99, 0x99, 0x99, 0x99, 0x99, 0x99, 0x99, 0xa9, 0xaa, 0xaa, 0xaa, 0xaa, 0xaa, 0xaa,
    0x05, 0x00, 0xaa, 0xaa, 0xba, 0xbb, 0xbb, 0xbb, 0xbb, 0xbb, 0xcb, 0xcc, 0xcc, 0xcc, 0xcc, 0xcc,
    0x06, 0x00, 0xaa, 0xaa, 0xba, 0xbb, 0xbb, 0xcc, 0xcc, 0xdd, 0xdd, 0xed, 0xee, 0xfe, 0xff, 0xff,
    0x06, 0x00, 0x00, 0x00, 0x10, 0x11, 0x21, 0x22, 0x22, 0x33, 0x33, 0x43, 0x44, 0x44, 0x55, 0x55,
    0x05, 0x00, 0x32, 0x33, 0x33, 0x33, 0x33, 0x33, 0x43, 0x44, 0x44, 0x44, 0x44, 0x44, 0x44, 0x54,
    0x05, 0x00, 0x55, 0x55, 0x55, 0x55, 0x55, 0x55, 0x55, 0x55, 0x55, 0x55, 0x55, 0x55, 0x55, 0x55,
    0x05, 0x00, 0x55, 0x55, 0x55, 0x55, 0x55, 0x55, 0x55, 0x55, 0x55, 0x55, 0x55, 0x55, 0x55, 0x55,
    0x05, 0x00, 0x55, 0x55, 0x55, 0x55, 0x45, 0x44, 0x44, 0x44, 0x44, 0x44, 0x44, 0x44, 0x33, 0x33,
    0x05, 0x00, 0x33, 0x33, 0x33, 0x33, 0x22, 0x22, 0x22, 0x22, 0x22, 0x12, 0x11, 0x11, 0x11, 0x11,
    0x07, 0x00, 0x34, 0x33, 0x22, 0x11, 0x01, 0xf0, 0xff, 0xee, 0xdd, 0xcd, 0xbc, 0xbb, 0xaa, 0x9a,
    0x05, 0x00, 0xee, 0xee, 0xdd, 0xdd, 0xdd, 0xdd, 0xdd, 0xcd, 0xcc, 0xcc, 0xcc, 0xcc, 0xcc, 0xcc,
    0x05, 0x00, 0xbc, 0xbb, 0xbb, 0xbb, 0xbb, 0xbb, 0xbb, 0xbb, 0xbb, 0xab, 0xaa, 0xaa, 0xaa, 0xaa,
    0x05, 0x00, 0xaa, 0xaa, 0xaa, 0xaa, 0xaa, 0xaa, 0xaa, 0xaa, 0xaa, 0xaa, 0xaa, 0xaa, 0xaa, 0xaa,
    0x05, 0x00, 0xaa, 0xaa, 0xaa, 0xaa, 0xaa, 0xaa, 0xbb, 0xbb, 0xbb, 0xbb, 0xbb, 0xbb, 0xbb, 0xbb,
    0x05, 0x00, 0xbb, 0xcb, 0xcc, 0xcc, 0xcc, 0xcc, 0xcc, 0xcc, 0xdc, 0xdd, 0xdd, 0xdd, 0xdd, 0xdd,
    0x06, 0x00, 0xcb, 0xcc, 0xcc, 0xdd, 0xdd, 0xdd, 0xee, 0xee, 0xfe, 0xff, 0xff, 0x0f, 0x00, 0x00,
    0x06, 0x00, 0x11, 0x11, 0x11, 0x22, 0x22, 0x32, 0x33, 0x33, 0x43, 0x44, 0x44, 0x54, 0x55, 0x55,
    0x05, 0x00, 0x22, 0x33, 0x33, 0x33, 0x33, 0x33, 0x33, 0x33, 0x43, 0x44, 0x44, 0x44, 0x44, 0x44,
    0x05, 0x00, 0x44, 0x44, 0x44, 0x44, 0x44, 0x44, 0x44, 0x44, 0x44, 0x55, 0x55, 0x55, 0x55, 0x55,
    0x05, 0x00, 0x55, 0x55, 0x55, 0x45, 0x44, 0x44, 0x44, 0x44, 0x44, 0x44, 0x44, 0x44, 0x44, 0x44,
    0x05, 0x00, 0x44, 0x44, 0x44, 0x44, 0x33, 0x33, 0x33, 0x33, 0x33, 0x33, 0x33, 0x33, 0x23, 0x22,
    0x06, 0x00, 0x55, 0x45, 0x44, 0x44, 0x44, 0x33, 0x33, 0x33, 0x22, 0x22, 0x22, 0x11, 0x11, 0x11,
    0x06, 0x00, 0x00, 0x00, 0x00, 0xff, 0xff, 0xff, 0xee, 0xee, 0xee, 0xdd, 0xdd, 0xdd, 0xcc, 0xcc,
    0x05, 0x00, 0xee, 0xde, 0xdd, 0xdd, 0xdd, 0xdd, 0xdd, 0xdd, 0xcd, 0xcc, 0xcc, 0xcc, 0xcc, 0xcc,
    0x05, 0x00, 0xcc, 0xcc, 0xcc, 0xcc, 0xbb, 0xbb, 0xbb, 0xbb, 0xbb, 0xbb, 0xbb, 0xbb, 0xbb, 0xbb,
    0x05, 0x00, 0xbb, 0xbb, 0xbb, 0xbb, 0xbb, 0xbb, 0xbb, 0xbb, 0xbb, 0xbb, 0xbb, 0xbb, 0xbb, 0xbb,
    0x05, 0x00, 0xbb, 0xbb, 0xbb, 0xbb, 0xbb, 0xbb, 0xcb, 0xcc, 0xcc, 0xcc, 0xcc, 0xcc, 0xcc, 0xcc,
    0x06, 0x00, 0x99, 0x99, 0xaa, 0xaa, 0xaa, 0xaa, 0xbb, 0xbb, 0xbb, 0xcb, 0xcc, 0xcc, 0xcc, 0xdd,
    0x07, 0x00, 0xba, 0xbb, 0xcc, 0xcc, 0xdd, 0xed, 0xee, 0xff, 0x0f, 0x00, 0x11, 0x11, 0x22, 0x32,
    0x06, 0x00, 0x11, 0x22, 0x22, 0x22, 0x32, 0x33, 0x33, 0x33, 0x44, 0x44, 0x44, 0x44, 0x55, 0x55,
    0x05, 0x00, 0x22, 0x22, 0x33, 0x33, 0x33, 0x33, 0x33, 0x33, 0x33, 0x33, 0x33, 0x33, 0x33, 0x33,
    0x05, 0x00, 0x43, 0x44, 0x44, 0x44, 0x44, 0x44, 0x44, 0x44, 0x44, 0x44, 0x44, 0x44, 0x44, 0x44,
    0x05, 0x00, 0x44, 0x44, 0x44, 0x44, 0x44, 0x44, 0x44, 0x33, 0x33, 0x33, 0x33, 0x33, 0x33, 0x33,
    0x06, 0x00, 0x66, 0x66, 0x66, 0x66, 0x66, 0x56, 0x55, 0x55, 0x55, 0x55, 0x44, 0x44, 0x44, 0x44,
    0x06, 0x00, 0x33, 0x33, 0x33, 0x23, 0x22, 0x22, 0x22, 0x12, 0x11, 0x11, 0x11, 0x00, 0x00, 0x00,
    0x06, 0x00, 0xff, 0xff, 0xff, 0xef, 0xee, 0xee, 0xee, 0xde, 0xdd, 0xdd, 0xdd, 0xcc, 0xcc, 0xcc,
    0x06, 0x00, 0xcc, 0xbb, 0xbb, 0xbb, 0xbb, 0xab, 0xaa, 0xaa, 0xaa, 0xaa, 0x9a, 0x99, 0x99, 0x99,
    0x05, 0x00, 0xcc, 0xcc, 0xcc, 0xcc, 0xcc, 0xcc, 0xcc, 0xcc, 0xcc, 0xcc, 0xcc, 0xcc, 0xcc, 0xcc,
    0x05, 0x00, 0xcc, 0xcc, 0xcc, 0xcc, 0xcc, 0xcc, 0xcc, 0xcc, 0xcc, 0xcc, 0xcc, 0xcc, 0xcc, 0xcc,
    0x05, 0x00, 0xcc, 0xcc, 0xcc, 0xcc, 0xcc, 0xcc, 0xcc, 0xcc, 0xdc, 0xdd, 0xdd, 0xdd, 0xdd, 0xdd,
    0x06, 0x00, 0xbb, 0xbb, 0xbb, 0xbb, 0xcc, 0xcc, 0xcc, 0xcc, 0xdc, 0xdd, 0xdd, 0xdd, 0xed, 0xee,
    0x07, 0x00, 0xdd, 0xdd, 0xee, 0xee, 0xff, 0xff, 0x00, 0x00, 0x11, 0x21, 0x22, 0x32, 0x33, 0x43,
    0x06, 0x00, 0x22, 0x22, 0x22, 0x32, 0x33, 0x33, 0x33, 0x33, 0x44, 0x44, 0x44, 0x44, 0x44, 0x55,
    0x06, 0x00, 0x55, 0x55, 0x55, 0x55, 0x55, 0x66, 0x66, 0x66, 0x66, 0x66, 0x66, 0x66, 0x66, 0x66,
    0x05, 0x00, 0x33, 0x33, 0x33, 0x33, 0x33, 0x33, 0x33, 0x33, 0x33, 0x33, 0x33, 0x33, 0x33, 0x33,
    0x05, 0x00, 0x33, 0x33, 0x33, 0x33, 0x33, 0x33, 0x33, 0x33, 0x33, 0x33, 0x33, 0x22, 0x22, 0x22,
    0x06, 0x00, 0x55, 0x55, 0x55, 0x44, 0x44, 0x44, 0x44, 0x44, 0x34, 0x33, 0x33, 0x33, 0x33, 0x22,
    0x07, 0x00, 0x55, 0x44, 0x44, 0x33, 0x33, 0x23, 0x22, 0x12, 0x11, 0x01, 0x00, 0xf0, 0xff, 0xef,
    0x06, 0x00, 0xff, 0xef, 0xee, 0xee, 0xee, 0xee, 0xdd, 0xdd, 0xdd, 0xdd, 0xcd, 0xcc, 0xcc, 0xcc,
    0x06, 0x00, 0xcc, 0xbc, 0xbb, 0xbb, 0xbb, 0xbb, 0xbb, 0xaa, 0xaa, 0xaa, 0xaa, 0xaa, 0xaa, 0xaa,
    0x06, 0x00, 0xaa, 0x99, 0x99, 0x99, 0x99, 0x99, 0x99, 0x99, 0x99, 0x99, 0x99, 0x99, 0x99, 0x99,
    0x06, 0x00, 0x99, 0x99, 0x99, 0x99, 0x99, 0x99, 0x99, 0x99, 0x99, 0x99, 0x99, 0x99, 0xa9, 0xaa,
    0x06, 0x00, 0xaa, 0xaa, 0xaa, 0xaa, 0xaa, 0xaa, 0xba, 0xbb, 0xbb, 0xbb, 0xbb, 0xbb, 0xcc, 0xcc,
    0x06, 0x00, 0xcc, 0xcc, 0xcc, 0xdc, 0xdd, 0xdd, 0xdd, 0xdd, 0xee, 0xee, 0xee, 0xee, 0xfe, 0xff,
    0x07, 0x00, 0xee, 0xff, 0xff, 0x00, 0x00, 0x10, 0x11, 0x21, 0x22, 0x22, 0x33, 0x33, 0x43, 0x44,
    0x06, 0x00, 0x22, 0x22, 0x22, 0x32, 0x33, 0x33, 0x33, 0x33, 0x33, 0x44, 0x44, 0x44, 0x44, 0x44,
    0x06, 0x00, 0x44, 0x44, 0x55, 0x55, 0x55, 0x55, 0x55, 0x55, 0x55, 0x55, 0x55, 0x55, 0x55, 0x65,
    0x06, 0x00, 0x66, 0x66, 0x66, 0x66, 0x66, 0x66, 0x66, 0x66, 0x66, 0x66, 0x66, 0x55, 0x55, 0x55,
    0x06, 0x00, 0x55, 0x55, 0x55, 0x55, 0x55, 0x55, 0x55, 0x55, 0x55, 0x44, 0x44, 0x44, 0x44, 0x44,
    0x06, 0x00, 0x44, 0x44, 0x33, 0x33, 0x33, 0x33, 0x33, 0x23, 0x22, 0x22, 0x22, 0x22, 0x22, 0x11,
    0x08, 0x00, 0x66, 0x56, 0x45, 0x44, 0x33, 0x22, 0x12, 0x01, 0x00, 0xff, 0xee, 0xdd, 0xcd, 0xbc,
    0x06, 0x00, 0xee, 0xee, 0xee, 0xee, 0xee, 0xdd, 0xdd, 0xdd, 0xdd, 0xdd, 0xcd, 0xcc, 0xcc, 0xcc,
    0x06, 0x00, 0xcc, 0xcc, 0xcc, 0xbb, 0xbb, 0xbb, 0xbb, 0xbb, 0xbb, 0xbb, 0xbb, 0xab, 0xaa, 0xaa,
    0x06, 0x00, 0xaa, 0xaa, 0xaa, 0xaa, 0xaa, 0xaa, 0xaa, 0xaa, 0xaa, 0xaa, 0xaa, 0xaa, 0xaa, 0xaa,
    0x06, 0x00, 0xaa, 0xaa, 0xaa, 0xaa, 0xaa, 0xaa, 0xaa, 0xaa, 0xaa, 0xaa, 0xba, 0xbb, 0xbb, 0xbb,
    0x06, 0x00, 0xbb, 0xbb, 0xbb, 0xbb, 0xbb, 0xcb, 0xcc, 0xcc, 0xcc, 0xcc, 0xcc, 0xcc, 0xdd, 0xdd,
    0x07, 0x00, 0xaa, 0xbb, 0xbb, 0xcb, 0xcc, 0xcc, 0xdc, 0xdd, 0xdd, 0xee, 0xee, 0xee, 0xff, 0xff,
    0x07, 0x00, 0x0f, 0x00, 0x00, 0x11, 0x11, 0x11, 0x22, 0x22, 0x32, 0x33, 0x33, 0x43, 0x44, 0x44,
    0x06, 0x00, 0x22, 0x22, 0x22, 0x32, 0x33, 0x33, 0x33, 0x33, 0x33, 0x33, 0x33, 0x44, 0x44, 0x44,
    0x06, 0x00, 0x44, 0x44, 0x44, 0x44, 0x44, 0x44, 0x44, 0x44, 0x44, 0x55, 0x55, 0x55, 0x55, 0x55,
    0x06, 0x00, 0x55, 0x55, 0x55, 0x55, 0x55, 0x55, 0x55, 0x55, 0x55, 0x55, 0x44, 0x44, 0x44, 0x44,
    0x06, 0x00, 0x44, 0x44, 0x44, 0x44, 0x44, 0x44, 0x44, 0x44, 0x33, 0x33, 0x33, 0x33, 0x33, 0x33,
    0x07, 0x00, 0x66, 0x66, 0x55, 0x55, 0x55, 0x44, 0x44, 0x44, 0x34, 0x33, 0x33, 0x23, 0x22, 0x22,
    0x08, 0x00, 0x34, 0x33, 0x22, 0x11, 0x01, 0x00, 0xff, 0xef, 0xee, 0xdd, 0xcd, 0xcc, 0xbb, 0xab,
    0x07, 0x00, 0xdd, 0xcc, 0xcc, 0xcc, 0xbb, 0xbb, 0xbb, 0xab, 0xaa, 0xaa, 0xaa, 0x99, 0x99, 0x99,
    0x06, 0x00, 0xcc, 0xcc, 0xcc, 0xcc, 0xcc, 0xcc, 0xbb, 0xbb, 0xbb, 0xbb, 0xbb, 0xbb, 0xbb, 0xbb,
    0x06, 0x00, 0xbb, 0xbb, 0xbb, 0xbb, 0xbb, 0xbb, 0xbb, 0xbb, 0xbb, 0xbb, 0xbb, 0xbb, 0xbb, 0xbb,
    0x06, 0x00, 0xbb, 0xbb, 0xbb, 0xbb, 0xbb, 0xbb, 0xbb, 0xbb, 0xbb, 0xbb, 0xcb, 0xcc, 0xcc, 0xcc,
    0x06, 0x00, 0xcc, 0xcc, 0xcc, 0xcc, 0xcc, 0xdc, 0xdd, 0xdd, 0xdd, 0xdd, 0xdd, 0xdd, 0xdd, 0xee,
    0x07, 0x00, 0xcc, 0xcc, 0xdd, 0xdd, 0xdd, 0xed, 0xee, 0xee, 0xfe, 0xff, 0xff, 0x0f, 0x00, 0x00,
    0x07, 0x00, 0x00, 0x11, 0x11, 0x11, 0x22, 0x22, 0x22, 0x32, 0x33, 0x33, 0x33, 0x44, 0x44, 0x44,
    0x06, 0x00, 0x22, 0x22, 0x22, 0x22, 0x32, 0x33, 0x33, 0x33, 0x33, 0x33, 0x33, 0x33, 0x33, 0x33,
    0x06, 0x00, 0x33, 0x33, 0x44, 0x44, 0x44, 0x44, 0x44, 0x44, 0x44, 0x44, 0x44, 0x44, 0x44, 0x44,
    0x06, 0x00, 0x44, 0x44, 0x44, 0x44, 0x44, 0x44, 0x44, 0x44, 0x44, 0x44, 0x44, 0x34, 0x33, 0x33,
    0x06, 0x00, 0x33, 0x33, 0x33, 0x33, 0x33, 0x33, 0x33, 0x33, 0x33, 0x22, 0x22, 0x22, 0x22, 0x22,
    0x07, 0x00, 0x44, 0x44, 0x44, 0x34, 0x33, 0x33, 0x33, 0x22, 0x22, 0x22, 0x12, 0x11, 0x11, 0x11,
    0x08, 0x00, 0x11, 0x01, 0x00, 0xf0, 0xff, 0xee, 0xee, 0xdd, 0xcd, 0xcc, 0xbc, 0xbb, 0xaa, 0xaa,
    0x07, 0x00, 0xcc, 0xcc, 0xcc, 0xcc, 0xbb, 0xbb, 0xbb, 0xbb, 0xaa, 0xaa, 0xaa, 0xaa, 0xaa, 0x99,
    0x06, 0x00, 0xcc, 0xcc, 0xcc, 0xcc, 0xcc, 0xcc, 0xcc, 0xcc, 0xcc, 0xcc, 0xcc, 0xcc, 0xcc, 0xcc,
    0x06, 0x00, 0xcc, 0xcc, 0xbc, 0xbb, 0xbb, 0xbb, 0xbb, 0xbb, 0xcb, 0xcc, 0xcc, 0xcc, 0xcc, 0xcc,
    0x06, 0x00, 0xcc, 0xcc, 0xcc, 0xcc, 0xcc, 0xcc, 0xcc, 0xcc, 0xcc, 0xcc, 0xcc, 0xcc, 0xdc, 0xdd,
    0x07, 0x00, 0xaa, 0xaa, 0xaa, 0xba, 0xbb, 0xbb, 0xbb, 0xcb, 0xcc, 0xcc, 0xcc, 0xdc, 0xdd, 0xdd,
    0x08, 0x00, 0xbb, 0xcb, 0xcc, 0xdc, 0xdd, 0xed, 0xee, 0xff, 0xff, 0x00, 0x00, 0x11, 0x21, 0x22,
    0x07, 0x00, 0x11, 0x11, 0x21, 0x22, 0x22, 0x22, 0x32, 0x33, 0x33, 0x33, 0x33, 0x44, 0x44, 0x44,
    0x07, 0x00, 0x44, 0x54, 0x55, 0x55, 0x55, 0x55, 0x55, 0x65, 0x66, 0x66, 0x66, 0x66, 0x66, 0x66,
    0x06, 0x00, 0x33, 0x33, 0x33, 0x33, 0x33, 0x33, 0x33, 0x33, 0x33, 0x33, 0x33, 0x33, 0x33, 0x33,
    0x06, 0x00, 0x33, 0x33, 0x33, 0x33, 0x33, 0x33, 0x33, 0x33, 0x33, 0x33, 0x33, 0x33, 0x33, 0x33,
    0x07, 0x00, 0x66, 0x55, 0x55, 0x55, 0x55, 0x55, 0x55, 0x44, 0x44, 0x44, 0x44, 0x44, 0x33, 0x33,
    0x08, 0x00, 0x66, 0x66, 0x56, 0x55, 0x45, 0x44, 0x34, 0x33, 0x23, 0x22, 0x12, 0x11, 0x01, 0x00,
    0x08, 0x00, 0xf0, 0xff, 0xef, 0xee, 0xde, 0xdd, 0xdd, 0xcc, 0xcc, 0xbb, 0xbb, 0xaa, 0xaa, 0x9a,
    0x07, 0x00, 0xcc, 0xcc, 0xcc, 0xcc, 0xbb, 0xbb, 0xbb, 0xbb, 0xbb, 0xab, 0xaa, 0xaa, 0xaa, 0xaa,
    0x07, 0x00, 0xaa, 0xaa, 0x9a, 0x99, 0x99, 0x99, 0x99, 0x99, 0x99, 0x99, 0x99, 0x99, 0x99, 0x99,
    0x07, 0x00, 0x99, 0x99, 0x99, 0x99, 0x99, 0x99, 0x99, 0x99, 0x99, 0x99, 0x99, 0x99, 0x99, 0x99,
    0x07, 0x00, 0x99, 0x99, 0x99, 0xaa, 0xaa, 0xaa, 0xaa, 0xaa, 0xaa, 0xaa, 0xbb, 0xbb, 0xbb, 0xbb,
    0x07, 0x00, 0xbb, 0xbb, 0xcc, 0xcc, 0xcc, 0xcc, 0xcc, 0xdd, 0xdd, 0xdd, 0xdd, 0xed, 0xee, 0xee,
    0x09, 0x00, 0xaa, 0xbb, 0xcc, 0xdd, 0xee, 0xff, 0x0f, 0x10, 0x21, 0x32, 0x43, 0x44, 0x55, 0x66,
    0x07, 0x00, 0x11, 0x21, 0x22, 0x22, 0x22, 0x22, 0x33, 0x33, 0x33, 0x33, 0x33, 0x43, 0x44, 0x44,
    0x07, 0x00, 0x44, 0x44, 0x44, 0x44, 0x55, 0x55, 0x55, 0x55, 0x55, 0x55, 0x55, 0x55, 0x55, 0x55,
    0x07, 0x00, 0x66, 0x66, 0x66, 0x66, 0x66, 0x66, 0x66, 0x66, 0x66, 0x66, 0x66, 0x66, 0x66, 0x66,
    0x07, 0x00, 0x66, 0x66, 0x56, 0x55, 0x55, 0x55, 0x55, 0x55, 0x55, 0x55, 0x55, 0x55, 0x55, 0x44,
    0x07, 0x00, 0x44, 0x44, 0x44, 0x44, 0x44, 0x34, 0x33, 0x33, 0x33, 0x33, 0x33, 0x22, 0x22, 0x22,
    0x08, 0x00, 0x44, 0x44, 0x34, 0x33, 0x33, 0x22, 0x22, 0x11, 0x11, 0x01, 0x00, 0x00, 0xff, 0xff,
    0x08, 0x00, 0xef, 0xee, 0xde, 0xdd, 0xdd, 0xcc, 0xcc, 0xbc, 0xbb, 0xbb, 0xab, 0xaa, 0xaa, 0x99,
    0x07, 0x00, 0xcc, 0xcc, 0xcc, 0xcc, 0xcc, 0xbc, 0xbb, 0xbb, 0xbb, 0xbb, 0xbb, 0xbb, 0xbb, 0xab,
    0x07, 0x00, 0xaa, 0xaa, 0xaa, 0xaa, 0xaa, 0xaa, 0xaa, 0xaa, 0xaa, 0xaa, 0xaa, 0xaa, 0xaa, 0xaa,
    0x07, 0x00, 0xaa, 0xaa, 0xaa, 0xaa, 0xaa, 0xaa, 0xaa, 0xaa, 0xaa, 0xaa, 0xaa, 0xaa, 0xaa, 0xaa,
    0x07, 0x00, 0xaa, 0xbb, 0xbb, 0xbb, 0xbb, 0xbb, 0xbb, 0xbb, 0xbb, 0xcc, 0xcc, 0xcc, 0xcc, 0xcc,
    0x08, 0x00, 0x99, 0xa9, 0xaa, 0xaa, 0xba, 0xbb, 0xbb, 0xcc, 0xcc, 0xcc, 0xdd, 0xdd, 0xed, 0xee,
    0x08, 0x00, 0xee, 0xff, 0xff, 0x0f, 0x00, 0x00, 0x11, 0x11, 0x11, 0x22, 0x22, 0x32, 0x33, 0x33,
    0x07, 0x00, 0x21, 0x22, 0x22, 0x22, 0x22, 0x22, 0x32, 0x33, 0x33, 0x33, 0x33, 0x33, 0x33, 0x43,
    0x07, 0x00, 0x44, 0x44, 0x44, 0x44, 0x44, 0x44, 0x44, 0x44, 0x44, 0x44, 0x55, 0x55, 0x55, 0x55,
    0x07, 0x00, 0x55, 0x55, 0x55, 0x55, 0x55, 0x55, 0x55, 0x55, 0x55, 0x55, 0x55, 0x55, 0x55, 0x55,
    0x07, 0x00, 0x55, 0x44, 0x44, 0x44, 0x44, 0x44, 0x44, 0x44, 0x44, 0x44, 0x44, 0x44, 0x33, 0x33,
    0x07, 0x00, 0x33, 0x33, 0x33, 0x33, 0x33, 0x23, 0x22, 0x22, 0x22, 0x22, 0x22, 0x22, 0x11, 0x11,
    0x09, 0x00, 0x56, 0x55, 0x44, 0x34, 0x33, 0x22, 0x12, 0x11, 0x00, 0xff, 0xef, 0xee, 0xdd, 0xcd,
    0x08, 0x00, 0xee, 0xdd, 0xdd, 0xdd, 0xcc, 0xcc, 0xcc, 0xbb, 0xbb, 0xbb, 0xaa, 0xaa, 0xaa, 0x9a,
    0x07, 0x00, 0xcc, 0xcc, 0xcc, 0xcc, 0xcc, 0xcc, 0xcc, 0xcc, 0xbb, 0xbb, 0xbb, 0xbb, 0xbb, 0xbb,
    0x07, 0x00, 0xbb, 0xbb, 0xbb, 0xbb, 0xbb, 0xbb, 0xbb, 0xbb, 0xbb, 0xbb, 0xbb, 0xbb, 0xbb, 0xbb,
    0x07, 0x00, 0xbb, 0xbb, 0xbb, 0xbb, 0xbb, 0xbb, 0xbb, 0xbb, 0xbb, 0xbb, 0xbb, 0xbb, 0xbb, 0xbb,
    0x07, 0x00, 0xcb, 0xcc, 0xcc, 0xcc, 0xcc, 0xcc, 0xcc, 0xcc, 0xcc, 0xdc, 0xdd, 0xdd, 0xdd, 0xdd,
    0x08, 0x00, 0xbb, 0xbb, 0xcb, 0xcc, 0xcc, 0xdc, 0xdd, 0xdd, 0xed, 0xee, 0xee, 0xee, 0xff, 0xff,
    0x08, 0x00, 0xff, 0x00, 0x00, 0x00, 0x11, 0x11, 0x11, 0x22, 0x22, 0x22, 0x32, 0x33, 0x33, 0x43,
    0x07, 0x00, 0x22, 0x22, 0x22, 0x22, 0x22, 0x22, 0x22, 0x33, 0x33, 0x33, 0x33, 0x33, 0x33, 0x33,
    0x07, 0x00, 0x33, 0x33, 0x33, 0x43, 0x44, 0x44, 0x44, 0x44, 0x44, 0x44, 0x44, 0x44, 0x44, 0x44,
    0x07, 0x00, 0x44, 0x44, 0x44, 0x44, 0x44, 0x44, 0x44, 0x44, 0x44, 0x44, 0x44, 0x44, 0x44, 0x44,
    0x07, 0x00, 0x44, 0x44, 0x34, 0x33, 0x33, 0x33, 0x33, 0x33, 0x33, 0x33, 0x33, 0x33, 0x33, 0x22,
    0x08, 0x00, 0x55, 0x55, 0x55, 0x44, 0x44, 0x44, 0x44, 0x33, 0x33, 0x33, 0x23, 0x22, 0x22, 0x22,
    0x09, 0x00, 0x33, 0x23, 0x22, 0x11, 0x11, 0x00, 0xf0, 0xff, 0xee, 0xee, 0xdd, 0xcd, 0xcc, 0xbc,
    0x08, 0x00, 0xdd, 0xdd, 0xdd, 0xcc, 0xcc, 0xcc, 0xbc, 0xbb, 0xbb, 0xbb, 0xab, 0xaa, 0xaa, 0xaa,
    0x07, 0x00, 0xdd, 0xcc, 0xcc, 0xcc, 0xcc, 0xcc, 0xcc, 0xcc, 0xcc, 0xcc, 0xcc, 0xcc, 0xcc, 0xcc,
    0x07, 0x00, 0xcc, 0xbc, 0xbb, 0xbb, 0xbb, 0xbb, 0xbb, 0xbb, 0xbb, 0xbb, 0xbb, 0xbb, 0xbb, 0xbb,
    0x07, 0x00, 0xbb, 0xcb, 0xcc, 0xcc, 0xcc, 0xcc, 0xcc, 0xcc, 0xcc, 0xcc, 0xcc, 0xcc, 0xcc, 0xcc,
    0x08, 0x00, 0x99, 0x99, 0xaa, 0xaa, 0xaa, 0xaa, 0xaa, 0xbb, 0xbb, 0xbb, 0xbb, 0xcc, 0xcc, 0xcc,
    0x09, 0x00, 0x99, 0xaa, 0xaa, 0xbb, 0xbb, 0xcc, 0xdc, 0xdd, 0xed, 0xee, 0xfe, 0xff, 0x00, 0x00,
    0x08, 0x00, 0x00, 0x00, 0x11, 0x11, 0x11, 0x21, 0x22, 0x22, 0x22, 0x32, 0x33, 0x33, 0x33, 0x43,
    0x08, 0x00, 0x44, 0x44, 0x44, 0x44, 0x55, 0x55, 0x55, 0x55, 0x55, 0x65, 0x66, 0x66, 0x66, 0x66,
    0x07, 0x00, 0x33, 0x33, 0x33, 0x33, 0x33, 0x33, 0x33, 0x33, 0x33, 0x33, 0x33, 0x33, 0x33, 0x33,
    0x07, 0x00, 0x33, 0x33, 0x33, 0x33, 0x33, 0x33, 0x33, 0x33, 0x33, 0x33, 0x33, 0x33, 0x33, 0x33,
    0x08, 0x00, 0x66, 0x66, 0x66, 0x66, 0x66, 0x55, 0x55, 0x55, 0x55, 0x55, 0x45, 0x44, 0x44, 0x44,
    0x08, 0x00, 0x44, 0x34, 0x33, 0x33, 0x33, 0x33, 0x22, 0x22, 0x22, 0x22, 0x11, 0x11, 0x11, 0x11,
    0x09, 0x00, 0x11, 0x11, 0x00, 0x00, 0xff, 0xff, 0xee, 0xde, 0xdd, 0xdd, 0xcc, 0xcc, 0xbb, 0xbb,
    0x08, 0x00, 0xdd, 0xdd, 0xcc, 0xcc, 0xcc, 0xcc, 0xbc, 0xbb, 0xbb, 0xbb, 0xbb, 0xbb, 0xaa, 0xaa,
    0x08, 0x00, 0xaa, 0xaa, 0xaa, 0xaa, 0x9a, 0x99, 0x99, 0x99, 0x99, 0x99, 0x99, 0x99, 0x99, 0x99,
    0x08, 0x00, 0x99, 0x99, 0x99, 0x99, 0x99, 0x99, 0x99, 0x99, 0x99, 0x99, 0x99, 0x99, 0x99, 0x99,
    0x08, 0x00, 0x99, 0x99, 0x99, 0x99, 0x99, 0x99, 0x99, 0xaa, 0xaa, 0xaa, 0xaa, 0xaa, 0xaa, 0xaa,
    0x08, 0x00, 0xbb, 0xbb, 0xbb, 0xbb, 0xbb, 0xcb, 0xcc, 0xcc, 0xcc, 0xcc, 0xdc, 0xdd, 0xdd, 0xdd,
    0x09, 0x00, 0xbb, 0xcc, 0xcc, 0xdd, 0xdd, 0xee, 0xee, 0xfe, 0xff, 0x0f, 0x00, 0x10, 0x11, 0x21,
    0x08, 0x00, 0x11, 0x11, 0x11, 0x11, 0x22, 0x22, 0x22, 0x22, 0x22, 0x33, 0x33, 0x33, 0x33, 0x33,
    0x08, 0x00, 0x44, 0x44, 0x44, 0x44, 0x44, 0x44, 0x54, 0x55, 0x55, 0x55, 0x55, 0x55, 0x55, 0x55,
    0x08, 0x00, 0x55, 0x65, 0x66, 0x66, 0x66, 0x66, 0x66, 0x66, 0x66, 0x66, 0x66, 0x66, 0x66, 0x66,
    0x08, 0x00, 0x66, 0x66, 0x66, 0x66, 0x66, 0x66, 0x66, 0x66, 0x55, 0x55, 0x55, 0x55, 0x55, 0x55,
    0x08, 0x00, 0x55, 0x55, 0x55, 0x44, 0x44, 0x44, 0x44, 0x44, 0x44, 0x34, 0x33, 0x33, 0x33, 0x33,
    0x09, 0x00, 0x56, 0x55, 0x55, 0x44, 0x44, 0x34, 0x33, 0x33, 0x22, 0x22, 0x12, 0x11, 0x01, 0x00,
    0x09, 0x00, 0x00, 0xff, 0xff, 0xef, 0xee, 0xee, 0xdd, 0xdd, 0xcc, 0xcc, 0xbc, 0xbb, 0xbb, 0xaa,
    0x08, 0x00, 0xdd, 0xdd, 0xcc, 0xcc, 0xcc, 0xcc, 0xcc, 0xcc, 0xbb, 0xbb, 0xbb, 0xbb, 0xbb, 0xbb,
    0x08, 0x00, 0xbb, 0xab, 0xaa, 0xaa, 0xaa, 0xaa, 0xaa, 0xaa, 0xaa, 0xaa, 0xaa, 0xaa, 0xaa, 0xaa,
    0x08, 0x00, 0xaa, 0xaa, 0xaa, 0xaa, 0xaa, 0xaa, 0xaa, 0xaa, 0xaa, 0xaa, 0xaa, 0xaa, 0xaa, 0xaa,
    0x08, 0x00, 0xaa, 0xaa, 0xaa, 0xaa, 0xaa, 0xbb, 0xbb, 0xbb, 0xbb, 0xbb, 0xbb, 0xbb, 0xbb, 0xcc,
    0x08, 0x00, 0xcc, 0xcc, 0xcc, 0xcc, 0xcc, 0xdd, 0xdd, 0xdd, 0xdd, 0xdd, 0xed, 0xee, 0xee, 0xee,
    0x0a, 0x00, 0xba, 0xcb, 0xcc, 0xdd, 0xee, 0xfe, 0x0f, 0x00, 0x11, 0x22, 0x32, 0x33, 0x44, 0x55,
    0x08, 0x00, 0x11, 0x11, 0x11, 0x22, 0x22, 0x22, 0x22, 0x22, 0x22, 0x33, 0x33, 0x33, 0x33, 0x33,
    0x08, 0x00, 0x33, 0x33, 0x44, 0x44, 0x44, 0x44, 0x44, 0x44, 0x44, 0x44, 0x44, 0x54, 0x55, 0x55,
    0x08, 0x00, 0x55, 0x55, 0x55, 0x55, 0x55, 0x55, 0x55, 0x55, 0x55, 0x55, 0x55, 0x55, 0x55, 0x55,
    0x08, 0x00, 0x55, 0x55, 0x55, 0x55, 0x55, 0x55, 0x44, 0x44, 0x44, 0x44, 0x44, 0x44, 0x44, 0x44,
    0x08, 0x00, 0x44, 0x44, 0x33, 0x33, 0x33, 0x33, 0x33, 0x33, 0x33, 0x22, 0x22, 0x22, 0x22, 0x22,
    0x09, 0x00, 0x44, 0x33, 0x33, 0x33, 0x22, 0x22, 0x22, 0x11, 0x11, 0x01, 0x00, 0x00, 0xf0, 0xff,
    0x09, 0x00, 0xff, 0xee, 0xee, 0xee, 0xdd, 0xdd, 0xdd, 0xcc, 0xcc, 0xcc, 0xbb, 0xbb, 0xbb, 0xaa,
    0x08, 0x00, 0xdd, 0xdd, 0xcd, 0xcc, 0xcc, 0xcc, 0xcc, 0xcc, 0xcc, 0xcc, 0xbc, 0xbb, 0xbb, 0xbb,
    0x08, 0x00, 0xbb, 0xbb, 0xbb, 0xbb, 0xbb, 0xbb, 0xbb, 0xbb, 0xbb, 0xbb, 0xbb, 0xbb, 0xbb, 0xbb,
    0x08, 0x00, 0xbb, 0xbb, 0xbb, 0xbb, 0xbb, 0xbb, 0xbb, 0xbb, 0xbb, 0xbb, 0xbb, 0xbb, 0xbb, 0xbb,
    0x08, 0x00, 0xbb, 0xbb, 0xbb, 0xbb, 0xcb, 0xcc, 0xcc, 0xcc, 0xcc, 0xcc, 0xcc, 0xcc, 0xcc, 0xdd,
    0x09, 0x00, 0xaa, 0xaa, 0xba, 0xbb, 0xbb, 0xbb, 0xcc, 0xcc, 0xcc, 0xdd, 0xdd, 0xdd, 0xee, 0xee,
    0x0a, 0x00, 0xdd, 0xee, 0xfe, 0xff, 0x00, 0x10, 0x11, 0x22, 0x32, 0x33, 0x44, 0x54, 0x55, 0x66,
    0x09, 0x00, 0x33, 0x33, 0x43, 0x44, 0x44, 0x44, 0x55, 0x55, 0x55, 0x55, 0x66, 0x66, 0x66, 0x66,
    0x08, 0x00, 0x33, 0x33, 0x33, 0x33, 0x33, 0x43, 0x44, 0x44, 0x44, 0x44, 0x44, 0x44, 0x44, 0x44,
    0x08, 0x00, 0x44, 0x44, 0x44, 0x44, 0x44, 0x44, 0x44, 0x44, 0x44, 0x44, 0x44, 0x44, 0x44, 0x44,
    0x08, 0x00, 0x44, 0x44, 0x44, 0x44, 0x44, 0x44, 0x34, 0x33, 0x33, 0x33, 0x33, 0x33, 0x33, 0x33,
    0x09, 0x00, 0x66, 0x66, 0x56, 0x55, 0x55, 0x55, 0x45, 0x44, 0x44, 0x44, 0x34, 0x33, 0x33, 0x33,
    0x0a, 0x00, 0x55, 0x45, 0x44, 0x33, 0x33, 0x22, 0x12, 0x11, 0x00, 0xf0, 0xff, 0xef, 0xee, 0xdd,
    0x09, 0x00, 0xee, 0xee, 0xdd, 0xdd, 0xdd, 0xcd, 0xcc, 0xcc, 0xcc, 0xbc, 0xbb, 0xbb, 0xbb, 0xaa,
    0x08, 0x00, 0xdd, 0xdd, 0xdd, 0xcd, 0xcc, 0xcc, 0xcc, 0xcc, 0xcc, 0xcc, 0xcc, 0xcc, 0xcc, 0xcc,
    0x08, 0x00, 0xcc, 0xcc, 0xbc, 0xbb, 0xbb, 0xbb, 0xbb, 0xbb, 0xbb, 0xbb, 0xbb, 0xbb, 0xbb, 0xbb,
    0x08, 0x00, 0xbb, 0xbb, 0xbb, 0xbb, 0xbb, 0xbb, 0xbb, 0xcc, 0xcc, 0xcc, 0xcc, 0xcc, 0xcc, 0xcc,
    0x08, 0x00, 0xcc, 0xcc, 0xcc, 0xcc, 0xcc, 0xcc, 0xdd, 0xdd, 0xdd, 0xdd, 0xdd, 0xdd, 0xdd, 0xdd,
    0x09, 0x00, 0xcb, 0xcc, 0xcc, 0xcc, 0xdc, 0xdd, 0xdd, 0xdd, 0xee, 0xee, 0xee, 0xfe, 0xff, 0xff,
    0x0a, 0x00, 0xff, 0x0f, 0x00, 0x11, 0x11, 0x22, 0x32, 0x33, 0x43, 0x44, 0x54, 0x55, 0x66, 0x66,
    0x09, 0x00, 0x33, 0x33, 0x43, 0x44, 0x44, 0x44, 0x54, 0x55, 0x55, 0x55, 0x55, 0x55, 0x66, 0x66,
    0x08, 0x00, 0x33, 0x33, 0x33, 0x33, 0x33, 0x33, 0x33, 0x33, 0x33, 0x33, 0x33, 0x33, 0x33, 0x33,
    0x08, 0x00, 0x33, 0x33, 0x33, 0x33, 0x33, 0x33, 0x33, 0x33, 0x33, 0x33, 0x33, 0x33, 0x33, 0x33,
    0x08, 0x00, 0x33, 0x33, 0x33, 0x33, 0x33, 0x33, 0x33, 0x33, 0x33, 0x22, 0x22, 0x22, 0x22, 0x22,
    0x09, 0x00, 0x45, 0x44, 0x44, 0x44, 0x44, 0x33, 0x33, 0x33, 0x33, 0x22, 0x22, 0x22, 0x22, 0x11,
    0x0a, 0x00, 0x33, 0x22, 0x22, 0x11, 0x11, 0x00, 0x00, 0xff, 0xff, 0xee, 0xee, 0xdd, 0xcd, 0xcc,
    0x09, 0x00, 0xde, 0xdd, 0xdd, 0xdd, 0xdd, 0xcc, 0xcc, 0xcc, 0xcc, 0xbc, 0xbb, 0xbb, 0xbb, 0xbb,
    0x09, 0x00, 0xab, 0xaa, 0xaa, 0xaa, 0xaa, 0xaa, 0xaa, 0x99, 0x99, 0x99, 0x99, 0x99, 0x99, 0x99,
    0x08, 0x00, 0xcc, 0xcc, 0xcc, 0xcc, 0xcc, 0xcc, 0xcc, 0xcc, 0xcc, 0xcc, 0xcc, 0xcc, 0xcc, 0xcc,
    0x08, 0x00, 0xcc, 0xcc, 0xcc, 0xcc, 0xcc, 0xcc, 0xcc, 0xcc, 0xcc, 0xcc, 0xcc, 0xdc, 0xdd, 0xdd,
    0x09, 0x00, 0xaa, 0xaa, 0xaa, 0xaa, 0xbb, 0xbb, 0xbb, 0xbb, 0xbb, 0xcc, 0xcc, 0xcc, 0xcc, 0xdc,
    0x0a, 0x00, 0xaa, 0xaa, 0xbb, 0xbb, 0xcc, 0xcc, 0xdc, 0xdd, 0xed, 0xee, 0xfe, 0xff, 0x0f, 0x00,
    0x0a, 0x00, 0x10, 0x11, 0x21, 0x22, 0x22, 0x33, 0x33, 0x44, 0x44, 0x54, 0x55, 0x65, 0x66, 0x66,
    0x09, 0x00, 0x33, 0x33, 0x43, 0x44, 0x44, 0x44, 0x44, 0x44, 0x54, 0x55, 0x55, 0x55, 0x55, 0x55,
    0x09, 0x00, 0x55, 0x55, 0x55, 0x66, 0x66, 0x66, 0x66, 0x66, 0x66, 0x66, 0x66, 0x66, 0x66, 0x66,
    0x09, 0x00, 0x66, 0x66, 0x66, 0x66, 0x66, 0x66, 0x66, 0x66, 0x66, 0x66, 0x66, 0x66, 0x56, 0x55,
    0x09, 0x00, 0x55, 0x55, 0x55, 0x55, 0x55, 0x55, 0x55, 0x44, 0x44, 0x44, 0x44, 0x44, 0x44, 0x33,
    0x09, 0x00, 0x33, 0x33, 0x33, 0x33, 0x22, 0x22, 0x22, 0x22, 0x22, 0x11, 0x11, 0x11, 0x11, 0x01,
    0x0a, 0x00, 0x11, 0x11, 0x00, 0x00, 0xff, 0xff, 0xef, 0xee, 0xee, 0xdd, 0xdd, 0xcc, 0xcc, 0xbc,
    0x09, 0x00, 0xdd, 0xdd, 0xdd, 0xdd, 0xcd, 0xcc, 0xcc, 0xcc, 0xcc, 0xcc, 0xbc, 0xbb, 0xbb, 0xbb,
    0x09, 0x00, 0xbb, 0xbb, 0xbb, 0xab, 0xaa, 0xaa, 0xaa, 0xaa, 0xaa, 0xaa, 0xaa, 0xaa, 0xaa, 0xaa,
    0x09, 0x00, 0xaa, 0xaa, 0xaa, 0x9a, 0x99, 0x99, 0x99, 0x99, 0x99, 0xaa, 0xaa, 0xaa, 0xaa, 0xaa,
    0x09, 0x00, 0xaa, 0xaa, 0xaa, 0xaa, 0xaa, 0xaa, 0xaa, 0xaa, 0xaa, 0xba, 0xbb, 0xbb, 0xbb, 0xbb,
    0x09, 0x00, 0xbb, 0xbb, 0xcb, 0xcc, 0xcc, 0xcc, 0xcc, 0xcc, 0xdc, 0xdd, 0xdd, 0xdd, 0xdd, 0xdd,
    0x0a, 0x00, 0xcc, 0xcc, 0xdc, 0xdd, 0xdd, 0xee, 0xee, 0xfe, 0xff, 0xff, 0x00, 0x00, 0x10, 0x11,
    0x0a, 0x00, 0x11, 0x22, 0x22, 0x32, 0x33, 0x33, 0x44, 0x44, 0x54, 0x55, 0x55, 0x65, 0x66, 0x66,
    0x09, 0x00, 0x33, 0x33, 0x33, 0x33, 0x44, 0x44, 0x44, 0x44, 0x44, 0x44, 0x44, 0x44, 0x44, 0x55,
    0x09, 0x00, 0x55, 0x55, 0x55, 0x55, 0x55, 0x55, 0x55, 0x55, 0x55, 0x55, 0x55, 0x55, 0x55, 0x55,
    0x09, 0x00, 0x55, 0x55, 0x55, 0x55, 0x55, 0x55, 0x55, 0x55, 0x55, 0x55, 0x55, 0x44, 0x44, 0x44,
    0x09, 0x00, 0x44, 0x44, 0x44, 0x44, 0x44, 0x44, 0x33, 0x33, 0x33, 0x33, 0x33, 0x33, 0x23, 0x22,
    0x0a, 0x00, 0x55, 0x45, 0x44, 0x44, 0x34, 0x33, 0x33, 0x23, 0x22, 0x22, 0x11, 0x11, 0x11, 0x00,
    0x0a, 0x00, 0x00, 0xf0, 0xff, 0xff, 0xee, 0xee, 0xee, 0xdd, 0xdd, 0xcd, 0xcc, 0xcc, 0xbc, 0xbb,
    0x09, 0x00, 0xdd, 0xdd, 0xdd, 0xdd, 0xdd, 0xcc, 0xcc, 0xcc, 0xcc, 0xcc, 0xcc, 0xcc, 0xbc, 0xbb,
    0x09, 0x00, 0xbb, 0xbb, 0xbb, 0xbb, 0xbb, 0xbb, 0xbb, 0xbb, 0xbb, 0xbb, 0xbb, 0xbb, 0xaa, 0xaa,
    0x09, 0x00, 0xaa, 0xaa, 0xaa, 0xaa, 0xaa, 0xaa, 0xaa, 0xaa, 0xaa, 0xbb, 0xbb, 0xbb, 0xbb, 0xbb,
    0x09, 0x00, 0xbb, 0xbb, 0xbb, 0xbb, 0xbb, 0xbb, 0xbb, 0xbb, 0xcb, 0xcc, 0xcc, 0xcc, 0xcc, 0xcc,
    0x0a, 0x00, 0x99, 0x99, 0xa9, 0xaa, 0xaa, 0xaa, 0xbb, 0xbb, 0xbb, 0xcc, 0xcc, 0xcc, 0xdc, 0xdd,
    0x0b, 0x00, 0xbb, 0xcb, 0xdc, 0xdd, 0xee, 0xfe, 0xff, 0x00, 0x10, 0x11, 0x22, 0x32, 0x33, 0x44,
    0x0a, 0x00, 0x22, 0x22, 0x33, 0x33, 0x33, 0x43, 0x44, 0x44, 0x54, 0x55, 0x55, 0x55, 0x65, 0x66,
    0x09, 0x00, 0x33, 0x33, 0x33, 0x33, 0x33, 0x33, 0x33, 0x43, 0x44, 0x44, 0x44, 0x44, 0x44, 0x44,
    0x09, 0x00, 0x44, 0x44, 0x44, 0x44, 0x44, 0x44, 0x44, 0x44, 0x44, 0x44, 0x44, 0x44, 0x44, 0x44,
    0x09, 0x00, 0x44, 0x44, 0x44, 0x44, 0x44, 0x44, 0x44, 0x44, 0x44, 0x44, 0x44, 0x33, 0x33, 0x33,
    0x09, 0x00, 0x33, 0x33, 0x33, 0x33, 0x33, 0x33, 0x23, 0x22, 0x22, 0x22, 0x22, 0x22, 0x22, 0x22,
    0x0a, 0x00, 0x33, 0x33, 0x33, 0x22, 0x22, 0x22, 0x12, 0x11, 0x11, 0x01, 0x00, 0x00, 0x00, 0xff,
    0x0a, 0x00, 0xff, 0xff, 0xee, 0xee, 0xee, 0xdd, 0xdd, 0xdd, 0xcd, 0xcc, 0xcc, 0xcc, 0xbb, 0xbb,
    0x09, 0x00, 0xdd, 0xdd, 0xdd, 0xdd, 0xdd, 0xdd, 0xcc, 0xcc, 0xcc, 0xcc, 0xcc, 0xcc, 0xcc, 0xcc,
    0x09, 0x00, 0xcc, 0xcc, 0xcc, 0xcc, 0xbb, 0xbb, 0xbb, 0xbb, 0xbb, 0xbb, 0xbb, 0xbb, 0xbb, 0xbb,
    0x09, 0x00, 0xbb, 0xbb, 0xbb, 0xbb, 0xbb, 0xbb, 0xbb, 0xbb, 0xbb, 0xbb, 0xbb, 0xbb, 0xcc, 0xcc,
    0x09, 0x00, 0xcc, 0xcc, 0xcc, 0xcc, 0xcc, 0xcc, 0xcc, 0xcc, 0xcc, 0xcc, 0xdd, 0xdd, 0xdd, 0xdd,
    0x0a, 0x00, 0xbb, 0xbb, 0xbb, 0xbb, 0xcc, 0xcc, 0xcc, 0xcc, 0xdd, 0xdd, 0xdd, 0xed, 0xee, 0xee,
    0x0b, 0x00, 0xdd, 0xee, 0xfe, 0xff, 0x0f, 0x00, 0x11, 0x11, 0x22, 0x32, 0x33, 0x43, 0x44, 0x55,
    0x0a, 0x00, 0x22, 0x33, 0x33, 0x33, 0x33, 0x44, 0x44, 0x44, 0x44, 0x54, 0x55, 0x55, 0x55, 0x55,
    0x09, 0x00, 0x33, 0x33, 0x33, 0x33, 0x33, 0x33, 0x33, 0x33, 0x33, 0x33, 0x33, 0x33, 0x33, 0x33,
    0x09, 0x00, 0x33, 0x33, 0x33, 0x33, 0x33, 0x33, 0x33, 0x33, 0x33, 0x33, 0x33, 0x33, 0x33, 0x33,
    0x09, 0x00, 0x33, 0x33, 0x33, 0x33, 0x33, 0x33, 0x33, 0x33, 0x33, 0x33, 0x33, 0x33, 0x33, 0x22,
    0x0a, 0x00, 0x55, 0x55, 0x55, 0x55, 0x44, 0x44, 0x44, 0x44, 0x34, 0x33, 0x33, 0x33, 0x23, 0x22,
    0x0b, 0x00, 0x45, 0x44, 0x34, 0x33, 0x23, 0x22, 0x12, 0x11, 0x00, 0x00, 0xff, 0xff, 0xee, 0xee,
    0x0a, 0x00, 0xee, 0xee, 0xee, 0xde, 0xdd, 0xdd, 0xdd, 0xcd, 0xcc, 0xcc, 0xcc, 0xcc, 0xbb, 0xbb,
    0x0a, 0x00, 0xbb, 0xbb, 0xbb, 0xaa, 0xaa, 0xaa, 0xaa, 0xaa, 0xaa, 0x99, 0x99, 0x99, 0x99, 0x99,
    0x09, 0x00, 0xcc, 0xcc, 0xcc, 0xcc, 0xcc, 0xcc, 0xcc, 0xcc, 0xcc, 0xcc, 0xcc, 0xcc, 0xcc, 0xcc,
    0x09, 0x00, 0xcc, 0xcc, 0xcc, 0xcc, 0xcc, 0xcc, 0xcc, 0xcc, 0xcc, 0xcc, 0xcc, 0xcc, 0xcc, 0xcc,
    0x0a, 0x00, 0x99, 0xa9, 0xaa, 0xaa, 0xaa, 0xaa, 0xaa, 0xba, 0xbb, 0xbb, 0xbb, 0xbb, 0xcb, 0xcc,
    0x0a, 0x00, 0xcc, 0xcc, 0xcc, 0xdd, 0xdd, 0xdd, 0xdd, 0xed, 0xee, 0xee, 0xee, 0xfe, 0xff, 0xff,
    0x0b, 0x00, 0xff, 0x0f, 0x00, 0x10, 0x11, 0x11, 0x22, 0x22, 0x33, 0x33, 0x44, 0x44, 0x55, 0x55,
    0x0a, 0x00, 0x32, 0x33, 0x33, 0x33, 0x33, 0x43, 0x44, 0x44, 0x44, 0x44, 0x44, 0x55, 0x55, 0x55,
    0x0a, 0x00, 0x55, 0x55, 0x55, 0x55, 0x65, 0x66, 0x66, 0x66, 0x66, 0x66, 0x66, 0x66, 0x66, 0x66,
    0x0a, 0x00, 0x66, 0x66, 0x66, 0x66, 0x66, 0x66, 0x66, 0x66, 0x66, 0x66, 0x66, 0x66, 0x66, 0x66,
    0x0a, 0x00, 0x66, 0x66, 0x66, 0x55, 0x55, 0x55, 0x55, 0x55, 0x55, 0x55, 0x55, 0x44, 0x44, 0x44,
    0x0a, 0x00, 0x44, 0x44, 0x34, 0x33, 0x33, 0x33, 0x33, 0x23, 0x22, 0x22, 0x22, 0x22, 0x12, 0x11,
    0x0c, 0x00, 0x56, 0x55, 0x44, 0x33, 0x22, 0x11, 0x00, 0xf0, 0xef, 0xde, 0xcd, 0xcc, 0xbb, 0xaa,
    0x0a, 0x00, 0xee, 0xee, 0xde, 0xdd, 0xdd, 0xdd, 0xdd, 0xcd, 0xcc, 0xcc, 0xcc, 0xcc, 0xcc, 0xbb,
    0x0a, 0x00, 0xbb, 0xbb, 0xbb, 0xbb, 0xbb, 0xab, 0xaa, 0xaa, 0xaa, 0xaa, 0xaa, 0xaa, 0xaa, 0xaa,
    0x0a, 0x00, 0xaa, 0xaa, 0x9a, 0x99, 0x99, 0x99, 0x99, 0x99, 0x99, 0x99, 0x99, 0x99, 0x99, 0x99,
    0x0a, 0x00, 0x99, 0x99, 0xaa, 0xaa, 0xaa, 0xaa, 0xaa, 0xaa, 0xaa, 0xaa, 0xaa, 0xaa, 0xaa, 0xba,
    0x0a, 0x00, 0xbb, 0xbb, 0xbb, 0xbb, 0xbb, 0xbb, 0xcb, 0xcc, 0xcc, 0xcc, 0xcc, 0xcc, 0xdd, 0xdd,
    0x0b, 0x00, 0xba, 0xbb, 0xbb, 0xcc, 0xcc, 0xdc, 0xdd, 0xdd, 0xee, 0xee, 0xfe, 0xff, 0xff, 0x00,
    0x0b, 0x00, 0x00, 0x10, 0x11, 0x11, 0x22, 0x22, 0x32, 0x33, 0x33, 0x44, 0x44, 0x54, 0x55, 0x55,
    0x0a, 0x00, 0x32, 0x33, 0x33, 0x33, 0x33, 0x33, 0x43, 0x44, 0x44, 0x44, 0x44, 0x44, 0x44, 0x44,
    0x0a, 0x00, 0x44, 0x55, 0x55, 0x55, 0x55, 0x55, 0x55, 0x55, 0x55, 0x55, 0x55, 0x55, 0x55, 0x55,
    0x0a, 0x00, 0x55, 0x55, 0x55, 0x55, 0x55, 0x55, 0x55, 0x55, 0x55, 0x55, 0x55, 0x55, 0x55, 0x55,
    0x0a, 0x00, 0x55, 0x44, 0x44, 0x44, 0x44, 0x44, 0x44, 0x44, 0x44, 0x34, 0x33, 0x33, 0x33, 0x33,
    0x0b, 0x00, 0x66, 0x66, 0x56, 0x55, 0x55, 0x44, 0x44, 0x44, 0x33, 0x33, 0x23, 0x22, 0x22, 0x12,
    0x0c, 0x00, 0x23, 0x22, 0x11, 0x01, 0xf0, 0xff, 0xee, 0xdd, 0xcd, 0xcc, 0xbb, 0xab, 0x9a, 0x99,
    0x0a, 0x00, 0xee, 0xde, 0xdd, 0xdd, 0xdd, 0xdd, 0xdd, 0xcd, 0xcc, 0xcc, 0xcc, 0xcc, 0xcc, 0xcc,
    0x0a, 0x00, 0xcc, 0xbb, 0xbb, 0xbb, 0xbb, 0xbb, 0xbb, 0xbb, 0xbb, 0xbb, 0xbb, 0xbb, 0xab, 0xaa,
    0x0a, 0x00, 0xaa, 0xaa, 0xaa, 0xaa, 0xaa, 0xaa, 0xaa, 0xaa, 0xaa, 0xaa, 0xaa, 0xaa, 0xaa, 0xaa,
    0x0a, 0x00, 0xaa, 0xbb, 0xbb, 0xbb, 0xbb, 0xbb, 0xbb, 0xbb, 0xbb, 0xbb, 0xbb, 0xbb, 0xcb, 0xcc,
    0x0a, 0x00, 0xcc, 0xcc, 0xcc, 0xcc, 0xcc, 0xcc, 0xdd, 0xdd, 0xdd, 0xdd, 0xdd, 0xdd, 0xed, 0xee,
    0x0c, 0x00, 0x99, 0xa9, 0xaa, 0xbb, 0xcb, 0xcc, 0xdd, 0xed, 0xee, 0xff, 0x00, 0x10, 0x11, 0x22,
    0x0b, 0x00, 0x11, 0x11, 0x22, 0x22, 0x22, 0x33, 0x33, 0x33, 0x44, 0x44, 0x44, 0x54, 0x55, 0x55,
    0x0a, 0x00, 0x22, 0x33, 0x33, 0x33, 0x33, 0x33, 0x33, 0x33, 0x33, 0x43, 0x44, 0x44, 0x44, 0x44,
    0x0a, 0x00, 0x44, 0x44, 0x44, 0x44, 0x44, 0x44, 0x44, 0x44, 0x44, 0x44, 0x44, 0x44, 0x44, 0x44,
    0x0a, 0x00, 0x44, 0x44, 0x44, 0x44, 0x44, 0x44, 0x44, 0x44, 0x44, 0x44, 0x44, 0x44, 0x44, 0x44,
    0x0a, 0x00, 0x44, 0x33, 0x33, 0x33, 0x33, 0x33, 0x33, 0x33, 0x33, 0x33, 0x22, 0x22, 0x22, 0x22,
    0x0b, 0x00, 0x44, 0x44, 0x44, 0x33, 0x33, 0x33, 0x23, 0x22, 0x22, 0x12, 0x11, 0x11, 0x11, 0x00,
    0x0b, 0x00, 0x00, 0x00, 0xff, 0xff, 0xff, 0xee, 0xee, 0xee, 0xdd, 0xdd, 0xdd, 0xcd, 0xcc, 0xcc,
    0x0a, 0x00, 0xee, 0xdd, 0xdd, 0xdd, 0xdd, 0xdd, 0xdd, 0xdd, 0xcd, 0xcc, 0xcc, 0xcc, 0xcc, 0xcc,
    0x0a, 0x00, 0xcc, 0xcc, 0xcc, 0xcc, 0xcc, 0xbc, 0xbb, 0xbb, 0xbb, 0xbb, 0xbb, 0xbb, 0xbb, 0xbb,
    0x0a, 0x00, 0xbb, 0xbb, 0xbb, 0xbb, 0xbb, 0xbb, 0xbb, 0xbb, 0xbb, 0xbb, 0xbb, 0xbb, 0xbb, 0xbb,
    0x0a, 0x00, 0xbb, 0xbb, 0xcb, 0xcc, 0xcc, 0xcc, 0xcc, 0xcc, 0xcc, 0xcc, 0xcc, 0xcc, 0xcc, 0xdc,
    0x0b, 0x00, 0xaa, 0xaa, 0xaa, 0xaa, 0xbb, 0xbb, 0xbb, 0xcb, 0xcc, 0xcc, 0xcc, 0xdc, 0xdd, 0xdd,
    0x0c, 0x00, 0xcb, 0xcc, 0xdc, 0xdd, 0xee, 0xee, 0xff, 0x0f, 0x00, 0x11, 0x11, 0x22, 0x32, 0x33,
    0x0b, 0x00, 0x21, 0x22, 0x22, 0x22, 0x33, 0x33, 0x33, 0x43, 0x44, 0x44, 0x44, 0x44, 0x55, 0x55,
    0x0a, 0x00, 0x22, 0x22, 0x32, 0x33, 0x33, 0x33, 0x33, 0x33, 0x33, 0x33, 0x33, 0x33, 0x33, 0x33,
    0x0a, 0x00, 0x33, 0x33, 0x33, 0x33, 0x43, 0x44, 0x44, 0x44, 0x44, 0x44, 0x44, 0x44, 0x44, 0x44,
    0x0a, 0x00, 0x44, 0x33, 0x33, 0x33, 0x33, 0x33, 0x33, 0x33, 0x33, 0x33, 0x33, 0x33, 0x33, 0x33,
    0x0b, 0x00, 0x66, 0x66, 0x66, 0x55, 0x55, 0x55, 0x55, 0x45, 0x44, 0x44, 0x44, 0x44, 0x33, 0x33,
    0x0c, 0x00, 0x66, 0x66, 0x55, 0x55, 0x44, 0x44, 0x33, 0x23, 0x22, 0x12, 0x11, 0x01, 0x00, 0xff,
    0x0b, 0x00, 0xff, 0xff, 0xff, 0xee, 0xee, 0xee, 0xde, 0xdd, 0xdd, 0xdd, 0xcd, 0xcc, 0xcc, 0xcc,
    0x0b, 0x00, 0xcc, 0xbb, 0xbb, 0xbb, 0xbb, 0xab, 0xaa, 0xaa, 0xaa, 0xaa, 0xaa, 0x99, 0x99, 0x99,
    0x0a, 0x00, 0xcc, 0xcc, 0xcc, 0xcc, 0xcc, 0xcc, 0xcc, 0xcc, 0xcc, 0xcc, 0xcc, 0xcc, 0xcc, 0xcc,
    0x0a, 0x00, 0xcc, 0xcc, 0xcc, 0xcc, 0xcc, 0xcc, 0xcc, 0xcc, 0xcc, 0xcc, 0xcc, 0xcc, 0xcc, 0xcc,
    0x0b, 0x00, 0x99, 0x99, 0x99, 0x99, 0x99, 0xa9, 0xaa, 0xaa, 0xaa, 0xaa, 0xaa, 0xba, 0xbb, 0xbb,
    0x0b, 0x00, 0xbb, 0xbb, 0xcc, 0xcc, 0xcc, 0xcc, 0xdc, 0xdd, 0xdd, 0xdd, 0xdd, 0xee, 0xee, 0xee,
    0x0c, 0x00, 0xdd, 0xee, 0xee, 0xff, 0xff, 0x00, 0x00, 0x11, 0x11, 0x22, 0x22, 0x33, 0x33, 0x44,
    0x0b, 0x00, 0x22, 0x22, 0x22, 0x32, 0x33, 0x33, 0x33, 0x33, 0x44, 0x44, 0x44, 0x44, 0x44, 0x54,
    0x0b, 0x00, 0x55, 0x55, 0x55, 0x55, 0x55, 0x55, 0x65, 0x66, 0x66, 0x66, 0x66, 0x66, 0x66, 0x66,
    0x0b, 0x00, 0x66, 0x66, 0x66, 0x66, 0x66, 0x66, 0x66, 0x66, 0x66, 0x66, 0x66, 0x66, 0x66, 0x66,
    0x0b, 0x00, 0x66, 0x66, 0x66, 0x66, 0x66, 0x66, 0x66, 0x56, 0x55, 0x55, 0x55, 0x55, 0x55, 0x55,
    0x0b, 0x00, 0x45, 0x44, 0x44, 0x44, 0x44, 0x44, 0x33, 0x33, 0x33, 0x33, 0x33, 0x22, 0x22, 0x22,
    0x0c, 0x00, 0x44, 0x44, 0x33, 0x33, 0x22, 0x22, 0x11, 0x11, 0x01, 0x00, 0xf0, 0xff, 0xef, 0xee,
    0x0b, 0x00, 0xff, 0xee, 0xee, 0xee, 0xee, 0xde, 0xdd, 0xdd, 0xdd, 0xdd, 0xcc, 0xcc, 0xcc, 0xcc,
    0x0b, 0x00, 0xcc, 0xbc, 0xbb, 0xbb, 0xbb, 0xbb, 0xbb, 0xbb, 0xaa, 0xaa, 0xaa, 0xaa, 0xaa, 0xaa,
    0x0b, 0x00, 0xaa, 0xaa, 0xaa, 0x9a, 0x99, 0x99, 0x99, 0x99, 0x99, 0x99, 0x99, 0x99, 0x99, 0x99,
    0x0b, 0x00, 0x99, 0x99, 0x99, 0x99, 0x99, 0x99, 0x99, 0xa9, 0xaa, 0xaa, 0xaa, 0xaa, 0xaa, 0xaa,
    0x0b, 0x00, 0xaa, 0xaa, 0xaa, 0xba, 0xbb, 0xbb, 0xbb, 0xbb, 0xbb, 0xbb, 0xcc, 0xcc, 0xcc, 0xcc,
    0x0c, 0x00, 0x99, 0xa9, 0xaa, 0xaa, 0xbb, 0xbb, 0xcb, 0xcc, 0xcc, 0xdd, 0xdd, 0xed, 0xee, 0xfe,
    0x0c, 0x00, 0xff, 0xff, 0x00, 0x00, 0x10, 0x11, 0x11, 0x22, 0x22, 0x33, 0x33, 0x43, 0x44, 0x44,
    0x0b, 0x00, 0x22, 0x22, 0x22, 0x33, 0x33, 0x33, 0x33, 0x33, 0x33, 0x44, 0x44, 0x44, 0x44, 0x44,
    0x0b, 0x00, 0x44, 0x44, 0x44, 0x55, 0x55, 0x55, 0x55, 0x55, 0x55, 0x55, 0x55, 0x55, 0x55, 0x55,
    0x0b, 0x00, 0x55, 0x55, 0x55, 0x55, 0x55, 0x55, 0x55, 0x55, 0x55, 0x55, 0x55, 0x55, 0x55, 0x55,
    0x0b, 0x00, 0x55, 0x55, 0x55, 0x55, 0x55, 0x45, 0x44, 0x44, 0x44, 0x44, 0x44, 0x44, 0x44, 0x34,
    0x0c, 0x00, 0x77, 0x77, 0x77, 0x66, 0x66, 0x66, 0x55, 0x55, 0x45, 0x44, 0x44, 0x34, 0x33, 0x33,
    0x0c, 0x00, 0x22, 0x22, 0x12, 0x11, 0x11, 0x00, 0x00, 0x00, 0xff, 0xff, 0xef, 0xee, 0xee, 0xdd,
    0x0b, 0x00, 0xee, 0xee, 0xee, 0xee, 0xde, 0xdd, 0xdd, 0xdd, 0xdd, 0xdd, 0xcd, 0xcc, 0xcc, 0xcc,
    0x0b, 0x00, 0xcc, 0xcc, 0xcc, 0xbc, 0xbb, 0xbb, 0xbb, 0xbb, 0xbb, 0xbb, 0xbb, 0xbb, 0xbb, 0xab,
    0x0b, 0x00, 0xaa, 0xaa, 0xaa, 0xaa, 0xaa, 0xaa, 0xaa, 0xaa, 0xaa, 0xaa, 0xaa, 0xaa, 0xaa, 0xaa,
    0x0b, 0x00, 0xaa, 0xaa, 0xaa, 0xaa, 0xaa, 0xaa, 0xbb, 0xbb, 0xbb, 0xbb, 0xbb, 0xbb, 0xbb, 0xbb,
    0x0b, 0x00, 0xbb, 0xbb, 0xcb, 0xcc, 0xcc, 0xcc, 0xcc, 0xcc, 0xcc, 0xcc, 0xdd, 0xdd, 0xdd, 0xdd,
    0x0c, 0x00, 0xbb, 0xbb, 0xcc, 0xcc, 0xcc, 0xdd, 0xdd, 0xdd, 0xee, 0xee, 0xfe, 0xff, 0xff, 0x0f,
    0x0c, 0x00, 0x00, 0x00, 0x11, 0x11, 0x11, 0x22, 0x22, 0x22, 0x33, 0x33, 0x33, 0x44, 0x44, 0x44,
    0x0b, 0x00, 0x22, 0x22, 0x22, 0x32, 0x33, 0x33, 0x33, 0x33, 0x33, 0x33, 0x33, 0x33, 0x44, 0x44,
    0x0b, 0x00, 0x44, 0x44, 0x44, 0x44, 0x44, 0x44, 0x44, 0x44, 0x44, 0x44, 0x44, 0x44, 0x44, 0x44,
    0x0b, 0x00, 0x44, 0x44, 0x44, 0x44, 0x44, 0x44, 0x44, 0x44, 0x44, 0x44, 0x44, 0x44, 0x44, 0x44,
    0x0b, 0x00, 0x44, 0x44, 0x44, 0x44, 0x44, 0x34, 0x33, 0x33, 0x33, 0x33, 0x33, 0x33, 0x33, 0x33,
    0x0c, 0x00, 0x55, 0x55, 0x55, 0x45, 0x44, 0x44, 0x34, 0x33, 0x33, 0x33, 0x22, 0x22, 0x22, 0x11,
    0x0c, 0x00, 0x11, 0x11, 0x00, 0x00, 0x00, 0xff, 0xff, 0xff, 0xee, 0xee, 0xee, 0xdd, 0xdd, 0xdd,
    0x0c, 0x00, 0xcd, 0xcc, 0xcc, 0xbc, 0xbb, 0xbb, 0xbb, 0xab, 0xaa, 0xaa, 0xaa, 0x99, 0x99, 0x99,
    0x0b, 0x00, 0xcc, 0xcc, 0xcc, 0xcc, 0xcc, 0xcc, 0xcc, 0xbc, 0xbb, 0xbb, 0xbb, 0xbb, 0xbb, 0xbb,
    0x0b, 0x00, 0xbb, 0xbb, 0xbb, 0xbb, 0xbb, 0xbb, 0xbb, 0xbb, 0xbb, 0xbb, 0xbb, 0xbb, 0xbb, 0xbb,
    0x0b, 0x00, 0xbb, 0xbb, 0xbb, 0xbb, 0xbb, 0xbb, 0xbb, 0xcc, 0xcc, 0xcc, 0xcc, 0xcc, 0xcc, 0xcc,
    0x0c, 0x00, 0x99, 0x99, 0x99, 0xa9, 0xaa, 0xaa, 0xaa, 0xba, 0xbb, 0xbb, 0xbb, 0xcc, 0xcc, 0xcc,
    0x0c, 0x00, 0xdc, 0xdd, 0xdd, 0xdd, 0xee, 0xee, 0xee, 0xfe, 0xff, 0xff, 0x0f, 0x00, 0x00, 0x00,
    0x0c, 0x00, 0x11, 0x11, 0x11, 0x21, 0x22, 0x22, 0x22, 0x33, 0x33, 0x33, 0x43, 0x44, 0x44, 0x44,
    0x0c, 0x00, 0x54, 0x55, 0x55, 0x55, 0x55, 0x66, 0x66, 0x66, 0x66, 0x66, 0x76, 0x77, 0x77, 0x77,
    0x0b, 0x00, 0x33, 0x33, 0x33, 0x33, 0x43, 0x44, 0x44, 0x44, 0x44, 0x44, 0x44, 0x44, 0x44, 0x44,
    0x0b, 0x00, 0x44, 0x44, 0x44, 0x44, 0x44, 0x44, 0x44, 0x33, 0x33, 0x33, 0x33, 0x33, 0x33, 0x33,
    0x0c, 0x00, 0x77, 0x66, 0x66, 0x66, 0x66, 0x66, 0x56, 0x55, 0x55, 0x55, 0x55, 0x45, 0x44, 0x44,
    0x0c, 0x00, 0x44, 0x34, 0x33, 0x33, 0x33, 0x23, 0x22, 0x22, 0x22, 0x11, 0x11, 0x11, 0x11, 0x00,
    0x0c, 0x00, 0x00, 0x00, 0xf0, 0xff, 0xff, 0xff, 0xee, 0xee, 0xee, 0xde, 0xdd, 0xdd, 0xdd, 0xcd,
    0x0c, 0x00, 0xcc, 0xcc, 0xcc, 0xbc, 0xbb, 0xbb, 0xbb, 0xbb, 0xaa, 0xaa, 0xaa, 0xaa, 0xaa, 0x9a,
    0x0b, 0x00, 0xcc, 0xcc, 0xcc, 0xcc, 0xcc, 0xcc, 0xcc, 0xcc, 0xcc, 0xcc, 0xcc, 0xcc, 0xcc, 0xcc,
    0x0b, 0x00, 0xcc, 0xcc, 0xcc, 0xcc, 0xcc, 0xcc, 0xcc, 0xcc, 0xcc, 0xcc, 0xcc, 0xcc, 0xcc, 0xcc,
    0x0b, 0x00, 0xcc, 0xcc, 0xcc, 0xcc, 0xcc, 0xcc, 0xcc, 0xcc, 0xcc, 0xdc, 0xdd, 0xdd, 0xdd, 0xdd,
    0x0c, 0x00, 0xaa, 0xbb, 0xbb, 0xbb, 0xbb, 0xcb, 0xcc, 0xcc, 0xcc, 0xcc, 0xdd, 0xdd, 0xdd, 0xdd,
    0x0c, 0x00, 0xee, 0xee, 0xee, 0xee, 0xff, 0xff, 0xff, 0xff, 0x00, 0x00, 0x00, 0x00, 0x11, 0x11,
    0x0c, 0x00, 0x11, 0x11, 0x22, 0x22, 0x22, 0x22, 0x33, 0x33, 0x33, 0x33, 0x43, 0x44, 0x44, 0x44,
    0x0c, 0x00, 0x44, 0x44, 0x55, 0x55, 0x55, 0x55, 0x55, 0x55, 0x65, 0x66, 0x66, 0x66, 0x66, 0x66,
    0x0c, 0x00, 0x66, 0x66, 0x66, 0x66, 0x66, 0x66, 0x66, 0x77, 0x77, 0x77, 0x77, 0x77, 0x77, 0x66,
    0x0c, 0x00, 0x66, 0x66, 0x66, 0x66, 0x66, 0x66, 0x66, 0x66, 0x66, 0x66, 0x66, 0x66, 0x55, 0x55,
    0x0c, 0x00, 0x55, 0x55, 0x55, 0x55, 0x45, 0x44, 0x44, 0x44, 0x44, 0x44, 0x33, 0x33, 0x33, 0x33,
    0x0c, 0x00, 0x23, 0x22, 0x22, 0x22, 0x22, 0x11, 0x11, 0x11, 0x11, 0x01, 0x00, 0x00, 0x00, 0xf0,
    0x0c, 0x00, 0xff, 0xff, 0xff, 0xff, 0xee, 0xee, 0xee, 0xee, 0xde, 0xdd, 0xdd, 0xdd, 0xdd, 0xcc,
    0x0c, 0x00, 0xcc, 0xcc, 0xcc, 0xcc, 0xbb, 0xbb, 0xbb, 0xbb, 0xbb, 0xbb, 0xab, 0xaa, 0xaa, 0xaa,
    0x0c, 0x00, 0xaa, 0xaa, 0xaa, 0xaa, 0xaa, 0x99, 0x99, 0x99, 0x99, 0x99, 0x99, 0x99, 0x99, 0x99,
    0x0c, 0x00, 0x99, 0x99, 0x99, 0x99, 0x99, 0x99, 0x99, 0x99, 0x99, 0x99, 0x99, 0x99, 0xa9, 0xaa,
    0x0c, 0x00, 0xaa, 0xaa, 0xaa, 0xaa, 0xaa, 0xaa, 0xaa, 0xba, 0xbb, 0xbb, 0xbb, 0xbb, 0xbb, 0xcb,
    0x0c, 0x00, 0xcc, 0xcc, 0xcc, 0xcc, 0xcc, 0xdd, 0xdd, 0xdd, 0xdd, 0xdd, 0xee, 0xee, 0xee, 0xee,
    0x0c, 0x00, 0xfe, 0xff, 0xff, 0xff, 0xff, 0x00, 0x00, 0x00, 0x00, 0x00, 0x11, 0x11, 0x11, 0x11,
    0x0c, 0x00, 0x21, 0x22, 0x22, 0x22, 0x22, 0x22, 0x33, 0x33, 0x33, 0x33, 0x33, 0x43, 0x44, 0x44,
    0x0c, 0x00, 0x44, 0x44, 0x44, 0x44, 0x44, 0x55, 0x55, 0x55, 0x55, 0x55, 0x55, 0x55, 0x55, 0x55,
    0x0c, 0x00, 0x55, 0x55, 0x55, 0x55, 0x55, 0x55, 0x55, 0x55, 0x55, 0x55, 0x55, 0x55, 0x55, 0x55,
    0x0c, 0x00, 0x55, 0x55, 0x55, 0x55, 0x55, 0x55, 0x55, 0x55, 0x55, 0x55, 0x44, 0x44, 0x44, 0x44,
    0x0c, 0x00, 0x44, 0x44, 0x44, 0x34, 0x33, 0x33, 0x33, 0x33, 0x33, 0x23, 0x22, 0x22, 0x22, 0x22,
    0x0c, 0x00, 0x22, 0x11, 0x11, 0x11, 0x11, 0x11, 0x00, 0x00, 0x00, 0x00, 0x00, 0xff, 0xff, 0xff,
    0x0c, 0x00, 0xff, 0xff, 0xee, 0xee, 0xee, 0xee, 0xee, 0xde, 0xdd, 0xdd, 0xdd, 0xdd, 0xdd, 0xcc,
    0x0c, 0x00, 0xcc, 0xcc, 0xcc, 0xcc, 0xcc, 0xcc, 0xbb, 0xbb, 0xbb, 0xbb, 0xbb, 0xbb, 0xbb, 0xbb,
    0x0c, 0x00, 0xbb, 0xaa, 0xaa, 0xaa, 0xaa, 0xaa, 0xaa, 0xaa, 0xaa, 0xaa, 0xaa, 0xaa, 0xaa, 0xaa,
    0x0c, 0x00, 0xaa, 0xaa, 0xaa, 0xaa, 0xaa, 0xaa, 0xaa, 0xaa, 0xaa, 0xaa, 0xba, 0xbb, 0xbb, 0xbb,
    0x0c, 0x00, 0xbb, 0xbb, 0xbb, 0xbb, 0xbb, 0xbb, 0xcb, 0xcc, 0xcc, 0xcc, 0xcc, 0xcc, 0xcc, 0xdc,
    0x0c, 0x00, 0xdd, 0xdd, 0xdd, 0xdd, 0xdd, 0xed, 0xee, 0xee, 0xee, 0xee, 0xee, 0xff, 0xff, 0xff,
    0x0c, 0x00, 0xff, 0xff, 0x0f, 0x00, 0x00, 0x00, 0x00, 0x00, 0x11, 0x11, 0x11, 0x11, 0x11, 0x21,
    0x0c, 0x00, 0x22, 0x22, 0x22, 0x22, 0x22, 0x22, 0x33, 0x33, 0x33, 0x33, 0x33, 0x33, 0x33, 0x33,
    0x0c, 0x00, 0x44, 0x44, 0x44, 0x44, 0x44, 0x44, 0x44, 0x44, 0x44, 0x44, 0x44, 0x44, 0x44, 0x44,
    0x0c, 0x00, 0x44, 0x55, 0x55, 0x55, 0x55, 0x55, 0x55, 0x55, 0x44, 0x44, 0x44, 0x44, 0x44, 0x44,
    0x0c, 0x00, 0x44, 0x44, 0x44, 0x44, 0x44, 0x44, 0x44, 0x44, 0x44, 0x34, 0x33, 0x33, 0x33, 0x33,
    0x0c, 0x00, 0x33, 0x33, 0x33, 0x23, 0x22, 0x22, 0x22, 0x22, 0x22, 0x22, 0x11, 0x11, 0x11, 0x11,
    0x0c, 0x00, 0x11, 0x11, 0x01, 0x00, 0x00, 0x00, 0x00, 0x00, 0xff, 0xff, 0xff, 0xff, 0xff, 0xff,
    0x0c, 0x00, 0xee, 0xee, 0xee, 0xee, 0xee, 0xee, 0xde, 0xdd, 0xdd, 0xdd, 0xdd, 0xdd, 0xdd, 0xdd,
    0x0c, 0x00, 0xcc, 0xcc, 0xcc, 0xcc, 0xcc, 0xcc, 0xcc, 0xcc, 0xcc, 0xbc, 0xbb, 0xbb, 0xbb, 0xbb,
    0x0c, 0x00, 0xbb, 0xbb, 0xbb, 0xbb, 0xbb, 0xbb, 0xbb, 0xbb, 0xbb, 0xbb, 0xbb, 0xbb, 0xbb, 0xbb,
    0x0c, 0x00, 0xbb, 0xbb, 0xbb, 0xbb, 0xbb, 0xbb, 0xbb, 0xbb, 0xbb, 0xbb, 0xbb, 0xcc, 0xcc, 0xcc,
    0x0c, 0x00, 0xcc, 0xcc, 0xcc, 0xcc, 0xcc, 0xcc, 0xcc, 0xdd, 0xdd, 0xdd, 0xdd, 0xdd, 0xdd, 0xdd,
    0x0c, 0x00, 0xed, 0xee, 0xee, 0xee, 0xee, 0xee, 0xee, 0xfe, 0xff, 0xff, 0xff, 0xff, 0xff, 0x0f,
    0x0c, 0x00, 0x00, 0x00, 0x00, 0x00, 0x00, 0x00, 0x11, 0x11, 0x11, 0x11, 0x11, 0x11, 0x11, 0x22,
    0x0c, 0x00, 0x22, 0x22, 0x22, 0x22, 0x22, 0x22, 0x22, 0x32, 0x33, 0x33, 0x33, 0x33, 0x33, 0x33,
    0x0c, 0x00, 0x33, 0x33, 0x33, 0x33, 0x33, 0x43, 0x44, 0x44, 0x44, 0x44, 0x44, 0x44, 0x44, 0x44,
    0x0c, 0x00, 0x44, 0x44, 0x44, 0x44, 0x44, 0x44, 0x44, 0x44, 0x44, 0x44, 0x44, 0x44, 0x33, 0x33,
    0x0c, 0x00, 0x33, 0x33, 0x33, 0x33, 0x33, 0x33, 0x33, 0x33, 0x33, 0x33, 0x23, 0x22, 0x22, 0x22,
    0x0c, 0x00, 0x22, 0x22, 0x22, 0x22, 0x22, 0x11, 0x11, 0x11, 0x11, 0x11, 0x11, 0x11, 0x01, 0x00,
    0x0c, 0x00, 0x00, 0x00, 0x00, 0x00, 0x00, 0xf0, 0xff, 0xff, 0xff, 0xff, 0xff, 0xff, 0xef, 0xee,
    0x0c, 0x00, 0xee, 0xee, 0xee, 0xee, 0xee, 0xee, 0xde, 0xdd, 0xdd, 0xdd, 0xdd, 0xdd, 0xdd, 0xdd,
    0x0c, 0x00, 0xdd, 0xdd, 0xcc, 0xcc, 0xcc, 0xcc, 0xcc, 0xcc, 0xcc, 0xcc, 0xcc, 0xcc, 0xcc, 0xcc,
    0x0c, 0x00, 0xcc, 0xcc, 0xcc, 0xcc, 0xcc, 0xcc, 0xcc, 0xcc, 0xcc, 0xcc, 0xcc, 0xcc, 0xcc, 0xcc,
    0x0c, 0x00, 0xcc, 0xcc, 0xcc, 0xcc, 0xcc, 0xcc, 0xcc, 0xcc, 0xcc, 0xcc, 0xcc, 0xcc, 0xcc, 0xdc,
    0x0c, 0x00, 0xdd, 0xdd, 0xdd, 0xdd, 0xdd, 0xdd, 0xdd, 0xdd, 0xdd, 0xee, 0xee, 0xee, 0xee, 0xee,
    0x0c, 0x00, 0xee, 0xee, 0xee, 0xfe, 0xff, 0xff, 0xff, 0xff, 0xff, 0xff, 0xff, 0x00, 0x00, 0x00,
    0x0c, 0x00, 0x00, 0x00, 0x00, 0x00, 0x00, 0x11, 0x11, 0x11, 0x11, 0x11, 0x11, 0x11, 0x11, 0x21,
    0x0c, 0x00, 0x22, 0x22, 0x22, 0x22, 0x22, 0x22, 0x22, 0x22, 0x22, 0x22, 0x32, 0x33, 0x33, 0x33,
    0x0c, 0x00, 0x33, 0x33, 0x33, 0x33, 0x33, 0x33, 0x33, 0x33, 0x33, 0x33, 0x33, 0x33, 0x33, 0x33,
    0x0c, 0x00, 0x33, 0x33, 0x33, 0x33, 0x33, 0x33, 0x33, 0x33, 0x33, 0x33, 0x33, 0x33, 0x33, 0x33,
    0x0c, 0x00, 0x33, 0x33, 0x22, 0x22, 0x22, 0x22, 0x22, 0x22, 0x22, 0x22, 0x22, 0x22, 0x22, 0x12,
    0x0c, 0x00, 0x11, 0x11, 0x11, 0x11, 0x11, 0x11, 0x11, 0x11, 0x01, 0x00, 0x00, 0x00, 0x00, 0x00,
    0x0c, 0x00, 0x00, 0x00, 0x00, 0xff, 0xff, 0xff, 0xff, 0xff, 0xff, 0xff, 0xff, 0xef, 0xee, 0xee,
    0x0c, 0x00, 0xee, 0xee, 0xee, 0xee, 0xee, 0xee, 0xee, 0xdd, 0xdd, 0xdd, 0xdd, 0xdd, 0xdd, 0xdd,
    0x0c, 0x00, 0xdd, 0xdd, 0xdd, 0xdd, 0xdd, 0xdd, 0xcd, 0xcc, 0xcc, 0xcc, 0xcc, 0xcc, 0xcc, 0xcc,
    0x0c, 0x00, 0xcc, 0xcc, 0xcc, 0xcc, 0xcc, 0xcc, 0xcc, 0xcc, 0xcc, 0xcc, 0xcc, 0xcc, 0xcc, 0xcc,
    0x0c, 0x00, 0xcc, 0xcc, 0xcc, 0xdd, 0xdd, 0xdd, 0xdd, 0xdd, 0xdd, 0xdd, 0xdd, 0xdd, 0xdd, 0xdd,
    0x0c, 0x00, 0xdd, 0xdd, 0xdd, 0xee, 0xee, 0xee, 0xee, 0xee, 0xee, 0xee, 0xee, 0xee, 0xee, 0xff,
    0x0c, 0x00, 0xff, 0xff, 0xff, 0xff, 0xff, 0xff, 0xff, 0xff, 0x00, 0x00, 0x00, 0x00, 0x00, 0x00,
    0x0c, 0x00, 0x00, 0x00, 0x00, 0x10, 0x11, 0x11, 0x11, 0x11, 0x11, 0x11, 0x11, 0x11, 0x11, 0x11,
    0x0c, 0x00, 0x22, 0x22, 0x22, 0x22, 0x22, 0x22, 0x22, 0x22, 0x22, 0x22, 0x22, 0x22, 0x22, 0x22,
    0x0c, 0x00, 0x22, 0x22, 0x22, 0x22, 0x22, 0x33, 0x33, 0x33, 0x33, 0x33, 0x33, 0x33, 0x33, 0x33,
    0x0c, 0x00, 0x33, 0x33, 0x22, 0x22, 0x22, 0x22, 0x22, 0x22, 0x22, 0x22, 0x22, 0x22, 0x22, 0x22,
    0x0c, 0x00, 0x22, 0x22, 0x22, 0x22, 0x22, 0x22, 0x22, 0x11, 0x11, 0x11, 0x11, 0x11, 0x11, 0x11,
    0x0c, 0x00, 0x11, 0x11, 0x11, 0x11, 0x01, 0x00, 0x00, 0x00, 0x00, 0x00, 0x00, 0x00, 0x00, 0x00,
    0x0c, 0x00, 0xff, 0xff, 0xff, 0xff, 0xff, 0xff, 0xff, 0xff, 0xff, 0xff, 0xee, 0xee, 0xee, 0xee,
    0x0c, 0x00, 0xee, 0xee, 0xee, 0xee, 0xee, 0xee, 0xee, 0xee, 0xde, 0xdd, 0xdd, 0xdd, 0xdd, 0xdd,
    0x0c, 0x00, 0xdd, 0xdd, 0xdd, 0xdd, 0xdd, 0xdd, 0xdd, 0xdd, 0xdd, 0xdd, 0xdd, 0xdd, 0xdd, 0xdd,
    0x0c, 0x00, 0xdd, 0xdd, 0xdd, 0xdd, 0xdd, 0xdd, 0xdd, 0xdd, 0xdd, 0xdd, 0xdd, 0xdd, 0xdd, 0xdd,
    0x0c, 0x00, 0xdd, 0xdd, 0xdd, 0xdd, 0xdd, 0xdd, 0xdd, 0xdd, 0xdd, 0xdd, 0xee, 0xee, 0xee, 0xee,
    0x0c, 0x00, 0xee, 0xee, 0xee, 0xee, 0xee, 0xee, 0xee, 0xee, 0xfe, 0xff, 0xff, 0xff, 0xff, 0xff,
    0x0c, 0x00, 0xff, 0xff, 0xff, 0xff, 0xff, 0x0f, 0x00, 0x00, 0x00, 0x00, 0x00, 0x00, 0x00, 0x00,
    0x0c, 0x00, 0x00, 0x00, 0x10, 0x11, 0x11, 0x11, 0x11, 0x11, 0x11, 0x11, 0x11, 0x11, 0x11, 0x11,
    0x0c, 0x00, 0x11, 0x11, 0x22, 0x22, 0x22, 0x22, 0x22, 0x22, 0x22, 0x22, 0x22, 0x22, 0x22, 0x22,
    0x0c, 0x00, 0x22, 0x22, 0x22, 0x22, 0x22, 0x22, 0x22, 0x22, 0x22, 0x22, 0x22, 0x22, 0x22, 0x22,
    0x0c, 0x00, 0x22, 0x22, 0x22, 0x22, 0x22, 0x22, 0x22, 0x22, 0x22, 0x22, 0x22, 0x22, 0x22, 0x12,
    0x0c, 0x00, 0x11, 0x11, 0x11, 0x11, 0x11, 0x11, 0x11, 0x11, 0x11, 0x11, 0x11, 0x11, 0x11, 0x01,
    0x0c, 0x00, 0x00, 0x00, 0x00, 0x00, 0x00, 0x00, 0x00, 0x00, 0x00, 0x00, 0x00, 0xf0, 0xff, 0xff,
    0x0c, 0x00, 0xff, 0xff, 0xff, 0xff, 0xff, 0xff, 0xff, 0xff, 0xff, 0xef, 0xee, 0xee, 0xee, 0xee,
    0x0c, 0x00, 0xee, 0xee, 0xee, 0xee, 0xee, 0xee, 0xee, 0xee, 0xee, 0xee, 0xee, 0xde, 0xdd, 0xdd,
    0x0c, 0x00, 0xdd, 0xdd, 0xdd, 0xdd, 0xdd, 0xdd, 0xdd, 0xdd, 0xdd, 0xdd, 0xdd, 0xdd, 0xdd, 0xdd,
    0x0c, 0x00, 0xdd, 0xdd, 0xdd, 0xdd, 0xdd, 0xdd, 0xdd, 0xdd, 0xdd, 0xdd, 0xdd, 0xdd, 0xdd, 0xdd,
    0x0c, 0x00, 0xdd, 0xee, 0xee, 0xee, 0xee, 0xee, 0xee, 0xee, 0xee, 0xee, 0xee, 0xee, 0xee, 0xee,
    0x0c, 0x00, 0xee, 0xee, 0xee, 0xee, 0xff, 0xff, 0xff, 0xff, 0xff, 0xff, 0xff, 0xff, 0xff, 0xff,
    0x0c, 0x00, 0xff, 0xff, 0xff, 0x00, 0x00, 0x00, 0x00, 0x00, 0x00, 0x00, 0x00, 0x00, 0x00, 0x00,
    0x0c, 0x00, 0x00, 0x00, 0x11, 0x11, 0x11, 0x11, 0x11, 0x11, 0x11, 0x11, 0x11, 0x11, 0x11, 0x11,
    0x0c, 0x00, 0x11, 0x11, 0x11, 0x11, 0x11, 0x11, 0x11, 0x22, 0x22, 0x22, 0x22, 0x22, 0x22, 0x22,
    0x0c, 0x00, 0x22, 0x22, 0x22, 0x22, 0x22, 0x22, 0x22, 0x22, 0x22, 0x22, 0x22, 0x22, 0x22, 0x22,
    0x0c, 0x00, 0x22, 0x22, 0x22, 0x11, 0x11, 0x11, 0x11, 0x11, 0x11, 0x11, 0x11, 0x11, 0x11, 0x11,
    0x0c, 0x00, 0x11, 0x11, 0x11, 0x11, 0x11, 0x11, 0x11, 0x11, 0x11, 0x00, 0x00, 0x00, 0x00, 0x00,
    0x0c, 0x00, 0x00, 0x00, 0x00, 0x00, 0x00, 0x00, 0x00, 0x00, 0x00, 0xff, 0xff, 0xff, 0xff, 0xff,
    0x0c, 0x00, 0xff, 0xff, 0xff, 0xff, 0xff, 0xff, 0xff, 0xff, 0xff, 0xef, 0xee, 0xee, 0xee, 0xee,
    0x0c, 0x00, 0xee, 0xee, 0xee, 0xee, 0xee, 0xee, 0xee, 0xee, 0xee, 0xee, 0xee, 0xee, 0xee, 0xee,
    0x0c, 0x00, 0xee, 0xee, 0xee, 0xee, 0xee, 0xee, 0xee, 0xee, 0xee, 0xee, 0xee, 0xee, 0xee, 0xee,
    0x0c, 0x00, 0xee, 0xee, 0xee, 0xee, 0xee, 0xee, 0xee, 0xee, 0xee, 0xee, 0xee, 0xee, 0xee, 0xee,
    0x0c, 0x00, 0xee, 0xee, 0xee, 0xee, 0xee, 0xee, 0xee, 0xee, 0xee, 0xee, 0xee, 0xee, 0xfe, 0xff,
    0x0c, 0x00, 0xff, 0xff, 0xff, 0xff, 0xff, 0xff, 0xff, 0xff, 0xff, 0xff, 0xff, 0xff, 0xff, 0xff,
    0x0c, 0x00, 0x00, 0x00, 0x00, 0x00, 0x00, 0x00, 0x00, 0x00, 0x00, 0x00, 0x00, 0x00, 0x00, 0x00,
    0x0c, 0x00, 0x00, 0x00, 0x11, 0x11, 0x11, 0x11, 0x11, 0x11, 0x11, 0x11, 0x11, 0x11, 0x11, 0x11,
    0x0c, 0x00, 0x11, 0x11, 0x11, 0x11, 0x11, 0x11, 0x11, 0x11, 0x11, 0x11, 0x11, 0x11, 0x11, 0x11,
    0x0c, 0x00, 0x11, 0x11, 0x11, 0x11, 0x11, 0x11, 0x11, 0x11, 0x11, 0x11, 0x11, 0x11, 0x11, 0x11,
    0x0c, 0x00, 0x11, 0x11, 0x11, 0x11, 0x11, 0x11, 0x11, 0x11, 0x11, 0x11, 0x11, 0x11, 0x11, 0x11,
    0x0c, 0x00, 0x11, 0x11, 0x11, 0x01, 0x00, 0x00, 0x00, 0x00, 0x00, 0x00, 0x00, 0x00, 0x00, 0x00,
    0x0c, 0x00, 0x00, 0x00, 0x00, 0x00, 0x00, 0x00, 0xff, 0xff, 0xff, 0xff, 0xff, 0xff, 0xff, 0xff,
    0x0c, 0x00, 0xff, 0xff, 0xff, 0xff, 0xff, 0xff, 0xff, 0xff, 0xff, 0xef, 0xee, 0xee, 0xee, 0xee,
    0x0c, 0x00, 0xee, 0xee, 0xee, 0xee, 0xee, 0xee, 0xee, 0xee, 0xee, 0xee, 0xee, 0xee, 0xee, 0xee,
    0x0c, 0x00, 0xee, 0xee, 0xee, 0xee, 0xee, 0xee, 0xee, 0xee, 0xee, 0xee, 0xee, 0xee, 0xee, 0xee,
    0x0c, 0x00, 0xee, 0xee, 0xee, 0xee, 0xee, 0xee, 0xee, 0xee, 0xee, 0xee, 0xee, 0xee, 0xee, 0xee,
    0x0c, 0x00, 0xee, 0xee, 0xee, 0xee, 0xee, 0xee, 0xfe, 0xff, 0xff, 0xff, 0xff, 0xff, 0xff, 0xff,
    0x0c, 0x00, 0xff, 0xff, 0xff, 0xff, 0xff, 0xff, 0xff, 0xff, 0xff, 0xff, 0xff, 0x0f, 0x00, 0x00,
    0x0c, 0x00, 0x00, 0x00, 0x00, 0x00, 0x00, 0x00, 0x00, 0x00, 0x00, 0x00, 0x00, 0x00, 0x00, 0x00,
    0x0c, 0x00, 0x00, 0x00, 0x10, 0x11, 0x11, 0x11, 0x11, 0x11, 0x11, 0x11, 0x11, 0x11, 0x11, 0x11,
    0x0c, 0x00, 0x11, 0x11, 0x11, 0x11, 0x11, 0x11, 0x11, 0x11, 0x11, 0x11, 0x11, 0x11, 0x11, 0x11,
    0x0c, 0x00, 0x11, 0x11, 0x11, 0x11, 0x11, 0x11, 0x11, 0x11, 0x11, 0x11, 0x11, 0x11, 0x11, 0x11,
    0x0c, 0x00, 0x11, 0x11, 0x11, 0x11, 0x11, 0x11, 0x11, 0x11, 0x11, 0x11, 0x11, 0x00, 0x00, 0x00,
    0x0c, 0x00, 0x00, 0x00, 0x00, 0x00, 0x00, 0x00, 0x00, 0x00, 0x00, 0x00, 0x00, 0x00, 0x00, 0x00,
    0x0c, 0x00, 0x00, 0x00, 0x00, 0xf0, 0xff, 0xff, 0xff, 0xff, 0xff, 0xff, 0xff, 0xff, 0xff, 0xff,
    0x0c, 0x00, 0xff, 0xff, 0xff, 0xff, 0xff, 0xff, 0xff, 0xff, 0xff, 0xff, 0xff, 0xee, 0xee, 0xee,
    0x0c, 0x00, 0xee, 0xee, 0xee, 0xee, 0xee, 0xee, 0xee, 0xee, 0xee, 0xee, 0xee, 0xee, 0xee, 0xee,
    0x0c, 0x00, 0xee, 0xee, 0xee, 0xee, 0xee, 0xee, 0xee, 0xee, 0xee, 0xee, 0xee, 0xee, 0xee, 0xee,
    0x0c, 0x00, 0xee, 0xee, 0xee, 0xee, 0xee, 0xee, 0xee, 0xee, 0xee, 0xee, 0xee, 0xee, 0xee, 0xee,
    0x0c, 0x00, 0xff, 0xff, 0xff, 0xff, 0xff, 0xff, 0xff, 0xff, 0xff, 0xff, 0xff, 0xff, 0xff, 0xff,
    0x0c, 0x00, 0xff, 0xff, 0xff, 0xff, 0xff, 0xff, 0xff, 0xff, 0x0f, 0x00, 0x00, 0x00, 0x00, 0x00,
    0x0c, 0x00, 0x00, 0x00, 0x00, 0x00, 0x00, 0x00, 0x00, 0x00, 0x00, 0x00, 0x00, 0x00, 0x00, 0x00,
    0x0c, 0x00, 0x00, 0x00, 0x00, 0x00, 0x10, 0x11, 0x11, 0x11, 0x11, 0x11, 0x11, 0x11, 0x11, 0x11,
    0x0c, 0x00, 0x11, 0x11, 0x11, 0x11, 0x11, 0x11, 0x11, 0x11, 0x11, 0x11, 0x11, 0x11, 0x11, 0x11,
    0x0c, 0x00, 0x11, 0x11, 0x11, 0x11, 0x11, 0x11, 0x11, 0x11, 0x11, 0x11, 0x11, 0x11, 0x11, 0x11,
    0x0c, 0x00, 0x11, 0x11, 0x11, 0x01, 0x00, 0x00, 0x00, 0x00, 0x00, 0x00, 0x00, 0x00, 0x00, 0x00,
    0x0c, 0x00, 0x00, 0x00, 0x00, 0x00, 0x00, 0x00, 0x00, 0x00, 0x00, 0x00, 0x00, 0x00, 0x00, 0x00,
    0x0c, 0x00, 0x00, 0xff, 0xff, 0xff, 0xff, 0xff, 0xff, 0xff, 0xff, 0xff, 0xff, 0xff, 0xff, 0xff,
    0x0c, 0x00, 0xff, 0xff, 0xff, 0xff, 0xff, 0xff, 0xff, 0xff, 0xff, 0xff, 0xff, 0xff, 0xff, 0xff,
    0x0c, 0x00, 0xee, 0xee, 0xee, 0xee, 0xee, 0xee, 0xee, 0xee, 0xee, 0xee, 0xee, 0xee, 0xee, 0xee,
    0x0c, 0x00, 0xee, 0xee, 0xee, 0xee, 0xee, 0xee, 0xee, 0xee, 0xee, 0xee, 0xee, 0xee, 0xee, 0xee,
    0x0c, 0x00, 0xee, 0xee, 0xee, 0xee, 0xee, 0xfe, 0xff, 0xff, 0xff, 0xff, 0xff, 0xff, 0xff, 0xff,
    0x0c, 0x00, 0xff, 0xff, 0xff, 0xff, 0xff, 0xff, 0xff, 0xff, 0xff, 0xff, 0xff, 0xff, 0xff, 0xff,
    0x0c, 0x00, 0xff, 0xff, 0xff, 0xff, 0xff, 0xff, 0x00, 0x00, 0x00, 0x00, 0x00, 0x00, 0x00, 0x00,
    0x0c, 0x00, 0x00, 0x00, 0x00, 0x00, 0x00, 0x00, 0x00, 0x00, 0x00, 0x00, 0x00, 0x00, 0x00, 0x00,
    0x0c, 0x00, 0x00, 0x00, 0x00, 0x00, 0x00, 0x00, 0x00, 0x00, 0x10, 0x11, 0x11, 0x11, 0x11, 0x11,
    0x0c, 0x00, 0x11, 0x11, 0x11, 0x11, 0x11, 0x11, 0x11, 0x11, 0x11, 0x11, 0x11, 0x11, 0x11, 0x11,
    0x0c, 0x00, 0x11, 0x11, 0x11, 0x11, 0x11, 0x11, 0x11, 0x11, 0x00, 0x00, 0x00, 0x00, 0x00, 0x00,
    0x0c, 0x00, 0x00, 0x00, 0x00, 0x00, 0x00, 0x00, 0x00, 0x00, 0x00, 0x00, 0x00, 0x00, 0x00, 0x00,
    0x0c, 0x00, 0x00, 0x00, 0x00, 0x00, 0x00, 0x00, 0x00, 0x00, 0x00, 0x00, 0x00, 0x00, 0xff, 0xff,
    0x0c, 0x00, 0xff, 0xff, 0xff, 0xff, 0xff, 0xff, 0xff, 0xff, 0xff, 0xff, 0xff, 0xff, 0xff, 0xff,
    0x0c, 0x00, 0xff, 0xff, 0xff, 0xff, 0xff, 0xff, 0xff, 0xff, 0xff, 0xff, 0xff, 0xff, 0xff, 0xff,
    0x0c, 0x00, 0xff, 0xff, 0xff, 0xff, 0xff, 0xff, 0xff, 0xff, 0xff, 0xef, 0xee, 0xee, 0xee, 0xee,
    0x0c, 0x00, 0xee, 0xee, 0xee, 0xee, 0xff, 0xff, 0xff, 0xff, 0xff, 0xff, 0xff, 0xff, 0xff, 0xff,
    0x0c, 0x00, 0xff, 0xff, 0xff, 0xff, 0xff, 0xff, 0xff, 0xff, 0xff, 0xff, 0xff, 0xff, 0xff, 0xff,
    0x0c, 0x00, 0xff, 0xff, 0xff, 0xff, 0xff, 0xff, 0xff, 0xff, 0xff, 0xff, 0xff, 0xff, 0xff, 0xff,
    0x0c, 0x00, 0xff, 0xff, 0xff, 0x00, 0x00, 0x00, 0x00, 0x00, 0x00, 0x00, 0x00, 0x00, 0x00, 0x00,
    0x0c, 0x00, 0x00, 0x00, 0x00, 0x00, 0x00, 0x00, 0x00, 0x00, 0x00, 0x00, 0x00, 0x00, 0x00, 0x00,
    0x0c, 0x00, 0x00, 0x00, 0x00, 0x00, 0x00, 0x00, 0x00, 0x00, 0x00, 0x00, 0x00, 0x00, 0x00, 0x00,
    0x0c, 0x00, 0x00, 0x00, 0x00, 0x00, 0x00, 0x00, 0x00, 0x00, 0x00, 0x00, 0x00, 0x00, 0x00, 0x00,
    0x0c, 0x00, 0x00, 0x00, 0x00, 0x00, 0x00, 0x00, 0x00, 0x00, 0x00, 0x00, 0x00, 0x00, 0x00, 0x00,
    0x0c, 0x00, 0x00, 0x00, 0x00, 0x00, 0x00, 0x00, 0x00, 0x00, 0x00, 0x00, 0x00, 0x00, 0x00, 0x00,
    0x0c, 0x00, 0x00, 0x00, 0x00, 0x00, 0x00, 0x00, 0x00, 0x00, 0x00, 0xf0, 0xff, 0xff, 0xff, 0xff,
    0x0c, 0x00, 0xff, 0xff, 0xff, 0xff, 0xff, 0xff, 0xff, 0xff, 0xff, 0xff, 0xff, 0xff, 0xff, 0xff,
    0x0c, 0x00, 0xff, 0xff, 0xff, 0xff, 0xff, 0xff, 0xff, 0xff, 0xff, 0xff, 0xff, 0xff, 0xff, 0xff,
    0x0c, 0x00, 0xff, 0xff, 0xff, 0xff, 0xff, 0xff, 0xff, 0xff, 0xff, 0xff, 0xff, 0xff, 0xff, 0xff,
    0x0c, 0x00, 0xff, 0xff, 0xff, 0xff, 0xff, 0xff, 0xff, 0xff, 0xff, 0xff, 0xff, 0xff, 0xff, 0xff,
    0x0c, 0x00, 0xff, 0xff, 0xff, 0xff, 0xff, 0xff, 0xff, 0xff, 0xff, 0xff, 0xff, 0xff, 0xff, 0xff,
    0x0c, 0x00, 0xff, 0xff, 0xff, 0xff, 0xff, 0xff, 0xff, 0xff, 0xff, 0xff, 0xff, 0xff, 0xff, 0xff,
    0x0c, 0x00, 0x0f, 0x00, 0x00, 0x00, 0x00, 0x00, 0x00, 0x00, 0x00, 0x00, 0x00, 0x00, 0x00, 0x00,
    0x0c, 0x00, 0x00, 0x00, 0x00, 0x00, 0x00, 0x00, 0x00, 0x00, 0x00, 0x00, 0x00, 0x00, 0x00, 0x00,
    0x0c, 0x00, 0x00, 0x00, 0x00, 0x00, 0x00, 0x00, 0x00, 0x00, 0x00, 0x00, 0x00, 0x00, 0x00, 0x00,
    0x0c, 0x00, 0x00, 0x00, 0x00, 0x00, 0x00, 0x00, 0x00, 0x00, 0x00, 0x00, 0x00, 0x00, 0x00, 0x00,
    0x0c, 0x00, 0x00, 0x00, 0x00, 0x00, 0x00, 0x00, 0x00, 0x00, 0x00, 0x00, 0x00, 0x00, 0x00, 0x00,
    0x0c, 0x00, 0x00, 0x00, 0x00, 0x00, 0x00, 0x00, 0x00, 0x00, 0x00, 0x00, 0x00, 0x00, 0x00, 0x00,
    0x0c, 0x00, 0x00, 0x00, 0x00, 0x00, 0x00, 0x00, 0x00, 0xff, 0xff, 0xff, 0xff, 0xff, 0xff, 0xff,
    0x0c, 0x00, 0xff, 0xff, 0xff, 0xff, 0xff, 0xff, 0xff, 0xff, 0xff, 0xff, 0xff, 0xff, 0xff, 0xff,
    0x0c, 0x00, 0xff, 0xff, 0xff, 0xff, 0xff, 0xff, 0xff, 0xff, 0xff, 0xff, 0xff, 0xff, 0xff, 0xff,
    0x0c, 0x00, 0xff, 0xff, 0xff, 0xff, 0xff, 0xff, 0xff, 0xff, 0xff, 0xff, 0xff, 0xff, 0xff, 0xff,
    0x0c, 0x00, 0xff, 0xff, 0xff, 0xff, 0xff, 0xff, 0xff, 0xff, 0xff, 0xff, 0xff, 0xff, 0xff, 0xff,
    0x0c, 0x00, 0xff, 0xff, 0xff, 0xff, 0xff, 0xff, 0xff, 0xff, 0xff, 0xff, 0xff, 0xff, 0xff, 0xff,
    0x0c, 0x00, 0xff, 0xff, 0xff, 0xff, 0xff, 0xff, 0xff, 0xff, 0xff, 0xff, 0xff, 0x0f, 0x00, 0x00,
    0x0c, 0x00, 0x00, 0x00, 0x00, 0x00, 0x00, 0x00, 0x00, 0x00, 0x00, 0x00, 0x00, 0x00, 0x00, 0x00,
    0x0c, 0x00, 0x00, 0x00, 0x00, 0x00, 0x00, 0x00, 0x00, 0x00, 0x00, 0x00, 0x00, 0x00, 0x00, 0x00,
    0x0c, 0x00, 0x00, 0x00, 0x00, 0x00, 0x00, 0x00, 0x00, 0x00, 0x00, 0x00, 0x00, 0x00, 0x00, 0x00,
    0x0c, 0x00, 0x00, 0x00, 0x00, 0x00, 0x00, 0x00, 0x00, 0x00, 0x00, 0x00, 0x00, 0x00, 0x00, 0x00,
    0x0c, 0x00, 0x00, 0x00, 0x00, 0x00, 0x00, 0x00, 0x00, 0x00, 0x00, 0x00, 0x00, 0x00, 0x00, 0x00,
    0x0c, 0x00, 0x00, 0x00, 0x00, 0x00, 0x00, 0x00, 0x00, 0x00, 0x00, 0x00, 0x00, 0x00, 0x00, 0x00,
    0x0c, 0x00, 0x00, 0x00, 0x00, 0x00, 0xff, 0xff, 0xff, 0xff, 0xff, 0xff, 0xff, 0xff, 0xff, 0xff,
    0x0c, 0x00, 0xff, 0xff, 0xff, 0xff, 0xff, 0xff, 0xff, 0xff, 0xff, 0xff, 0xff, 0xff, 0xff, 0xff,
    0x0c, 0x00, 0xff, 0xff, 0xff, 0xff, 0xff, 0xff, 0xff, 0xff, 0xff, 0xff, 0xff, 0xff, 0xff, 0xff,
    0x0c, 0x00, 0xff, 0xff, 0xff, 0xff, 0xff, 0xff, 0xff, 0xff, 0xff, 0xff, 0xff, 0xff, 0xff, 0xff,
    0x0c, 0x00, 0xff, 0xff, 0xff, 0xff, 0xff, 0xff, 0xff, 0xff, 0xff, 0xff, 0xff, 0xff, 0xff, 0xff,
    0x0c, 0x00, 0xff, 0xff, 0xff, 0xff, 0xff, 0xff, 0xff, 0xff, 0xff, 0xff, 0xff, 0xff, 0xff, 0xff,
    0x0c, 0x00, 0xff, 0xff, 0xff, 0xff, 0xff, 0xff, 0xff, 0xff, 0x0f, 0x00, 0x00, 0x00, 0x00, 0x00,
    0x0c, 0x00, 0x00, 0x00, 0x00, 0x00, 0x00, 0x00, 0x00, 0x00, 0x00, 0x00, 0x00, 0x00, 0x00, 0x00,
    0x0c, 0x00, 0x00, 0x00, 0x00, 0x00, 0x00, 0x00, 0x00, 0x00, 0x00, 0x00, 0x00, 0x00, 0x00, 0x00,
    0x0c, 0x00, 0x00, 0x00, 0x00, 0x00, 0x00, 0x00, 0x00, 0x00, 0x00, 0x00, 0x00, 0x00, 0x00, 0x00,
    0x0c, 0x00, 0x00, 0x00, 0x00, 0x00, 0x00, 0x00, 0x00, 0x00, 0x00, 0x00, 0x00, 0x00, 0x00, 0x00,
    0x0c, 0x00, 0x00, 0x00, 0x00, 0x00, 0x00, 0x00, 0x00, 0x00, 0x00, 0x00, 0x00, 0x00, 0x00, 0x00,
    0x0c, 0x00, 0x00, 0x00, 0x00, 0x00, 0x00, 0x00, 0x00, 0x00, 0x00, 0x00, 0x00, 0x00, 0x00, 0x00,
    0x0c, 0x00, 0x00, 0xf0, 0xff, 0xff, 0xff, 0xff, 0xff, 0xff, 0xff, 0xff, 0xff, 0xff, 0xff, 0xff,
    0x0c, 0x00, 0xff, 0xff, 0xff, 0xff, 0xff, 0xff, 0xff, 0xff, 0xff, 0xff, 0xff, 0xff, 0xff, 0xff,
    0x0c, 0x00, 0xff, 0xff, 0xff, 0xff, 0xff, 0xff, 0xff, 0xff, 0xff, 0xff, 0xff, 0xff, 0xff, 0xff,
    0x0c, 0x00, 0xff, 0xff, 0xff, 0xff, 0xff, 0xff, 0xff, 0xff, 0xff, 0xff, 0xff, 0xff, 0xff, 0xff,
    0x0c, 0x00, 0xff, 0xff, 0xff, 0xff, 0xff, 0xff, 0xff, 0xff, 0xff, 0xff, 0xff, 0xff, 0xff, 0xff,
    0x0c, 0x00, 0xff, 0xff, 0xff, 0xff, 0xff, 0xff, 0xff, 0xff, 0xff, 0xff, 0xff, 0xff, 0xff, 0xff,
    0x0c, 0x00, 0xff, 0xff, 0xff, 0xff, 0xff, 0x0f, 0x00, 0x00, 0x00, 0x00, 0x00, 0x00, 0x00, 0x00,
    0x0c, 0x00, 0x00, 0x00, 0x00, 0x00, 0x00, 0x00, 0x00, 0x00, 0x00, 0x00, 0x00, 0x00, 0x00, 0x00,
    0x0c, 0x00, 0x00, 0x00, 0x00, 0x00, 0x00, 0x00, 0x00, 0x00, 0x00, 0x00, 0x00, 0x00, 0x00, 0x00,
    0x0c, 0x00, 0x00, 0x00, 0x00, 0x00, 0x00, 0x00, 0x00, 0x00, 0x00, 0x00, 0x00, 0x00, 0x00, 0x00,
    0x0c, 0x00, 0x00, 0x00, 0x00, 0x00, 0x00, 0x00, 0x00, 0x00, 0x00, 0x00, 0x00, 0x00, 0x00, 0x00,
    0x0c, 0x00, 0x00, 0x00, 0x00, 0x00, 0x00, 0x00, 0x00, 0x00, 0x00, 0x00, 0x00, 0x00, 0x00, 0x00,
    0x0c, 0x00, 0x00, 0x00, 0x00, 0x00, 0x00, 0x00, 0x00, 0x00, 0x00, 0x00, 0x00, 0x00, 0xf0, 0xff,
    0x0c, 0x00, 0xff, 0xff, 0xff, 0xff, 0xff, 0xff, 0xff, 0xff, 0xff, 0xff, 0xff, 0xff, 0xff, 0xff,
    0x0c, 0x00, 0xff, 0xff, 0xff, 0xff, 0xff, 0xff, 0xff, 0xff, 0xff, 0xff, 0xff, 0xff, 0xff, 0xff,
    0x0c, 0x00, 0xff, 0xff, 0xff, 0xff, 0xff, 0xff, 0xff, 0xff, 0xff, 0xff, 0xff, 0xff, 0xff, 0xff,
    0x0c, 0x00, 0xff, 0xff, 0xff, 0xff, 0xff, 0xff, 0xff, 0xff, 0xff, 0xff, 0xff, 0xff, 0xff, 0xff,
    0x0c, 0x00, 0xff, 0xff, 0xff, 0xff, 0xff, 0xff, 0xff, 0xff, 0xff, 0xff, 0xff, 0xff, 0xff, 0xff,
    0x0c, 0x00, 0xff, 0xff, 0xff, 0xff, 0xff, 0xff, 0xff, 0xff, 0xff, 0xff, 0xff, 0xff, 0xff, 0xff,
    0x0c, 0x00, 0xff, 0xff, 0xff, 0x00, 0x00, 0x00, 0x00, 0x00, 0x00, 0x00, 0x00, 0x00, 0x00, 0x00,
    0x0c, 0x00, 0x00, 0x00, 0x00, 0x00, 0x00, 0x00, 0x00, 0x00, 0x00, 0x00, 0x00, 0x00, 0x00, 0x00,
    0x0c, 0x00, 0x00, 0x00, 0x00, 0x00, 0x00, 0x00, 0x00, 0x00, 0x00, 0x00, 0x00, 0x00, 0x00, 0x00,
    0x0c, 0x00, 0x00, 0x00, 0x00, 0x00, 0x00, 0x00, 0x00, 0x00, 0x00, 0x00, 0x00, 0x00, 0x00, 0x00,
    0x0c, 0x00, 0x00, 0x00, 0x00, 0x00, 0x00, 0x00, 0x00, 0x00, 0x00, 0x00, 0x00, 0x00, 0x00, 0x00,
    0x0c, 0x00, 0x00, 0x00, 0x00, 0x00, 0x00, 0x00, 0x00, 0x00, 0x00, 0x00, 0x00, 0x00, 0x00, 0x00,
    0x0c, 0x00, 0x00, 0x00, 0x00, 0x00, 0x00, 0x00, 0x00, 0x00, 0x00, 0x00, 0xff, 0xff, 0xff, 0xff,
    0x0c, 0x00, 0xff, 0xff, 0xff, 0xff, 0xff, 0xff, 0xff, 0xff, 0xff, 0xff, 0xff, 0xff, 0xff, 0xff,
    0x0c, 0x00, 0xff, 0xff, 0xff, 0xff, 0xff, 0xff, 0xff, 0xff, 0xff, 0xff, 0xff, 0xff, 0xff, 0xff,
    0x0c, 0x00, 0xff, 0xff, 0xff, 0xff, 0xff, 0xff, 0xff, 0xff, 0xff, 0xff, 0xff, 0xff, 0xff, 0xff,
    0x0c, 0x00, 0xff, 0xff, 0xff, 0xff, 0xff, 0xff, 0xff, 0xff, 0xff, 0xff, 0xff, 0xff, 0xff, 0xff,
    0x0c, 0x00, 0xff, 0xff, 0xff, 0xff, 0xff, 0xff, 0xff, 0xff, 0xff, 0xff, 0xff, 0xff, 0xff, 0xff,
    0x0c, 0x00, 0xff, 0xff, 0xff, 0xff, 0xff, 0xff, 0xff, 0xff, 0xff, 0xff, 0xff, 0xff, 0xff, 0xff,
    0x0c, 0x00, 0x00, 0x00, 0x00, 0x00, 0x00, 0x00, 0x00, 0x00, 0x00, 0x00, 0x00, 0x00, 0x00, 0x00,
    0x0c, 0x00, 0x00, 0x00, 0x00, 0x00, 0x00, 0x00, 0x00, 0x00, 0x00, 0x00, 0x00, 0x00, 0x00, 0x00,
    0x0c, 0x00, 0x00, 0x00, 0x00, 0x00, 0x00, 0x00, 0x00, 0x00, 0x00, 0x00, 0x00, 0x00, 0x00, 0x00,
    0x0c, 0x00, 0x00, 0x00, 0x00, 0x00, 0x00, 0x00, 0x00, 0x00, 0x00, 0x00, 0x00, 0x00, 0x00, 0x00,
    0x0c, 0x00, 0x00, 0x00, 0x00, 0x00, 0x00, 0x00, 0x00, 0x00, 0x00, 0x00, 0x00, 0x00, 0x00, 0x00,
    0x0c, 0x00, 0x00, 0x00, 0x00, 0x00, 0x00, 0x00, 0x00, 0x00, 0x00, 0x00, 0x00, 0x00, 0x00, 0x00,
    0x0c, 0x00, 0x00, 0x00, 0x00, 0x00, 0x00, 0x00, 0x00, 0xf0, 0xff, 0xff, 0xff, 0xff, 0xff, 0xff,
    0x0c, 0x00, 0xff, 0xff, 0xff, 0xff, 0xff, 0xff, 0xff, 0xff, 0xff, 0xff, 0xff, 0xff, 0xff, 0xff,
    0x0c, 0x00, 0xff, 0xff, 0xff, 0xff, 0xff, 0xff, 0xff, 0xff, 0xff, 0xff, 0xff, 0xff, 0xff, 0xff,
    0x0c, 0x00, 0xff, 0xff, 0xff, 0xff, 0xff, 0xff, 0xff, 0xff, 0xff, 0xff, 0xff, 0xff, 0xff, 0xff,
    0x0c, 0x00, 0xff, 0xff, 0xff, 0xff, 0xff, 0xff, 0xff, 0xff, 0xff, 0xff, 0xff, 0xff, 0xff, 0xff,
    0x0c, 0x00, 0xff, 0xff, 0xff, 0xff, 0xff, 0xff, 0xff, 0xff, 0xff, 0xff, 0xff, 0xff, 0xff, 0xff,
    0x0c, 0x00, 0xff, 0xff, 0xff, 0xff, 0xff, 0xff, 0xff, 0xff, 0xff, 0xff, 0xff, 0x0f, 0x00, 0x00,
    0x0c, 0x00, 0x00, 0x00, 0x00, 0x00, 0x00, 0x00, 0x00, 0x00, 0x00, 0x00, 0x00, 0x00, 0x00, 0x00,
    0x0c, 0x00, 0x00, 0x00, 0x00, 0x00, 0x00, 0x00, 0x00, 0x00, 0x00, 0x00, 0x00, 0x00, 0x00, 0x00,
    0x0c, 0x00, 0x00, 0x00, 0x00, 0x00, 0x00, 0x00, 0x00, 0x00, 0x00, 0x00, 0x00, 0x00, 0x00, 0x00,
    0x0c, 0x00, 0x00, 0x00, 0x00, 0x00, 0x00, 0x00, 0x00, 0x00, 0x00, 0x00, 0x00, 0x00, 0x00, 0x00,
    0x0c, 0x00, 0x00, 0x00, 0x00, 0x00, 0x00, 0x00, 0x00, 0x00, 0x00, 0x00, 0x00, 0x00, 0x00, 0x00,
    0x0c, 0x00, 0x00, 0x00, 0x00, 0x00, 0x00, 0x00, 0x00, 0x00, 0x00, 0x00, 0x00, 0x00, 0x00, 0x00,
    0x0c, 0x00, 0x00, 0x00, 0x00, 0x00, 0x00, 0xff, 0xff, 0xff, 0xff, 0xff, 0xff, 0xff, 0xff, 0xff,
    0x0c, 0x00, 0xff, 0xff, 0xff, 0xff, 0xff, 0xff, 0xff, 0xff, 0xff, 0xff, 0xff, 0xff, 0xff, 0xff,
    0x0c, 0x00, 0xff, 0xff, 0xff, 0xff, 0xff, 0xff, 0xff, 0xff, 0xff, 0xff, 0xff, 0xff, 0xff, 0xff,
    0x0c, 0x00, 0xff, 0xff, 0xff, 0xff, 0xff, 0xff, 0xff, 0xff, 0xff, 0xff, 0xff, 0xff, 0xff, 0xff,
    0x0c, 0x00, 0xff, 0xff, 0xff, 0xff, 0xff, 0xff, 0xff, 0xff, 0xff, 0xff, 0xff, 0xff, 0xff, 0xff,
    0x0c, 0x00, 0xff, 0xff, 0xff, 0xff, 0xff, 0xff, 0xff, 0xff, 0xff, 0xff, 0xff, 0xff, 0xff, 0xff,
    0x0c, 0x00, 0xff, 0xff, 0xff, 0xff, 0xff, 0xff, 0xff, 0xff, 0x0f, 0x00, 0x00, 0x00, 0x00, 0x00,
    0x0c, 0x00, 0x00, 0x00, 0x00, 0x00, 0x00, 0x00, 0x00, 0x00, 0x00, 0x00, 0x00, 0x00, 0x00, 0x00,
    0x0c, 0x00, 0x00, 0x00, 0x00, 0x00, 0x00, 0x00, 0x00, 0x00, 0x00, 0x00, 0x00, 0x00, 0x00, 0x00,
    0x0c, 0x00, 0x00, 0x00, 0x00, 0x00, 0x00, 0x00, 0x00, 0x00, 0x00, 0x00, 0x00, 0x00, 0x00, 0x00,
    0x0c, 0x00, 0x00, 0x00, 0x00, 0x00, 0x00, 0x00, 0x00, 0x00, 0x00, 0x00, 0x00, 0x00, 0x00, 0x00,
    0x0c, 0x00, 0x00, 0x00, 0x00, 0x00, 0x00, 0x00, 0x00, 0x00, 0x00, 0x00, 0x00, 0x00, 0x00, 0x00,
    0x0c, 0x00, 0x00, 0x00, 0x00, 0x00, 0x00, 0x00, 0x00, 0x00, 0x00, 0x00, 0x00, 0x00, 0x00, 0x00,
    0x0c, 0x00, 0x00, 0x00, 0xff, 0xff, 0xff, 0xff, 0xff, 0xff, 0xff, 0xff, 0xff, 0xff, 0xff, 0xff,
    0x0c, 0x00, 0xff, 0xff, 0xff, 0xff, 0xff, 0xff, 0xff, 0xff, 0xff, 0xff, 0xff, 0xff, 0xff, 0xff,
    0x0c, 0x00, 0xff, 0xff, 0xff, 0xff, 0xff, 0xff, 0xff, 0xff, 0xff, 0xff, 0xff, 0xff, 0xff, 0xff,
    0x0c, 0x00, 0xff, 0xff, 0xff, 0xff, 0xff, 0xff, 0xff, 0xff, 0xff, 0xff, 0xff, 0xff, 0xff, 0xff,
    0x0c, 0x00, 0xff, 0xff, 0xff, 0xff, 0xff, 0xff, 0xff, 0xff, 0xff, 0xff, 0xff, 0xff, 0xff, 0xff,
    0x0c, 0x00, 0xff, 0xff, 0xff, 0xff, 0xff, 0xff, 0xff, 0xff, 0xff, 0xff, 0xff, 0xff, 0xff, 0xff,
    0x0c, 0x00, 0xff, 0xff, 0xff, 0xff, 0xff, 0x00, 0x00, 0x00, 0x00, 0x00, 0x00, 0x00, 0x00, 0x00,
    0x0c, 0x00, 0x00, 0x00, 0x00, 0x00, 0x00, 0x00, 0x00, 0x00, 0x00, 0x00, 0x00, 0x00, 0x00, 0x00,
    0x0c, 0x00, 0x00, 0x00, 0x00, 0x00, 0x00, 0x00, 0x00, 0x00, 0x00, 0x00, 0x00, 0x00, 0x00, 0x00,
    0x0c, 0x00, 0x00, 0x00, 0x00, 0x00, 0x00, 0x00, 0x00, 0x00, 0x00, 0x00, 0x00, 0x00, 0x00, 0x00,
    0x0c, 0x00, 0x00, 0x00, 0x00, 0x00, 0x00, 0x00, 0x00, 0x00, 0x00, 0x00, 0x00, 0x00, 0x00, 0x00,
    0x0c, 0x00, 0x00, 0x00, 0x00, 0x00, 0x00, 0x00, 0x00, 0x00, 0x00, 0x00, 0x00, 0x00, 0x00, 0x00,
    0x0c, 0x00, 0x00, 0x00, 0x00, 0x00, 0x00, 0x00, 0x00, 0x00, 0x00, 0x00, 0x00, 0x00, 0x00, 0x00,
    0x0c, 0x00, 0xff, 0xff, 0xff, 0xff, 0xff, 0xff, 0xff, 0xff, 0xff, 0xff, 0xff, 0xff, 0xff, 0xff,
    0x0c, 0x00, 0xff, 0xff, 0xff, 0xff, 0xff, 0xff, 0xff, 0xff, 0xff, 0xff, 0xff, 0xff, 0xff, 0xff,
    0x0c, 0x00, 0xff, 0xff, 0xff, 0xff, 0xff, 0xff, 0xff, 0xff, 0xff, 0xff, 0xff, 0xff, 0xff, 0xff,
    0x0c, 0x00, 0xff, 0xff, 0xff, 0xff, 0xff, 0xff, 0xff, 0xff, 0xff, 0xff, 0xff, 0xff, 0xff, 0xff,
    0x0c, 0x00, 0xff, 0xff, 0xff, 0xff, 0xff, 0xff, 0xff, 0xff, 0xff, 0xff, 0xff, 0xff, 0xff, 0xff,
    0x0c, 0x00, 0xff, 0xff, 0xff, 0xff, 0xff, 0xff, 0xff, 0xff, 0xff, 0xff, 0xff, 0xff, 0xff, 0xff,
    0x0c, 0x00, 0xff, 0xff, 0x0f, 0x00, 0x00, 0x00, 0x00, 0x00, 0x00, 0x00, 0x00, 0x00, 0x00, 0x00,
    0x0c, 0x00, 0x00, 0x00, 0x00, 0x00, 0x00, 0x00, 0x00, 0x00, 0x00, 0x00, 0x00, 0x00, 0x00, 0x00,
    0x0c, 0x00, 0x00, 0x00, 0x00, 0x00, 0x00, 0x00, 0x00, 0x00, 0x00, 0x00, 0x00, 0x00, 0x00, 0x00,
    0x0c, 0x00, 0x00, 0x00, 0x00, 0x00, 0x00, 0x00, 0x00, 0x00, 0x00, 0x00, 0x00, 0x00, 0x00, 0x00,
    0x0c, 0x00, 0x00, 0x00, 0x00, 0x00, 0x00, 0x00, 0x00, 0x00, 0x00, 0x00, 0x00, 0x00, 0x00, 0x00,
    0x0c, 0x00, 0x00, 0x00, 0x00, 0x00, 0x00, 0x00, 0x00, 0x00, 0x00, 0x00, 0x00, 0x00, 0x00, 0x00,
    0x0c, 0x00, 0x00, 0x00, 0x00, 0x00, 0x00, 0x00, 0x00, 0x00, 0x00, 0x00, 0x00, 0xff, 0xff, 0xff,
    0x0c, 0x00, 0xff, 0xff, 0xff, 0xff, 0xff, 0xff, 0xff, 0xff, 0xff, 0xff, 0xff, 0xff, 0xff, 0xff,
    0x0c, 0x00, 0xff, 0xff, 0xff, 0xff, 0xff, 0xff, 0xff, 0xff, 0xff, 0xff, 0xff, 0xff, 0xff, 0xff,
    0x0c, 0x00, 0xff, 0xff, 0xff, 0xff, 0xff, 0xff, 0xff, 0xff, 0xff, 0xff, 0xff, 0xff, 0xff, 0xff,
    0x0c, 0x00, 0xff, 0xff, 0xff, 0xff, 0xff, 0xff, 0xff, 0xff, 0xff, 0xff, 0xff, 0xff, 0xff, 0xff,
    0x0c, 0x00, 0xff, 0xff, 0xff, 0xff, 0xff, 0xff, 0xff, 0xff, 0xff, 0xff, 0xff, 0xff, 0xff, 0xff,
    0x0c, 0x00, 0xff, 0xff, 0xff, 0xff, 0xff, 0xff, 0xff, 0xff, 0xff, 0xff, 0xff, 0xff, 0xff, 0xff,
    0x0c, 0x00, 0x00, 0x00, 0x00, 0x00, 0x00, 0x00, 0x00, 0x00, 0x00, 0x00, 0x00, 0x00, 0x00, 0x00,
    0x0c, 0x00, 0x00, 0x00, 0x00, 0x00, 0x00, 0x00, 0x00, 0x00, 0x00, 0x00, 0x00, 0x00, 0x00, 0x00,
    0x0c, 0x00, 0x00, 0x00, 0x00, 0x00, 0x00, 0x00, 0x00, 0x00, 0x00, 0x00, 0x00, 0x00, 0x00, 0x00,
    0x0c, 0x00, 0x00, 0x00, 0x00, 0x00, 0x00, 0x00, 0x00, 0x00, 0x00, 0x00, 0x00, 0x00, 0x00, 0x00,
    0x0c, 0x00, 0x00, 0x00, 0x00, 0x00, 0x00, 0x00, 0x00, 0x00, 0x00, 0x00, 0x00, 0x00, 0x00, 0x00,
    0x0c, 0x00, 0x00, 0x00, 0x00, 0x00, 0x00, 0x00, 0x00, 0x00, 0x00, 0x00, 0x00, 0x00, 0x00, 0x00,
    0x0c, 0x00, 0x00, 0x00, 0x00, 0x00, 0x00, 0x00, 0x00, 0x00, 0x00, 0xf0, 0xff, 0xff, 0xff, 0xff,
    0x0c, 0x00, 0xff, 0xff, 0xff, 0xff, 0xff, 0xff, 0xff, 0xff, 0xff, 0xff, 0xff, 0xff, 0xff, 0xff,
    0x0c, 0x00, 0xff, 0xff, 0xff, 0xff, 0xff, 0xff, 0xff, 0xff, 0xff, 0xff, 0xff, 0xff, 0xff, 0xff,
    0x0c, 0x00, 0xff, 0xff, 0xff, 0xff, 0xff, 0xff, 0xff, 0xff, 0xff, 0xff, 0xff, 0xff, 0xff, 0xff,
    0x0c, 0x00, 0xff, 0xff, 0xff, 0xff, 0xff, 0xff, 0xff, 0xff, 0xff, 0xff, 0xff, 0xff, 0xff, 0xff,
    0x0c, 0x00, 0xff, 0xff, 0xff, 0xff, 0xff, 0xff, 0xff, 0xff, 0xff, 0xff, 0xff, 0xff, 0xff, 0xff,
    0x0c, 0x00, 0xff, 0xff, 0xff, 0xff, 0xff, 0xff, 0xff, 0xff, 0xff, 0xff, 0xff, 0x00, 0x00, 0x00,
    0x0c, 0x00, 0x00, 0x00, 0x00, 0x00, 0x00, 0x00, 0x00, 0x00, 0x00, 0x00, 0x00, 0x00, 0x00, 0x00,
    0x0c, 0x00, 0x00, 0x00, 0x00, 0x00, 0x00, 0x00, 0x00, 0x00, 0x00, 0x00, 0x00, 0x00, 0x00, 0x00,
    0x0c, 0x00, 0x00, 0x00, 0x00, 0x00, 0x00, 0x00, 0x00, 0x00, 0x00, 0x00, 0x00, 0x00, 0x00, 0x00,
    0x0c, 0x00, 0x00, 0x00, 0x00, 0x00, 0x00, 0x00, 0x00, 0x00, 0x00, 0x00, 0x00, 0x00, 0x00, 0x00,
    0x0c, 0x00, 0x00, 0x00, 0x00, 0x00, 0x00, 0x00, 0x00, 0x00, 0x00, 0x00, 0x00, 0x00, 0x00, 0x00,
    0x0c, 0x00, 0x00, 0x00, 0x00, 0x00, 0x00, 0x00, 0x00, 0x00, 0x00, 0x00, 0x00, 0x00, 0x00, 0x00,
    0x0c, 0x00, 0x00, 0x00, 0x00, 0x00, 0x00, 0x00, 0x00, 0xff, 0xff, 0xff, 0xff, 0xff, 0xff, 0xff,
    0x0c, 0x00, 0xff, 0xff, 0xff, 0xff, 0xff, 0xff, 0xff, 0xff, 0xff, 0xff, 0xff, 0xff, 0xff, 0xff,
    0x0c, 0x00, 0xff, 0xff, 0xff, 0xff, 0xff, 0xff, 0xff, 0xff, 0xff, 0xff, 0xff, 0xff, 0xff, 0xff,
    0x0c, 0x00, 0xff, 0xff, 0xff, 0xff, 0xff, 0xff, 0xff, 0xff, 0xff, 0xff, 0xff, 0xff, 0xff, 0xff,
    0x0c, 0x00, 0xff, 0xff, 0xff, 0xff, 0xff, 0xff, 0xff, 0xff, 0xff, 0xff, 0xff, 0xff, 0xff, 0xff,
    0x0c, 0x00, 0xff, 0xff, 0xff, 0xff, 0xff, 0xff, 0xff, 0xff, 0xff, 0xff, 0xff, 0xff, 0xff, 0xff,
    0x0c, 0x00, 0xff, 0xff, 0xff, 0xff, 0xff, 0xff, 0xff, 0xff, 0x0f, 0x00, 0x00, 0x00, 0x00, 0x00,
    0x0c, 0x00, 0x00, 0x00, 0x00, 0x00, 0x00, 0x00, 0x00, 0x00, 0x00, 0x00, 0x00, 0x00, 0x00, 0x00,
    0x0c, 0x00, 0x00, 0x00, 0x00, 0x00, 0x00, 0x00, 0x00, 0x00, 0x00, 0x00, 0x00, 0x00, 0x00, 0x00,
    0x0c, 0x00, 0x00, 0x00, 0x00, 0x00, 0x00, 0x00, 0x00, 0x00, 0x00, 0x00, 0x00, 0x00, 0x00, 0x00,
    0x0c, 0x00, 0x00, 0x00, 0x00, 0x00, 0x00, 0x00, 0x00, 0x00, 0x00, 0x00, 0x00, 0x00, 0x00, 0x00,
    0x0c, 0x00, 0x00, 0x00, 0x00, 0x00, 0x00, 0x00, 0x00, 0x00, 0x00, 0x00, 0x00, 0x00, 0x00, 0x00,
    0x0c, 0x00, 0x00, 0x00, 0x00, 0x00, 0x00, 0x00, 0x00, 0x00, 0x00, 0x00, 0x00, 0x00, 0x00, 0x00,
    0x0c, 0x00, 0x00, 0x00, 0x00, 0x00, 0xff, 0xff, 0xff, 0xff, 0xff, 0xff, 0xff, 0xff, 0xff, 0xff,
    0x0c, 0x00, 0xff, 0xff, 0xff, 0xff, 0xff, 0xff, 0xff, 0xff, 0xff, 0xff, 0xff, 0xff, 0xff, 0xff,
    0x0c, 0x00, 0xff, 0xff, 0xff, 0xff, 0xff, 0xff, 0xff, 0xff, 0xff, 0xff, 0xff, 0xff, 0xff, 0xff,
    0x0c, 0x00, 0xff, 0xff, 0xff, 0xff, 0xff, 0xff, 0xff, 0xff, 0xff, 0xff, 0xff, 0xff, 0xff, 0xff,
    0x0c, 0x00, 0xff, 0xff, 0xff, 0xff, 0xff, 0xff, 0xff, 0xff, 0xff, 0xff, 0xff, 0xff, 0xff, 0xff,
    0x0c, 0x00, 0xff, 0xff, 0xff, 0xff, 0xff, 0xff, 0xff, 0xff, 0xff, 0xff, 0xff, 0xff, 0xff, 0xff,
    0x0c, 0x00, 0xff, 0xff, 0xff, 0xff, 0xff, 0x0f, 0x00, 0x00, 0x00, 0x00, 0x00, 0x00, 0x00, 0x00,
    0x0c, 0x00, 0x00, 0x00, 0x00, 0x00, 0x00, 0x00, 0x00, 0x00, 0x00, 0x00, 0x00, 0x00, 0x00, 0x00,
    0x0c, 0x00, 0x00, 0x00, 0x00, 0x00, 0x00, 0x00, 0x00, 0x00, 0x00, 0x00, 0x00, 0x00, 0x00, 0x00,
    0x0c, 0x00, 0x00, 0x00, 0x00, 0x00, 0x00, 0x00, 0x00, 0x00, 0x00, 0x00, 0x00, 0x00, 0x00, 0x00,
    0x0c, 0x00, 0x00, 0x00, 0x00, 0x00, 0x00, 0x00, 0x00, 0x00, 0x00, 0x00, 0x00, 0x00, 0x00, 0x00,
    0x0c, 0x00, 0x00, 0x00, 0x00, 0x00, 0x00, 0x00, 0x00, 0x00, 0x00, 0x00, 0x00, 0x00, 0x00, 0x00,
    0x0c, 0x00, 0x00, 0x00, 0x00, 0x00, 0x00, 0x00, 0x00, 0x00, 0x00, 0x00, 0x00, 0x00, 0x00, 0x00,
    0x0c, 0x00, 0x00, 0x00, 0xff, 0xff, 0xff, 0xff, 0xff, 0xff, 0xff, 0xff, 0xff, 0xff, 0xff, 0xff,
    0x0c, 0x00, 0xff, 0xff, 0xff, 0xff, 0xff, 0xff, 0xff, 0xff, 0xff, 0xff, 0xff, 0xff, 0xff, 0xff,
    0x0c, 0x00, 0xff, 0xff, 0xff, 0xff, 0xff, 0xff, 0xff, 0xff, 0xff, 0xff, 0xff, 0xff, 0xff, 0xff,
    0x0c, 0x00, 0xff, 0xff, 0xff, 0xff, 0xff, 0xff, 0xff, 0xff, 0xff, 0xff, 0xff, 0xff, 0xff, 0xff,
    0x0c, 0x00, 0xff, 0xff, 0xff, 0xff, 0xff, 0xff, 0xff, 0xff, 0xff, 0xff, 0xff, 0xff, 0xff, 0xff,
    0x0c, 0x00, 0xff, 0xff, 0xff, 0xff, 0xff, 0xff, 0xff, 0xff, 0xff, 0xff, 0xff, 0xff, 0xff, 0xff,
    0x0c, 0x00, 0xff, 0x0f, 0x00, 0x00, 0x00, 0x00, 0x00, 0x00, 0x00, 0x00, 0x00, 0x00, 0x00, 0x00,
    0x0c, 0x00, 0x00, 0x00, 0x00, 0x00, 0x00, 0x00, 0x00, 0x00, 0x00, 0x00, 0x00, 0x00, 0x00, 0x00,
    0x0c, 0x00, 0x00, 0x00, 0x00, 0x00, 0x00, 0x00, 0x00, 0x00, 0x00, 0x00, 0x00, 0x00, 0x00, 0x00,
    0x0c, 0x00, 0x00, 0x00, 0x00, 0x00, 0x00, 0x00, 0x00, 0x00, 0x00, 0x00, 0x00, 0x00, 0x00, 0x00,
    0x0c, 0x00, 0x00, 0x00, 0x00, 0x00, 0x00, 0x00, 0x00, 0x00, 0x00, 0x00, 0x00, 0x00, 0x00, 0x00,
    0x0c, 0x00, 0x00, 0x00, 0x00, 0x00, 0x00, 0x00, 0x00, 0x00, 0x00, 0x00, 0x00, 0x00, 0x00, 0x00,
    0x0c, 0x00, 0x00, 0x00, 0x00, 0x00, 0x00, 0x00, 0x00, 0x00, 0x00, 0x00, 0x00, 0x00, 0x00, 0x00,
    0x0c, 0x00, 0x00, 0xf0, 0xff, 0xff, 0xff, 0xff, 0xff, 0xff, 0xff, 0xff, 0xff, 0xff, 0xff, 0xff,
    0x0c, 0x00, 0xff, 0xff, 0xff, 0xff, 0xff, 0xff, 0xff, 0xff, 0xff, 0xff, 0xff, 0xff, 0xff, 0xff,
    0x0c, 0x00, 0xff, 0xff, 0xff, 0xff, 0xff, 0xff, 0xff, 0xff, 0xff, 0xff, 0xff, 0xff, 0xff, 0xff,
    0x0c, 0x00, 0xff, 0xff, 0xff, 0xff, 0xff, 0xff, 0xff, 0xff, 0xff, 0xff, 0xff, 0xff, 0xff, 0xff,
    0x0c, 0x00, 0xff, 0xff, 0xff, 0xff, 0xff, 0xff, 0xff, 0xff, 0xff, 0xff, 0xff, 0xff, 0xff, 0xff,
    0x0c, 0x00, 0xff, 0xff, 0xff, 0xff, 0xff, 0xff, 0xff, 0xff, 0xff, 0xff, 0xff, 0xff, 0xff, 0x00,
    0x0c, 0x00, 0x00, 0x00, 0x00, 0x00, 0x00, 0x00, 0x00, 0x00, 0x00, 0x00, 0x00, 0x00, 0x00, 0x00,
    0x0c, 0x00, 0x00, 0x00, 0x00, 0x00, 0x00, 0x00, 0x00, 0x00, 0x00, 0x00, 0x00, 0x00, 0x00, 0x00,
    0x0c, 0x00, 0x00, 0x00, 0x00, 0x00, 0x00, 0x00, 0x00, 0x00, 0x00, 0x00, 0x00, 0x00, 0x00, 0x00,
    0x0c, 0x00, 0x00, 0x00, 0x00, 0x00, 0x00, 0x00, 0x00, 0x00, 0x00, 0x00, 0x00, 0x00, 0x00, 0x00,
    0x0c, 0x00, 0x00, 0x00, 0x00, 0x00, 0x00, 0x00, 0x00, 0x00, 0x00, 0x00, 0x00, 0x00, 0x00, 0x00,
    0x0c, 0x00, 0x00, 0x00, 0x00, 0x00, 0x00, 0x00, 0x00, 0x00, 0x00, 0x00, 0x00, 0x00, 0x00, 0x00,
    0x0c, 0x00, 0x00, 0x00, 0x00, 0x00, 0x00, 0x00, 0x00, 0x00, 0x00, 0x00, 0x00, 0xff, 0xff, 0xff,
    0x0c, 0x00, 0xff, 0xff, 0xff, 0xff, 0xff, 0xff, 0xff, 0xff, 0xff, 0xff, 0xff, 0xff, 0xff, 0xff,
    0x0c, 0x00, 0xff, 0xff, 0xff, 0xff, 0xff, 0xff, 0xff, 0xff, 0xff, 0xff, 0xff, 0xff, 0xff, 0xff,
    0x0c, 0x00, 0xff, 0xff, 0xff, 0xff, 0xff, 0xff, 0xff, 0xff, 0xff, 0xff, 0xff, 0xff, 0xff, 0xff,
    0x0c, 0x00, 0xff, 0xff, 0xff, 0xff, 0xff, 0xff, 0xff, 0xff, 0xff, 0xff, 0xff, 0xff, 0xff, 0xff,
    0x0c, 0x00, 0xff, 0xff, 0xff, 0xff, 0xff, 0xff, 0xff, 0xff, 0xff, 0xff, 0xff, 0xff, 0xff, 0xff,
    0x0c, 0x00, 0xff, 0xff, 0xff, 0xff, 0xff, 0xff, 0xff, 0xff, 0xff, 0xff, 0xff, 0x00, 0x00, 0x00,
    0x0c, 0x00, 0x00, 0x00, 0x00, 0x00, 0x00, 0x00, 0x00, 0x00, 0x00, 0x00, 0x00, 0x00, 0x00, 0x00,
    0x0c, 0x00, 0x00, 0x00, 0x00, 0x00, 0x00, 0x00, 0x00, 0x00, 0x00, 0x00, 0x00, 0x00, 0x00, 0x00,
    0x0c, 0x00, 0x00, 0x00, 0x00, 0x00, 0x00, 0x00, 0x00, 0x00, 0x00, 0x00, 0x00, 0x00, 0x00, 0x00,
    0x0c, 0x00, 0x00, 0x00, 0x00, 0x00, 0x00, 0x00, 0x00, 0x00, 0x00, 0x00, 0x00, 0x00, 0x00, 0x00,
    0x0c, 0x00, 0x00, 0x00, 0x00, 0x00, 0x00, 0x00, 0x00, 0x00, 0x00, 0x00, 0x00, 0x00, 0x00, 0x00,
    0x0c, 0x00, 0x00, 0x00, 0x00, 0x00, 0x00, 0x00, 0x00, 0x00, 0x00, 0x00, 0x00, 0x00, 0x00, 0x00,
    0x0c, 0x00, 0x00, 0x00, 0x00, 0x00, 0x00, 0x00, 0x00, 0x00, 0x00, 0x00, 0x00, 0x00, 0xf0, 0xff,
    0x0c, 0x00, 0xff, 0xff, 0xff, 0xff, 0xff, 0xff, 0xff, 0xff, 0xff, 0xff, 0xff, 0xff, 0xff, 0xff,
    0x0c, 0x00, 0xff, 0xff, 0xff, 0xff, 0xff, 0xff, 0xff, 0xff, 0xff, 0xff, 0xff, 0xff, 0xff, 0xff,
    0x0c, 0x00, 0xff, 0xff, 0xff, 0xff, 0xff, 0xff, 0xff, 0xff, 0xff, 0xff, 0xff, 0xff, 0xff, 0xff,
    0x0c, 0x00, 0xff, 0xff, 0xff, 0xff, 0xff, 0xff, 0xff, 0xff, 0xff, 0xff, 0xff, 0xff, 0xff, 0xff,
    0x0c, 0x00, 0xff, 0xff, 0xff, 0xff, 0xff, 0xff, 0xff, 0xff, 0xff, 0xff, 0xff, 0xff, 0xff, 0xff,
    0x0c, 0x00, 0xff, 0xff, 0xff, 0xff, 0xff, 0x0f, 0x00, 0x00, 0x00, 0x00, 0x00, 0x00, 0x00, 0x00,
    0x0c, 0x00, 0x00, 0x00, 0x00, 0x00, 0x00, 0x00, 0x00, 0x00, 0x00, 0x00, 0x00, 0x00, 0x00, 0x00,
    0x0c, 0x00, 0x00, 0x00, 0x00, 0x00, 0x00, 0x00, 0x00, 0x00, 0x00, 0x00, 0x00, 0x00, 0x00, 0x00,
    0x0c, 0x00, 0x00, 0x00, 0x00, 0x00, 0x00, 0x00, 0x00, 0x00, 0x00, 0x00, 0x00, 0x00, 0x00, 0x00,
    0x0c, 0x00, 0x00, 0x00, 0x00, 0x00, 0x00, 0x00, 0x00, 0x00, 0x00, 0x00, 0x00, 0x00, 0x00, 0x00,
    0x0c, 0x00, 0x00, 0x00, 0x00, 0x00, 0x00, 0x00, 0x00, 0x00, 0x00, 0x00, 0x00, 0x00, 0x00, 0x00,
    0x0c, 0x00, 0x00, 0x00, 0x00, 0x00, 0x00, 0x00, 0x00, 0x00, 0x00, 0x00, 0x00, 0x00, 0x00, 0x00,
    0x0c, 0x00, 0x00, 0x00, 0x00, 0x00, 0x00, 0xf0, 0xff, 0xff, 0xff, 0xff, 0xff, 0xff, 0xff, 0xff,
    0x0c, 0x00, 0xff, 0xff, 0xff, 0xff, 0xff, 0xff, 0xff, 0xff, 0xff, 0xff, 0xff, 0xff, 0xff, 0xff,
    0x0c, 0x00, 0xff, 0xff, 0xff, 0xff, 0xff, 0xff, 0xff, 0xff, 0xff, 0xff, 0xff, 0xff, 0xff, 0xff,
    0x0c, 0x00, 0xff, 0xff, 0xff, 0xff, 0xff, 0xff, 0xff, 0xff, 0xff, 0xff, 0xff, 0xff, 0xff, 0xff,
    0x0c, 0x00, 0xff, 0xff, 0xff, 0xff, 0xff, 0xff, 0xff, 0xff, 0xff, 0xff, 0xff, 0xff, 0xff, 0xff,
    0x0c, 0x00, 0xff, 0xff, 0xff, 0xff, 0xff, 0xff, 0xff, 0xff, 0xff, 0xff, 0xff, 0xff, 0xff, 0xff,
    0x0c, 0x00, 0xff, 0x0f, 0x00, 0x00, 0x00, 0x00, 0x00, 0x00, 0x00, 0x00, 0x00, 0x00, 0x00, 0x00,
    0x0c, 0x00, 0x00, 0x00, 0x00, 0x00, 0x00, 0x00, 0x00, 0x00, 0x00, 0x00, 0x00, 0x00, 0x00, 0x00,
    0x0c, 0x00, 0x00, 0x00, 0x00, 0x00, 0x00, 0x00, 0x00, 0x00, 0x00, 0x00, 0x00, 0x00, 0x00, 0x00,
    0x0c, 0x00, 0x00, 0x00, 0x00, 0x00, 0x00, 0x00, 0x00, 0x00, 0x00, 0x00, 0x00, 0x00, 0x00, 0x00,
    0x0c, 0x00, 0x00, 0x00, 0x00, 0x00, 0x00, 0x00, 0x00, 0x00, 0x00, 0x00, 0x00, 0x00, 0x00, 0x00,
    0x0c, 0x00, 0x00, 0x00, 0x00, 0x00, 0x00, 0x00, 0x00, 0x00, 0x00, 0x00, 0x00, 0x00, 0x00, 0x00,
    0x0c, 0x00, 0x00, 0x00, 0x00, 0x00, 0x00, 0x00, 0x00, 0x00, 0x00, 0x00, 0x00, 0x00, 0x00, 0x00,
    0x0c, 0x00, 0x00, 0x00, 0x00, 0x00, 0x00, 0x00, 0x00, 0x00, 0x00, 0x00, 0x00, 0x00, 0xf0, 0xff,
    0x0c, 0x00, 0xff, 0xff, 0xff, 0xff, 0xff, 0xff, 0xff, 0xff, 0xff, 0xff, 0xff, 0xff, 0xff, 0xff,
    0x0c, 0x00, 0xff, 0xff, 0xff, 0xff, 0xff, 0xff, 0xff, 0xff, 0xff, 0xff, 0xff, 0xff, 0xff, 0xff,
    0x0c, 0x00, 0xff, 0xff, 0xff, 0xff, 0xff, 0xff, 0xff, 0xff, 0xff, 0xff, 0xff, 0xff, 0xff, 0xff,
    0x0c, 0x00, 0xff, 0xff, 0xff, 0xff, 0xff, 0xff, 0xff, 0xff, 0xff, 0xff, 0xff, 0xff, 0xff, 0xff,
    0x0c, 0x00, 0xff, 0xff, 0xff, 0xff, 0xff, 0xff, 0xff, 0xff, 0xff, 0xff, 0xff, 0xff, 0xff, 0xff,
    0x0c, 0x00, 0xff, 0xff, 0xff, 0x0f, 0x00, 0x00, 0x00, 0x00, 0x00, 0x00, 0x00, 0x00, 0x00, 0x00,
    0x0c, 0x00, 0x00, 0x00, 0x00, 0x00, 0x00, 0x00, 0x00, 0x00, 0x00, 0x00, 0x00, 0x00, 0x00, 0x00,
    0x0c, 0x00, 0x00, 0x00, 0x00, 0x00, 0x00, 0x00, 0x00, 0x00, 0x00, 0x00, 0x00, 0x00, 0x00, 0x00,
    0x0c, 0x00, 0x00, 0x00, 0x00, 0x00, 0x00, 0x00, 0x00, 0x00, 0x00, 0x00, 0x00, 0x00, 0x00, 0x00,
    0x0c, 0x00, 0x00, 0x00, 0x00, 0x00, 0x00, 0x00, 0x00, 0x00, 0x00, 0x00, 0x00, 0x00, 0x00, 0x00,
    0x0c, 0x00, 0x00, 0x00, 0x00, 0x00, 0x00, 0x00, 0x00, 0x00, 0x00, 0x00, 0x00, 0x00, 0x00, 0x00,
    0x0c, 0x00, 0x00, 0x00, 0x00, 0x00, 0x00, 0x00, 0x00, 0x00, 0x00, 0x00, 0x00, 0x00, 0x00, 0x00,
    0x0c, 0x00, 0x00, 0x00, 0x00, 0x00, 0x00, 0x00, 0xff, 0xff, 0xff, 0xff, 0xff, 0xff, 0xff, 0xff,
    0x0c, 0x00, 0xff, 0xff, 0xff, 0xff, 0xff, 0xff, 0xff, 0xff, 0xff, 0xff, 0xff, 0xff, 0xff, 0xff,
    0x0c, 0x00, 0xff, 0xff, 0xff, 0xff, 0xff, 0xff, 0xff, 0xff, 0xff, 0xff, 0xff, 0xff, 0xff, 0xff,
    0x0c, 0x00, 0xff, 0xff, 0xff, 0xff, 0xff, 0xff, 0xff, 0xff, 0xff, 0xff, 0xff, 0xff, 0xff, 0xff,
    0x0c, 0x00, 0xff, 0xff, 0xff, 0xff, 0xff, 0xff, 0xff, 0xff, 0xff, 0xff, 0xff, 0xff, 0xff, 0xff,
    0x0c, 0x00, 0xff, 0xff, 0xff, 0xff, 0xff, 0xff, 0xff, 0x0f, 0x00, 0x00, 0x00, 0x00, 0x00, 0x00,
    0x0c, 0x00, 0x00, 0x00, 0x00, 0x00, 0x00, 0x00, 0x00, 0x00, 0x00, 0x00, 0x00, 0x00, 0x00, 0x00,
    0x0c, 0x00, 0x00, 0x00, 0x00, 0x00, 0x00, 0x00, 0x00, 0x00, 0x00, 0x00, 0x00, 0x00, 0x00, 0x00,
    0x0c, 0x00, 0x00, 0x00, 0x00, 0x00, 0x00, 0x00, 0x00, 0x00, 0x00, 0x00, 0x00, 0x00, 0x00, 0x00,
    0x0c, 0x00, 0x00, 0x00, 0x00, 0x00, 0x00, 0x00, 0x00, 0x00, 0x00, 0x00, 0x00, 0x00, 0x00, 0x00,
    0x0c, 0x00, 0x00, 0x00, 0x00, 0x00, 0x00, 0x00, 0x00, 0x00, 0x00, 0x00, 0x00, 0x00, 0x00, 0x00,
    0x0c, 0x00, 0x00, 0x00, 0x00, 0x00, 0x00, 0x00, 0x00, 0x00, 0x00, 0x00, 0x00, 0x00, 0x00, 0x00,
    0x0c, 0x00, 0x00, 0x00, 0x00, 0x00, 0x00, 0x00, 0x00, 0x00, 0x00, 0x00, 0xff, 0xff, 0xff, 0xff,
    0x0c, 0x00, 0xff, 0xff, 0xff, 0xff, 0xff, 0xff, 0xff, 0xff, 0xff, 0xff, 0xff, 0xff, 0xff, 0xff,
    0x0c, 0x00, 0xff, 0xff, 0xff, 0xff, 0xff, 0xff, 0xff, 0xff, 0xff, 0xff, 0xff, 0xff, 0xff, 0xff,
    0x0c, 0x00, 0xff, 0xff, 0xff, 0xff, 0xff, 0xff, 0xff, 0xff, 0xff, 0xff, 0xff, 0xff, 0xff, 0xff,
    0x0c, 0x00, 0xff, 0xff, 0xff, 0xff, 0xff, 0xff, 0xff, 0xff, 0xff, 0xff, 0xff, 0xff, 0xff, 0xff,
    0x0c, 0x00, 0xff, 0xff, 0xff, 0xff, 0xff, 0xff, 0xff, 0xff, 0xff, 0xff, 0xff, 0x0f, 0x00, 0x00,
    0x0c, 0x00, 0x00, 0x00, 0x00, 0x00, 0x00, 0x00, 0x00, 0x00, 0x00, 0x00, 0x00, 0x00, 0x00, 0x00,
    0x0c, 0x00, 0x00, 0x00, 0x00, 0x00, 0x00, 0x00, 0x00, 0x00, 0x00, 0x00, 0x00, 0x00, 0x00, 0x00,
    0x0c, 0x00, 0x00, 0x00, 0x00, 0x00, 0x00, 0x00, 0x00, 0x00, 0x00, 0x00, 0x00, 0x00, 0x00, 0x00,
    0x0c, 0x00, 0x00, 0x00, 0x00, 0x00, 0x00, 0x00, 0x00, 0x00, 0x00, 0x00, 0x00, 0x00, 0x00, 0x00,
    0x0c, 0x00, 0x00, 0x00, 0x00, 0x00, 0x00, 0x00, 0x00, 0x00, 0x00, 0x00, 0x00, 0x00, 0x00, 0x00,
    0x0c, 0x00, 0x00, 0x00, 0x00, 0x00, 0x00, 0x00, 0x00, 0x00, 0x00, 0x00, 0x00, 0x00, 0x00, 0x00,
    0x0c, 0x00, 0x00, 0x00, 0x00, 0x00, 0x00, 0x00, 0x00, 0x00, 0x00, 0x00, 0x00, 0x00, 0x00, 0x00,
    0x0c, 0x00, 0x00, 0x00, 0x00, 0x00, 0x00, 0x00, 0x00, 0x00, 0x00, 0x00, 0x00, 0x00, 0x00, 0x00,
    0x0c, 0x00, 0x00, 0x00, 0x00, 0x00, 0x00, 0x00, 0x00, 0x00, 0x00, 0x00, 0x00, 0x00, 0x00, 0x00,
    0x0c, 0x00, 0x00, 0xff, 0xff, 0xff, 0xff, 0xff, 0xff, 0xff, 0xff, 0xff, 0xff, 0xff, 0xff, 0xff,
    0x0c, 0x00, 0xff, 0xff, 0xff, 0xff, 0xff, 0xff, 0xff, 0xff, 0xff, 0xff, 0xff, 0xff, 0xff, 0xff,
    0x0c, 0x00, 0xff, 0xff, 0xff, 0xff, 0xff, 0xff, 0xff, 0xff, 0xff, 0xff, 0xff, 0xff, 0xff, 0xff,
    0x0c, 0x00, 0xff, 0xff, 0xff, 0xff, 0xff, 0xff, 0xff, 0xff, 0xff, 0xff, 0xff, 0xff, 0xff, 0xff,
    0x0c, 0x00, 0xff, 0xff, 0xff, 0xff, 0xff, 0xff, 0xff, 0xff, 0xff, 0xff, 0xff, 0xff, 0xff, 0xff,
    0x0c, 0x00, 0xff, 0xff, 0xff, 0xff, 0xff, 0x0f, 0x00, 0x00, 0x00, 0x00, 0x00, 0x00, 0x00, 0x00,
    0x0c, 0x00, 0x00, 0x00, 0x00, 0x00, 0x00, 0x00, 0x00, 0x00, 0x00, 0x00, 0x00, 0x00, 0x00, 0x00,
    0x0c, 0x00, 0x00, 0x00, 0x00, 0x00, 0x00, 0x00, 0x00, 0x00, 0x00, 0x00, 0x00, 0x00, 0x00, 0x00,
    0x0c, 0x00, 0x00, 0x00, 0x00, 0x00, 0x00, 0x00, 0x00, 0x00, 0x00, 0x00, 0x00, 0x00, 0x00, 0x00,
    0x0c, 0x00, 0x00, 0x00, 0x00, 0x00, 0x00, 0x00, 0x00, 0x00, 0x00, 0x00, 0x00, 0x00, 0x00, 0x00,
    0x0c, 0x00, 0x00, 0x00, 0x00, 0x00, 0x00, 0x00, 0x00, 0x00, 0x00, 0x00, 0x00, 0x00, 0x00, 0x00,
    0x0c, 0x00, 0x00, 0x00, 0x00, 0x00, 0x00, 0x00, 0x00, 0x00, 0x00, 0x00, 0x00, 0x00, 0x00, 0x00,
    0x0c, 0x00, 0x00, 0x00, 0x00, 0x00, 0x00, 0x00, 0x00, 0x00, 0x00, 0x00, 0x00, 0x00, 0x00, 0x00,
    0x0c, 0x00, 0x00, 0x00, 0x00, 0x00, 0x00, 0x00, 0x00, 0x00, 0x00, 0x00, 0x00, 0x00, 0x00, 0x00,
    0x0c, 0x00, 0x00, 0x00, 0x00, 0x00, 0x00, 0xff, 0xff, 0xff, 0xff, 0xff, 0xff, 0xff, 0xff, 0xff,
    0x0c, 0x00, 0xff, 0xff, 0xff, 0xff, 0xff, 0xff, 0xff, 0xff, 0xff, 0xff, 0xff, 0xff, 0xff, 0xff,
    0x0c, 0x00, 0xff, 0xff, 0xff, 0xff, 0xff, 0xff, 0xff, 0xff, 0xff, 0xff, 0xff, 0xff, 0xff, 0xff,
    0x0c, 0x00, 0xff, 0xff, 0xff, 0xff, 0xff, 0xff, 0xff, 0xff, 0xff, 0xff, 0xff, 0xff, 0xff, 0xff,
    0x0c, 0x00, 0xff, 0xff, 0xff, 0xff, 0xff, 0xff, 0xff, 0xff, 0xff, 0xff, 0x0f, 0x00, 0x00, 0x00,
    0x0c, 0x00, 0x00, 0x00, 0x00, 0x00, 0x00, 0x00, 0x00, 0x00, 0x00, 0x00, 0x00, 0x00, 0x00, 0x00,
    0x0c, 0x00, 0x00, 0x00, 0x00, 0x00, 0x00, 0x00, 0x00, 0x00, 0x00, 0x00, 0x00, 0x00, 0x00, 0x00,
    0x0c, 0x00, 0x00, 0x00, 0x00, 0x00, 0x00, 0x00, 0x00, 0x00, 0x00, 0x00, 0x00, 0x00, 0x00, 0x00,
    0x0c, 0x00, 0x00, 0x00, 0x00, 0x00, 0x00, 0x00, 0x00, 0x00, 0x00, 0x00, 0x00, 0x00, 0x00, 0x00,
    0x0c, 0x00, 0x00, 0x00, 0x00, 0x00, 0x00, 0x00, 0x00, 0x00, 0x00, 0x00, 0x00, 0x00, 0x00, 0x00,
    0x0c, 0x00, 0x00, 0x00, 0x00, 0x00, 0x00, 0x00, 0x00, 0x00, 0x00, 0x00, 0x00, 0x00, 0x00, 0x00,
    0x0c, 0x00, 0x00, 0x00, 0x00, 0x00, 0x00, 0x00, 0x00, 0x00, 0x00, 0x00, 0x00, 0x00, 0x00, 0x00,
    0x0c, 0x00, 0x00, 0x00, 0x00, 0x00, 0x00, 0x00, 0x00, 0x00, 0x00, 0x00, 0x00, 0x00, 0xf0, 0xff,
    0x0c, 0x00, 0xff, 0xff, 0xff, 0xff, 0xff, 0xff, 0xff, 0xff, 0xff, 0xff, 0xff, 0xff, 0xff, 0xff,
    0x0c, 0x00, 0xff, 0xff, 0xff, 0xff, 0xff, 0xff, 0xff, 0xff, 0xff, 0xff, 0xff, 0xff, 0xff, 0xff,
    0x0c, 0x00, 0xff, 0xff, 0xff, 0xff, 0xff, 0xff, 0xff, 0xff, 0xff, 0xff, 0xff, 0xff, 0xff, 0xff,
    0x0c, 0x00, 0xff, 0xff, 0xff, 0xff, 0xff, 0xff, 0xff, 0x00, 0x00, 0x00, 0x00, 0x00, 0x00, 0x00,
    0x0c, 0x00, 0x00, 0x00, 0x00, 0x00, 0x00, 0x00, 0x00, 0x00, 0x00, 0x00, 0x00, 0x00, 0x00, 0x00,
    0x0c, 0x00, 0x00, 0x00, 0x00, 0x00, 0x00, 0x00, 0x00, 0x00, 0x00, 0x00, 0x00, 0x00, 0x00, 0x00,
    0x0c, 0x00, 0x00, 0x00, 0x00, 0x00, 0x00, 0x00, 0x00, 0x00, 0x00, 0x00, 0x00, 0x00, 0x00, 0x00,
    0x0c, 0x00, 0x00, 0x00, 0x00, 0x00, 0x00, 0x00, 0x00, 0x00, 0x00, 0x00, 0x00, 0x00, 0x00, 0x00,
    0x0c, 0x00, 0x00, 0x00, 0x00, 0x00, 0x00, 0x00, 0x00, 0x00, 0x00, 0x00, 0x00, 0x00, 0x00, 0x00,
    0x0c, 0x00, 0x00, 0x00, 0x00, 0x00, 0x00, 0x00, 0x00, 0x00, 0x00, 0x00, 0x00, 0x00, 0x00, 0x00,
    0x0c, 0x00, 0x00, 0x00, 0x00, 0x00, 0x00, 0x00, 0x00, 0x00, 0x00, 0x00, 0x00, 0x00, 0xf0, 0xff,
    0x0c, 0x00, 0xff, 0xff, 0xff, 0xff, 0xff, 0xff, 0xff, 0xff, 0xff, 0xff, 0xff, 0xff, 0xff, 0xff,
    0x0c, 0x00, 0xff, 0xff, 0xff, 0xff, 0xff, 0xff, 0xff, 0xff, 0xff, 0xff, 0xff, 0xff, 0xff, 0xff,
    0x0c, 0x00, 0xff, 0xff, 0xff, 0xff, 0xff, 0xff, 0xff, 0xff, 0xff, 0xff, 0xff, 0xff, 0x00, 0x00,
    0x0c, 0x00, 0x00, 0x00, 0x00, 0x00, 0x00, 0x00, 0x00, 0x00, 0x00, 0x00, 0x00, 0x00, 0x00, 0x00,
    0x0c, 0x00, 0x00, 0x00, 0x00, 0x00, 0x00, 0x00, 0x00, 0x00, 0x00, 0x00, 0x00, 0x00, 0x00, 0x00,
    0x0c, 0x00, 0x00, 0x00, 0x00, 0x00, 0x00, 0x00, 0x00, 0x00, 0x00, 0x00, 0x00, 0x00, 0x00, 0x00,
    0x0c, 0x00, 0x00, 0x00, 0x00, 0x00, 0x00, 0x00, 0x00, 0x00, 0x00, 0x00, 0x00, 0x00, 0x00, 0x00,
    0x0c, 0x00, 0x00, 0x00, 0x00, 0x00, 0x00, 0x00, 0x00, 0x00, 0x00, 0x00, 0x00, 0x00, 0x00, 0x00,
    0x0c, 0x00, 0x00, 0x00, 0x00, 0x00, 0x00, 0x00, 0x00, 0x00, 0x00, 0x00, 0x00, 0x00, 0x00, 0x00,
    0x0c, 0x00, 0x00, 0x00, 0x00, 0x00, 0x00, 0x00, 0x00, 0x00, 0x00, 0xf0, 0xff, 0xff, 0xff, 0xff,
    0x0c, 0x00, 0xff, 0xff, 0xff, 0xff, 0xff, 0xff, 0xff, 0xff, 0xff, 0xff, 0xff, 0xff, 0xff, 0xff,
    0x0c, 0x00, 0xff, 0xff, 0xff, 0xff, 0xff, 0xff, 0xff, 0xff, 0xff, 0xff, 0xff, 0xff, 0xff, 0xff,
    0x0c, 0x00, 0xff, 0x00, 0x00, 0x00, 0x00, 0x00, 0x00, 0x00, 0x00, 0x00, 0x00, 0x00, 0x00, 0x00,
    0x0c, 0x00, 0x00, 0x00, 0x00, 0x00, 0x00, 0x00, 0x00, 0x00, 0x00, 0x00, 0x00, 0x00, 0x00, 0x00,
    0x0c, 0x00, 0x00, 0x00, 0x00, 0x00, 0x00, 0x00, 0x00, 0x00, 0x00, 0x00, 0x00, 0x00, 0x00, 0x00,
    0x0c, 0x00, 0x00, 0x00, 0x00, 0x00, 0x00, 0x00, 0x00, 0x00, 0x00, 0x00, 0x00, 0x00, 0x00, 0x00,
    0x0c, 0x00, 0x00, 0x00, 0x00, 0x00, 0x00, 0x00, 0x00, 0x00, 0x00, 0x00, 0x00, 0x00, 0x00, 0x00,
    0x0c, 0x00, 0x00, 0x00, 0x00, 0x00, 0x00, 0x00, 0x00, 0x00, 0x00, 0x00, 0x00, 0x00, 0x00, 0x00,
    0x0c, 0x00, 0x00, 0x00, 0x00, 0x00, 0x00, 0x00, 0x00, 0x00, 0x00, 0x00, 0x00, 0x00, 0x00, 0x00,
    0x0c, 0x00, 0x00, 0x00, 0x00, 0x00, 0x00, 0x00, 0x00, 0x00, 0x00, 0x00, 0x00, 0x00, 0x00, 0x00,
    0x0c, 0x00, 0x00, 0x00, 0x00, 0x00, 0x00, 0x00, 0x00, 0x00, 0x00, 0x00, 0x00, 0x00, 0x00, 0x00,
    0x0c, 0x00, 0x00, 0x00, 0x00, 0x00, 0x00, 0x00, 0x00, 0x00, 0x00, 0x00, 0x00, 0x00, 0x00, 0x00,
    0x0c, 0x00, 0x00, 0x00, 0x00, 0x00, 0x00, 0x00, 0x00, 0x00, 0x00, 0x00, 0x00, 0x00, 0x00, 0x00,
    0x0c, 0x00, 0x00, 0x00, 0x00, 0x00, 0x00, 0x00, 0x00, 0x00, 0x00, 0x00, 0x00, 0x00, 0x00, 0x00,
    0x0c, 0x00, 0x00, 0x00, 0x00, 0x00, 0x00, 0x00, 0x00, 0x00, 0x00, 0x00, 0x00, 0x00, 0x00, 0x00,
    0x0c, 0x00, 0x00, 0x00, 0x00, 0x00, 0x00, 0x00, 0x00, 0x00, 0x00, 0x00, 0x00, 0x00, 0x00, 0x00,
    0x0c, 0x00, 0x00, 0x00, 0x00, 0x00, 0x00, 0x00, 0x00, 0x00, 0x00, 0x00, 0x00, 0x00, 0x00, 0x00,
    0x0c, 0x00, 0x00, 0x00, 0x00, 0x00, 0x00, 0x00, 0x00, 0x00, 0x00, 0x00, 0x00, 0x00, 0x00, 0x00,
    0x0c, 0x00, 0x00, 0x00, 0x00, 0x00, 0x00, 0x00, 0x00, 0x00, 0x00, 0x00, 0x00, 0x00, 0x00, 0x00,
    0x0c, 0x00, 0x00, 0x00, 0x00, 0x00, 0x00, 0x00, 0x00, 0x00, 0x00, 0x00, 0x00, 0x00, 0x00, 0x00,
    0x0c, 0x00, 0x00, 0x00, 0x00, 0x00, 0x00, 0x00, 0x00, 0x00, 0x00, 0x00, 0x00, 0x00, 0x00, 0x00,
    0x0c, 0x00, 0x00, 0x00, 0x00, 0x00, 0x00, 0x00, 0x00, 0x00, 0x00, 0x00, 0x00, 0x00, 0x00, 0x00,
    0x0c, 0x00, 0x00, 0x00, 0x00, 0x00, 0x00, 0x00, 0x00, 0x00, 0x00, 0x00, 0x00, 0x00, 0x00, 0x00,
    0x0c, 0x00, 0x00, 0x00, 0x00, 0x00, 0x00, 0x00, 0x00, 0x00, 0x00, 0x00, 0x00, 0x00, 0x00, 0x00,
    0x0c, 0x00, 0x00, 0x00, 0x00, 0x00, 0x00, 0x00, 0x00, 0x00, 0x00, 0x00, 0x00, 0x00, 0x00, 0x00,
    0x0c, 0x00, 0x00, 0x00, 0x00, 0x00, 0x00, 0x00, 0x00, 0x00, 0x00, 0x00, 0x00, 0x00, 0x00, 0x00,
    0x0c, 0x00, 0x00, 0x00, 0x00, 0x00, 0x00, 0x00, 0x00, 0x00, 0x00, 0x00, 0x00, 0x00, 0x00, 0x00,
    0x0c, 0x00, 0x00, 0x00, 0x00, 0x00, 0x00, 0x00, 0x00, 0x00, 0x00, 0x00, 0x00, 0x00, 0x00, 0x00,
    0x0c, 0x00, 0x00, 0x00, 0x00, 0x00, 0x00, 0x00, 0x00, 0x00, 0x00, 0x00, 0x00, 0x00, 0x00, 0x00,
    0x0c, 0x00, 0x00, 0x00, 0x00, 0x00, 0x00, 0x00, 0x00, 0x00, 0x00, 0x00, 0x00, 0x00, 0x00, 0x00,
    0x0c, 0x00, 0x00, 0x00, 0x00, 0x00, 0x00, 0x00, 0x00, 0x00, 0x00, 0x00, 0x00, 0x00, 0x00, 0x00,
    0x0c, 0x00, 0x00, 0x00, 0x00, 0x00, 0x00, 0x00, 0x00, 0x00, 0x00, 0x00, 0x00, 0x00, 0x00, 0x00,
    0x0c, 0x00, 0x00, 0x00, 0x00, 0x00, 0x00, 0x00, 0x00, 0x00, 0x00, 0x00, 0x00, 0x00, 0x00, 0x00,
    0x0c, 0x00, 0x00, 0x00, 0x00, 0x00, 0x00, 0x00, 0x00, 0x00, 0x00, 0x00, 0x00, 0x00, 0x00, 0x00,
    0x0c, 0x00, 0x00, 0x00, 0x00, 0x00, 0x00, 0x00, 0x00, 0x00, 0x00, 0x00, 0x00, 0x00, 0x00, 0x00,
    0x0c, 0x00, 0x00, 0x00, 0x00, 0x00, 0x00, 0x00, 0x00, 0x00, 0x00, 0x00, 0x00, 0x00, 0x00, 0x00,
    0x0c, 0x00, 0x00, 0x00, 0x00, 0x00, 0x00, 0x00, 0x00, 0x00, 0x00, 0x00, 0x00, 0x00, 0x00, 0x00,
    0x0c, 0x00, 0x00, 0x00, 0x00, 0x00, 0x00, 0x00, 0x00, 0x00, 0x00, 0x00, 0x00, 0x00, 0x00, 0x00,
    0x0c, 0x00, 0x00, 0x00, 0x00, 0x00, 0x00, 0x00, 0x00, 0x00, 0x00, 0x00, 0x00, 0x00, 0x00, 0x00,
    0x0c, 0x00, 0x00, 0x00, 0x00, 0x00, 0x00, 0x00, 0x00, 0x00, 0x00, 0x00, 0x00, 0x00, 0x00, 0x00,
    0x0c, 0x00, 0x00, 0x00, 0x00, 0x00, 0x00, 0x00, 0x00, 0x00, 0x00, 0x00, 0x00, 0x00, 0x00, 0x00,
    0x0c, 0x00, 0x00, 0x00, 0x00, 0x00, 0x00, 0x00, 0x00, 0x00, 0x00, 0x00, 0x00, 0x00, 0x00, 0x00,
    0x0c, 0x00, 0x00, 0x00, 0x00, 0x00, 0x00, 0x00, 0x00, 0x00, 0x00, 0x00, 0x00, 0x00, 0x00, 0x00,
    0x0c, 0x00, 0x00, 0x00, 0x00, 0x00, 0x00, 0x00, 0x00, 0x00, 0x00, 0x00, 0x00, 0x00, 0x00, 0x00,
    0x0c, 0x00, 0x00, 0x00, 0x00, 0x00, 0x00, 0x00, 0x00, 0x00, 0x00, 0x00, 0x00, 0x00, 0x00, 0x00,
    0x0c, 0x00, 0x00, 0x00, 0x00, 0x00, 0x00, 0x00, 0x00, 0x00, 0x00, 0x00, 0x00, 0x00, 0x00, 0x00,
    0x0c, 0x00, 0x00, 0x00, 0x00, 0x00, 0x00, 0x00, 0x00, 0x00, 0x00, 0x00, 0x00, 0x00, 0x00, 0x00,
    0x0c, 0x00, 0x00, 0x00, 0x00, 0x00, 0x00, 0x00, 0x00, 0x00, 0x00, 0x00, 0x00, 0x00, 0x00, 0x00,
    0x0c, 0x00, 0x00, 0x00, 0x00, 0x00, 0x00, 0x00, 0x00, 0x00, 0x00, 0x00, 0x00, 0x00, 0x00, 0x00,
    0x0c, 0x00, 0x00, 0x00, 0x00, 0x00, 0x00, 0x00, 0x00, 0x00, 0x00, 0x00, 0x00, 0x00, 0x00, 0x00,
    0x0c, 0x00, 0x00, 0x00, 0x00, 0x00, 0x00, 0x00, 0x00, 0x00, 0x00, 0x00, 0x00, 0x00, 0x00, 0x00,
    0x0c, 0x00, 0x00, 0x00, 0x00, 0x00, 0x00, 0x00, 0x00, 0x00, 0x00, 0x00, 0x00, 0x00, 0x00, 0x00,
    0x0c, 0x00, 0x00, 0x00, 0x00, 0x00, 0x00, 0x00, 0x00, 0x00, 0x00, 0x00, 0x00, 0x00, 0x00, 0x00,
    0x0c, 0x00, 0x00, 0x00, 0x00, 0x00, 0x00, 0x00, 0x00, 0x00, 0x00, 0x00, 0x00, 0x00, 0x00, 0x00,
    0x0c, 0x00, 0x00, 0x00, 0x00, 0x00, 0x00, 0x00, 0x00, 0x00, 0x00, 0x00, 0x00, 0x00, 0x00, 0x00,
    0x0c, 0x00, 0x00, 0x00, 0x00, 0x00, 0x00, 0x00, 0x00, 0x00, 0x00, 0x00, 0x00, 0x00, 0x00, 0x00,
    0x0c, 0x00, 0x00, 0x00, 0x00, 0x00, 0x00, 0x00, 0x00, 0x00, 0x00, 0x00, 0x00, 0x00, 0x00, 0x00,
    0x0c, 0x00, 0x00, 0x00, 0x00, 0x00, 0x00, 0x00, 0x00, 0x00, 0x00, 0x00, 0x00, 0x00, 0x00, 0x00,
    0x0c, 0x00, 0x00, 0x00, 0x00, 0x00, 0x00, 0x00, 0x00, 0x00, 0x00, 0x00, 0x00, 0x00, 0x00, 0x00,
    0x0c, 0x00, 0x00, 0x00, 0x00, 0x00, 0x00, 0x00, 0x00, 0x00, 0x00, 0x00, 0x00, 0x00, 0x00, 0x00,
    0x0c, 0x00, 0x00, 0x00, 0x00, 0x00, 0x00, 0x00, 0x00, 0x00, 0x00, 0x00, 0x00, 0x00, 0x00, 0x00,
    0x0c, 0x00, 0x00, 0x00, 0x00, 0x00, 0x00, 0x00, 0x00, 0x00, 0x00, 0x00, 0x00, 0x00, 0x00, 0x00,
    0x0c, 0x00, 0x00, 0x00, 0x00, 0x00, 0x00, 0x00, 0x00, 0x00, 0x00, 0x00, 0x00, 0x00, 0x00, 0x00,
    0x0c, 0x00, 0x00, 0x00, 0x00, 0x00, 0x00, 0x00, 0x00, 0x00, 0x00, 0x00, 0x00, 0x00, 0x00, 0x00,
    0x0c, 0x00, 0x00, 0x00, 0x00, 0x00, 0x00, 0x00, 0x00, 0x00, 0x00, 0x00, 0x00, 0x00, 0x00, 0x00,
    0x0c, 0x00, 0x00, 0x00, 0x00, 0x00, 0x00, 0x00, 0x00, 0x00, 0x00, 0x00, 0x00, 0x00, 0x00, 0x00,
    0x0c, 0x00, 0x00, 0x00, 0x00, 0x00, 0x00, 0x00, 0x00, 0x00, 0x00, 0x00, 0x00, 0x00, 0x00, 0x00,
    0x0c, 0x00, 0x00, 0x00, 0x00, 0x00, 0x00, 0x00, 0x00, 0x00, 0x00, 0x00, 0x00, 0x00, 0x00, 0x00,
    0x0c, 0x00, 0x00, 0x00, 0x00, 0x00, 0x00, 0x00, 0x00, 0x00, 0x00, 0x00, 0x00, 0x00, 0x00, 0x00,
    0x0c, 0x00, 0x00, 0x00, 0x00, 0x00, 0x00, 0x00, 0x00, 0x00, 0x00, 0x00, 0x00, 0x00, 0x00, 0x00,
    0x0c, 0x00, 0x00, 0x00, 0x00, 0x00, 0x00, 0x00, 0x00, 0x00, 0x00, 0x00, 0x00, 0x00, 0x00, 0x00,
    0x0c, 0x00, 0x00, 0x00, 0x00, 0x00, 0x00, 0x00, 0x00, 0x00, 0x00, 0x00, 0x00, 0x00, 0x00, 0x00,
    0x0c, 0x00, 0x00, 0x00, 0x00, 0x00, 0x00, 0x00, 0x00, 0x00, 0x00, 0x00, 0x00, 0x00, 0x00, 0x00,
    0x0c, 0x00, 0x00, 0x00, 0x00, 0x00, 0x00, 0x00, 0x00, 0x00, 0x00, 0x00, 0x00, 0x00, 0x00, 0x00,
    0x0c, 0x00, 0x00, 0x00, 0x00, 0x00, 0x00, 0x00, 0x00, 0x00, 0x00, 0x00, 0x00, 0x00, 0x00, 0x00,
    0x0c, 0x00, 0x00, 0x00, 0x00, 0x00, 0x00, 0x00, 0x00, 0x00, 0x00, 0x00, 0x00, 0x00, 0x00, 0x00,
    0x0c, 0x00, 0x00, 0x00, 0x00, 0x00, 0x00, 0x00, 0x00, 0x00, 0x00, 0x00, 0x00, 0x00, 0x00, 0x00,
    0x0c, 0x00, 0x00, 0x00, 0x00, 0x00, 0x00, 0x00, 0x00, 0x00, 0x00, 0x00, 0x00, 0x00, 0x00, 0x00,
    0x0c, 0x00, 0x00, 0x00, 0x00, 0x00, 0x00, 0x00, 0x00, 0x00, 0x00, 0x00, 0x00, 0x00, 0x00, 0x00,
    0x0c, 0x00, 0x00, 0x00, 0x00, 0x00, 0x00, 0x00, 0x00, 0x00, 0x00, 0x00, 0x00, 0x00, 0x00, 0x00,
    0x0c, 0x00, 0x00, 0x00, 0x00, 0x00, 0x00, 0x00, 0x00, 0x00, 0x00, 0x00, 0x00, 0x00, 0x00, 0x00,
    0x0c, 0x00, 0x00, 0x00, 0x00, 0x00, 0x00, 0x00, 0x00, 0x00, 0x00, 0x00, 0x00, 0x00, 0x00, 0x00,
    0x0c, 0x00, 0x00, 0x00, 0x00, 0x00, 0x00, 0x00, 0x00, 0x00, 0x00, 0x00, 0x00, 0x00, 0x00, 0x00,
    0x0c, 0x00, 0x00, 0x00, 0x00, 0x00, 0x00, 0x00, 0x00, 0x00, 0x00, 0x00, 0x00, 0x00, 0x00, 0x00,
    0x0c, 0x00, 0x00, 0x00, 0x00, 0x00, 0x00, 0x00, 0x00, 0x00, 0x00, 0x00, 0x00, 0x00, 0x00, 0x00,
    0x0c, 0x00, 0x00, 0x00, 0x00, 0x00, 0x00, 0x00, 0x00, 0x00, 0x00, 0x00, 0x00, 0x00, 0x00, 0x00,
    0x0c, 0x00, 0x00, 0x00, 0x00, 0x00, 0x00, 0x00, 0x00, 0x00, 0x00, 0x00, 0x00, 0x00, 0x00, 0x00,
    0x0c, 0x00, 0x00, 0x00, 0x00, 0x00, 0x00, 0x00, 0x00, 0x00, 0x00, 0x00, 0x00, 0x00, 0x00, 0x00,
    0x0c, 0x00, 0x00, 0x00, 0x00, 0x00, 0x00, 0x00, 0x00, 0x00, 0x00, 0x00, 0x00, 0x00, 0x00, 0x00,
    0x0c, 0x00, 0x00, 0x00, 0x00, 0x00, 0x00, 0x00, 0x00, 0x00, 0x00, 0x00, 0x00, 0x00, 0x00, 0x00,
    0x0c, 0x00, 0x00, 0x00, 0x00, 0x00, 0x00, 0x00, 0x00, 0x00, 0x00, 0x00, 0x00, 0x00, 0x00, 0x00,
    0x0c, 0x00, 0x00, 0x00, 0x00, 0x00, 0x00, 0x00, 0x00, 0x00, 0x00, 0x00, 0x00, 0x00, 0x00, 0x00,
    0x0c, 0x00, 0x00, 0x00, 0x00, 0x00, 0x00, 0x00, 0x00, 0x00, 0x00, 0x00, 0x00, 0x00, 0x00, 0x00,
    0x0c, 0x00, 0x00, 0x00, 0x00, 0x00, 0x00, 0x00, 0x00, 0x00, 0x00, 0x00, 0x00, 0x00, 0x00, 0x00,
    0x0c, 0x00, 0x00, 0x00, 0x00, 0x00, 0x00, 0x00, 0x00, 0x00, 0x00, 0x00, 0x00, 0x00, 0x00, 0x00,
    0x0c, 0x00, 0x00, 0x00, 0x00, 0x00, 0x00, 0x00, 0x00, 0x00, 0x00, 0x00, 0x00, 0x00, 0x00, 0x00,
    0x0c, 0x00, 0x00, 0x00, 0x00, 0x00, 0x00, 0x00, 0x00, 0x00, 0x00, 0x00, 0x00, 0x00, 0x00, 0x00,
    0x0c, 0x00, 0x00, 0x00, 0x00, 0x00, 0x00, 0x00, 0x00, 0x00, 0x00, 0x00, 0x00, 0x00, 0x00, 0x00,
    0x0c, 0x00, 0x00, 0x00, 0x00, 0x00, 0x00, 0x00, 0x00, 0x00, 0x00, 0x00, 0x00, 0x00, 0x00, 0x00,
    0x0c, 0x00, 0x00, 0x00, 0x00, 0x00, 0x00, 0x00, 0x00, 0x00, 0x00, 0x00, 0x00, 0x00, 0x00, 0x00,
    0x0c, 0x00, 0x00, 0x00, 0x00, 0x00, 0x00, 0x00, 0x00, 0x00, 0x00, 0x00, 0x00, 0x00, 0x00, 0x00,
    0x0c, 0x00, 0x00, 0x00, 0x00, 0x00, 0x00, 0x00, 0x00, 0x00, 0x00, 0x00, 0x00, 0x00, 0x00, 0x00,
    0x0c, 0x00, 0x00, 0x00, 0x00, 0x00, 0x00, 0x00, 0x00, 0x00, 0x00, 0x00, 0x00, 0x00, 0x00, 0x00,
    0x0c, 0x00, 0x00, 0x00, 0x00, 0x00, 0x00, 0x00, 0x00, 0x00, 0x00, 0x00, 0x00, 0x00, 0x00, 0x00,
    0x0c, 0x00, 0x00, 0x00, 0x00, 0x00, 0x00, 0x00, 0x00, 0x00, 0x00, 0x00, 0x00, 0x00, 0x00, 0x00,
    0x0c, 0x00, 0x00, 0x00, 0x00, 0x00, 0x00, 0x00, 0x00, 0x00, 0x00, 0x00, 0x00, 0x00, 0x00, 0x00,
    0x0c, 0x00, 0x00, 0x00, 0x00, 0x00, 0x00, 0x00, 0x00, 0x00, 0x00, 0x00, 0x00, 0x00, 0x00, 0x00,
    0x0c, 0x00, 0x00, 0x00, 0x00, 0x00, 0x00, 0x00, 0x00, 0x00, 0x00, 0x00, 0x00, 0x00, 0x00, 0x00,
    0x0c, 0x00, 0x00, 0x00, 0x00, 0x00, 0x00, 0x00, 0x00, 0x00, 0x00, 0x00, 0x00, 0x00, 0x00, 0x00,
    0x0c, 0x00, 0x00, 0x00, 0x00, 0x00, 0x00, 0x00, 0x00, 0x00, 0x00, 0x00, 0x00, 0x00, 0x00, 0x00,
    0x0c, 0x00, 0x00, 0x00, 0x00, 0x00, 0x00, 0x00, 0x00, 0x00, 0x00, 0x00, 0x00, 0x00, 0x00, 0x00,
    0x0c, 0x00, 0x00, 0x00, 0x00, 0x00, 0x00, 0x00, 0x00, 0x00, 0x00, 0x00, 0x00, 0x00, 0x00, 0x00,
    0x0c, 0x00, 0x00, 0x00, 0x00, 0x00, 0x00, 0x00, 0x00, 0x00, 0x00, 0x00, 0x00, 0x00, 0x00, 0x00,
    0x0c, 0x00, 0x00, 0x00, 0x00, 0x00, 0x00, 0x00, 0x00, 0x00, 0x00, 0x00, 0x00, 0x00, 0x00, 0x00,
    0x0c, 0x00, 0x00, 0x00, 0x00, 0x00, 0x00, 0x00, 0x00, 0x00, 0x00, 0x00, 0x00, 0x00, 0x00, 0x00,
    0x0c, 0x00, 0x00, 0x00, 0x00, 0x00, 0x00, 0x00, 0x00, 0x00, 0x00, 0x00, 0x00, 0x00, 0x00, 0x00,
    0x0c, 0x00, 0x00, 0x00, 0x00, 0x00, 0x00, 0x00, 0x00, 0x00, 0x00, 0x00, 0x00, 0x00, 0x00, 0x00,
    0x0c, 0x00, 0x00, 0x00, 0x00, 0x00, 0x00, 0x00, 0x00, 0x00, 0x00, 0x00, 0x00, 0x00, 0x00, 0x00,
    0x0c, 0x00, 0x00, 0x00, 0x00, 0x00, 0x00, 0x00, 0x00, 0x00, 0x00, 0x00, 0x00, 0x00, 0x00, 0x00,
    0x0c, 0x00, 0x00, 0x00, 0x00, 0x00, 0x00, 0x00, 0x00, 0x00, 0x00, 0x00, 0x00, 0x00, 0x00, 0x00,
    0x0c, 0x00, 0x00, 0x00, 0x00, 0x00, 0x00, 0x00, 0x00, 0x00, 0x00, 0x00, 0x00, 0x00, 0x00, 0x00,
    0x0c, 0x00, 0x00, 0x00, 0x00, 0x00, 0x00, 0x00, 0x00, 0x00, 0x00, 0x00, 0x00, 0x00, 0x00, 0x00,
    0x0c, 0x00, 0x00, 0x00, 0x00, 0x00, 0x00, 0x00, 0x00, 0x00, 0x00, 0x00, 0x00, 0x00, 0x00, 0x00,
    0x0c, 0x00, 0x00, 0x00, 0x00, 0x00, 0x00, 0x00, 0x00, 0x00, 0x00, 0x00, 0x00, 0x00, 0x00, 0x00,
    0x0c, 0x00, 0x00, 0x00, 0x00, 0x00, 0x00, 0x00, 0x00, 0x00, 0x00, 0x00, 0x00, 0x00, 0x00, 0x00,
    0x0c, 0x00, 0x00, 0x00, 0x00, 0x00, 0x00, 0x00, 0x00, 0x00, 0x00, 0x00, 0x00, 0x00, 0x00, 0x00,
    0x0c, 0x00, 0x00, 0x00, 0x00, 0x00, 0x00, 0x00, 0x00, 0x00, 0x00, 0x00, 0x00, 0x00, 0x00, 0x00,
    0x0c, 0x00, 0x00, 0x00, 0x00, 0x00, 0x00, 0x00, 0x00, 0x00, 0x00, 0x00, 0x00, 0x00, 0x00, 0x00,
    0x0c, 0x00, 0x00, 0x00, 0x00, 0x00, 0x00, 0x00, 0x00, 0x00, 0x00, 0x00, 0x00, 0x00, 0x00, 0x00,
    0x0c, 0x00, 0x00, 0x00, 0x00, 0x00, 0x00, 0x00, 0x00, 0x00, 0x00, 0x00, 0x00, 0x00, 0x00, 0x00,
    0x0c, 0x00, 0x00, 0x00, 0x00, 0x00, 0x00, 0x00, 0x00, 0x00, 0x00, 0x00, 0x00, 0x00, 0x00, 0x00,
    0x0c, 0x00, 0x00, 0x00, 0x00, 0x00, 0x00, 0x00, 0x00, 0x00, 0x00, 0x00, 0x00, 0x00, 0x00, 0x00,
    0x0c, 0x00, 0x00, 0x00, 0x00, 0x00, 0x00, 0x00, 0x00, 0x00, 0x00, 0x00, 0x00, 0x00, 0x00, 0x00,
    0x0c, 0x00, 0x00, 0x00, 0x00, 0x00, 0x00, 0x00, 0x00, 0x00, 0x00, 0x00, 0x00, 0x00, 0x00, 0x00,
    0x0c, 0x00, 0x00, 0x00, 0x00, 0x00, 0x00, 0x00, 0x00, 0x00, 0x00, 0x00, 0x00, 0x00, 0x00, 0x00,
    0x0c, 0x00, 0x00, 0x00, 0x00, 0x00, 0x00, 0x00, 0x00, 0x00, 0x00, 0x00, 0x00, 0x00, 0x00, 0x00,
    0x0c, 0x00, 0x00, 0x00, 0x00, 0x00, 0x00, 0x00, 0x00, 0x00, 0x00, 0x00, 0x00, 0x00, 0x00, 0x00,
    0x0c, 0x00, 0x00, 0x00, 0x00, 0x00, 0x00, 0x00, 0x00, 0x00, 0x00, 0x00, 0x00, 0x00, 0x00, 0x00,
    0x0c, 0x00, 0x00, 0x00, 0x00, 0x00, 0x00, 0x00, 0x00, 0x00, 0x00, 0x00, 0x00, 0x00, 0x00, 0x00,
    0x0c, 0x00, 0x00, 0x00, 0x00, 0x00, 0x00, 0x00, 0x00, 0x00, 0x00, 0x00, 0x00, 0x00, 0x00, 0x00,
    0x0c, 0x00, 0x00, 0x00, 0x00, 0x00, 0x00, 0x00, 0x00, 0x00, 0x00, 0x00, 0x00, 0x00, 0x00, 0x00,
    0x0c, 0x00, 0x00, 0x00, 0x00, 0x00, 0x00, 0x00, 0x00, 0x00, 0x00, 0x00, 0x00, 0x00, 0x00, 0x00,
    0x0c, 0x00, 0x00, 0x00, 0x00, 0x00, 0x00, 0x00, 0x00, 0x00, 0x00, 0x00, 0x00, 0x00, 0x00, 0x00,
    0x0c, 0x00, 0x00, 0x00, 0x00, 0x00, 0x00, 0x00, 0x00, 0x00, 0x00, 0x00, 0x00, 0x00, 0x00, 0x00,
    0x0c, 0x00, 0x00, 0x00, 0x00, 0x00, 0x00, 0x00, 0x00, 0x00, 0x00, 0x00, 0x00, 0x00, 0x00, 0x00,
    0x0c, 0x00, 0x00, 0x00, 0x00, 0x00, 0x00, 0x00, 0x00, 0x00, 0x00, 0x00, 0x00, 0x00, 0x00, 0x00,
    0x0c, 0x00, 0x00, 0x00, 0x00, 0x00, 0x00, 0x00, 0x00, 0x00, 0x00, 0x00, 0x00, 0x00, 0x00, 0x00,
    0x0c, 0x00, 0x00, 0x00, 0x00, 0x00, 0x00, 0x00, 0x00, 0x00, 0x00, 0x00, 0x00, 0x00, 0x00, 0x00,
    0x0c, 0x00, 0x00, 0x00, 0x00, 0x00, 0x00, 0x00, 0x00, 0x00, 0x00, 0x00, 0x00, 0x00, 0x00, 0x00,
    0x0c, 0x00, 0x00, 0x00, 0x00, 0x00, 0x00, 0x00, 0x00, 0x00, 0x00, 0x00, 0x00, 0x00, 0x00, 0x00,
    0x0c, 0x00, 0x00, 0x00, 0x00, 0x00, 0x00, 0x00, 0x00, 0x00, 0x00, 0x00, 0x00, 0x00, 0x00, 0x00,
    0x0c, 0x00, 0x00, 0x00, 0x00, 0x00, 0x00, 0x00, 0x00, 0x00, 0x00, 0x00, 0x00, 0x00, 0x00, 0x00,
    0x0c, 0x00, 0x00, 0x00, 0x00, 0x00, 0x00, 0x00, 0x00, 0x00, 0x00, 0x00, 0x00, 0x00, 0x00, 0x00,
    0x0c, 0x00, 0x00, 0x00, 0x00, 0x00, 0x00, 0x00, 0x00, 0x00, 0x00, 0x00, 0x00, 0x00, 0x00, 0x00,
    0x0c, 0x00, 0x00, 0x00, 0x00, 0x00, 0x00, 0x00, 0x00, 0x00, 0x00, 0x00, 0x00, 0x00, 0x00, 0x00,
    0x0c, 0x00, 0x00, 0x00, 0x00, 0x00, 0x00, 0x00, 0x00, 0x00, 0x00, 0x00, 0x00, 0x00, 0x00, 0x00,
    0x0c, 0x00, 0x00, 0x00, 0x00, 0x00, 0x00, 0x00, 0x00, 0x00, 0x00, 0x00, 0x00, 0x00, 0x00, 0x00,
    0x0c, 0x00, 0x00, 0x00, 0x00, 0x00, 0x00, 0x00, 0x00, 0x00, 0x00, 0x00, 0x00, 0x00, 0x00, 0x00,
    0x0c, 0x00, 0x00, 0x00, 0x00, 0x00, 0x00, 0x00, 0x00, 0x00, 0x00, 0x00, 0x00, 0x00, 0x00, 0x00,
    0x0c, 0x00, 0x00, 0x00, 0x00, 0x00, 0x00, 0x00, 0x00, 0x00, 0x00, 0x00, 0x00, 0x00, 0x00, 0x00,
    0x0c, 0x00, 0x00, 0x00, 0x00, 0x00, 0x00, 0x00, 0x00, 0x00, 0x00, 0x00, 0x00, 0x00, 0x00, 0x00,
    0x0c, 0x00, 0x00, 0x00, 0x00, 0x00, 0x00, 0x00, 0x00, 0x00, 0x00, 0x00, 0x00, 0x00, 0x00, 0x00,
    0x0c, 0x00, 0x00, 0x00, 0x00, 0x00, 0x00, 0x00, 0x00, 0x00, 0x00, 0x00, 0x00, 0x00, 0x00, 0x00,
    0x0c, 0x00, 0x00, 0x00, 0x00, 0x00, 0x00, 0x00, 0x00, 0x00, 0x00, 0x00, 0x00, 0x00, 0x00, 0x00,
    0x0c, 0x00, 0x00, 0x00, 0x00, 0x00, 0x00, 0x00, 0x00, 0x00, 0x00, 0x00, 0x00, 0x00, 0x00, 0x00,
    0x0c, 0x00, 0x00, 0x00, 0x00, 0x00, 0x00, 0x00, 0x00, 0x00, 0x00, 0x00, 0x00, 0x00, 0x00, 0x00,
    0x0c, 0x00, 0x00, 0x00, 0x00, 0x00, 0x00, 0x00, 0x00, 0x00, 0x00, 0x00, 0x00, 0x00, 0x00, 0x00,
    0x0c, 0x00, 0x00, 0x00, 0x00, 0x00, 0x00, 0x00, 0x00, 0x00, 0x00, 0x00, 0x00, 0x00, 0x00, 0x00,
    0x0c, 0x00, 0x00, 0x00, 0x00, 0x00, 0x00, 0x00, 0x00, 0x00, 0x00, 0x00, 0x00, 0x00, 0x00, 0x00,
    0x0c, 0x00, 0x00, 0x00, 0x00, 0x00, 0x00, 0x00, 0x00, 0x00, 0x00, 0x00, 0x00, 0x00, 0x00, 0x00,
    0x0c, 0x00, 0x00, 0x00, 0x00, 0x00, 0x00, 0x00, 0x00, 0x00, 0x00, 0x00, 0x00, 0x00, 0x00, 0x00,
    0x0c, 0x00, 0x00, 0x00, 0x00, 0x00, 0x00, 0x00, 0x00, 0x00, 0x00, 0x00, 0x00, 0x00, 0x00, 0x00,
    0x0c, 0x00, 0x00, 0x00, 0x00, 0x00, 0x00, 0x00, 0x00, 0x00, 0x00, 0x00, 0x00, 0x00, 0x00, 0x00,
    0x0c, 0x00, 0x00, 0x00, 0x00, 0x00, 0x00, 0x00, 0x00, 0x00, 0x00, 0x00, 0x00, 0x00, 0x00, 0x00,
    0x0c, 0x00, 0x00, 0x00, 0x00, 0x00, 0x00, 0x00, 0x00, 0x00, 0x00, 0x00, 0x00, 0x00, 0x00, 0x00,
    0x0c, 0x00, 0x00, 0x00, 0x00, 0x00, 0x00, 0x00, 0x00, 0x00, 0x00, 0x00, 0x00, 0x00, 0x00, 0x00,
    0x0c, 0x00, 0x00, 0x00, 0x00, 0x00, 0x00, 0x00, 0x00, 0x00, 0x00, 0x00, 0x00, 0x00, 0x00, 0x00,
    0x0c, 0x00, 0x00, 0x00, 0x00, 0x00, 0x00, 0x00, 0x00, 0x00, 0x00, 0x00, 0x00, 0x00, 0x00, 0x00,
    0x0c, 0x00, 0x00, 0x00, 0x00, 0x00, 0x00, 0x00, 0x00, 0x00, 0x00, 0x00, 0x00, 0x00, 0x00, 0x00,
    0x0c, 0x00, 0x00, 0x00, 0x00, 0x00, 0x00, 0x00, 0x00, 0x00, 0x00, 0x00, 0x00, 0x00, 0x00, 0x00,
    0x0c, 0x00, 0x00, 0x00, 0x00, 0x00, 0x00, 0x00, 0x00, 0x00, 0x00, 0x00, 0x00, 0x00, 0x00, 0x00,
    0x0c, 0x00, 0x00, 0x00, 0x00, 0x00, 0x00, 0x00, 0x00, 0x00, 0x00, 0x00, 0x00, 0x00, 0x00, 0x00,
    0x0c, 0x00, 0x00, 0x00, 0x00, 0x00, 0x00, 0x00, 0x00, 0x00, 0x00, 0x00, 0x00, 0x00, 0x00, 0x00,
    0x0c, 0x00, 0x00, 0x00, 0x00, 0x00, 0x00, 0x00, 0x00, 0x00, 0x00, 0x00, 0x00, 0x00, 0x00, 0x00,
    0x0c, 0x00, 0x00, 0x00, 0x00, 0x00, 0x00, 0x00, 0x00, 0x00, 0x00, 0x00, 0x00, 0x00, 0x00, 0x00,
    0x0c, 0x00, 0x00, 0x00, 0x00, 0x00, 0x00, 0x00, 0x00, 0x00, 0x00, 0x00, 0x00, 0x00, 0x00, 0x00,
    0x0c, 0x00, 0x00, 0x00, 0x00, 0x00, 0x00, 0x00, 0x00, 0x00, 0x00, 0x00, 0x00, 0x00, 0x00, 0x00,
    0x0c, 0x00, 0x00, 0x00, 0x00, 0x00, 0x00, 0x00, 0x00, 0x00, 0x00, 0x00, 0x00, 0x00, 0x00, 0x00,
    0x0c, 0x00, 0x00, 0x00, 0x00, 0x00, 0x00, 0x00, 0x00, 0x00, 0x00, 0x00, 0x00, 0x00, 0x00, 0x00,
    0x0c, 0x00, 0x00, 0x00, 0x00, 0x00, 0x00, 0x00, 0x00, 0x00, 0x00, 0x00, 0x00, 0x00, 0x00, 0x00,
    0x0c, 0x00, 0x00, 0x00, 0x00, 0x00, 0x00, 0x00, 0x00, 0x00, 0x00, 0x00, 0x00, 0x00, 0x00, 0x00,
    0x0c, 0x00, 0x00, 0x00, 0x00, 0x00, 0x00, 0x00, 0x00, 0x00, 0x00, 0x00, 0x00, 0x00, 0x00, 0x00,
    0x0c, 0x00, 0x00, 0x00, 0x00, 0x00, 0x00, 0x00, 0x00, 0x00, 0x00, 0x00, 0x00, 0x00, 0x00, 0x00,
    0x0c, 0x00, 0x00, 0x00, 0x00, 0x00, 0x00, 0x00, 0x00, 0x00, 0x00, 0x00, 0x00, 0x00, 0x00, 0x00,
    0x0c, 0x00, 0x00, 0x00, 0x00, 0x00, 0x00, 0x00, 0x00, 0x00, 0x00, 0x00, 0x00, 0x00, 0x00, 0x00,
    0x0c, 0x00, 0x00, 0x00, 0x00, 0x00, 0x00, 0x00, 0x00, 0x00, 0x00, 0x00, 0x00, 0x00, 0x00, 0x00,
    0x0c, 0x00, 0x00, 0x00, 0x00, 0x00, 0x00, 0x00, 0x00, 0x00, 0x00, 0x00, 0x00, 0x00, 0x00, 0x00,
    0x0c, 0x00, 0x00, 0x00, 0x00, 0x00, 0x00, 0x00, 0x00, 0x00, 0x00, 0x00, 0x00, 0x00, 0x00, 0x00,
    0x0c, 0x00, 0x00, 0x00, 0x00, 0x00, 0x00, 0x00, 0x00, 0x00, 0x00, 0x00, 0x00, 0x00, 0x00, 0x00,
    0x0c, 0x00, 0x00, 0x00, 0x00, 0x00, 0x00, 0x00, 0x00, 0x00, 0x00, 0x00, 0x00, 0x00, 0x00, 0x00,
    0x0c, 0x00, 0x00, 0x00, 0x00, 0x00, 0x00, 0x00, 0x00, 0x00, 0x00, 0x00, 0x00, 0x00, 0x00, 0x00,
    0x0c, 0x00, 0x00, 0x00, 0x00, 0x00, 0x00, 0x00, 0x00, 0x00, 0x00, 0x00, 0x00, 0x00, 0x00, 0x00,
    0x0c, 0x00, 0x00, 0x00, 0x00, 0x00, 0x00, 0x00, 0x00, 0x00, 0x00, 0x00, 0x00, 0x00, 0x00, 0x00,
    0x0c, 0x00, 0x00, 0x00, 0x00, 0x00, 0x00, 0x00, 0x00, 0x00, 0x00, 0x00, 0x00, 0x00, 0x00, 0x00,
    0x0c, 0x00, 0x00, 0x00, 0x00, 0x00, 0x00, 0x00, 0x00, 0x00, 0x00, 0x00, 0x00, 0x00, 0x00, 0x00,
    0x0c, 0x00, 0x00, 0x00, 0x00, 0x00, 0x00, 0x00, 0x00, 0x00, 0x00, 0x00, 0x00, 0x00, 0x00, 0x00,
    0x0c, 0x00, 0x00, 0x00, 0x00, 0x00, 0x00, 0x00, 0x00, 0x00, 0x00, 0x00, 0x00, 0x00, 0x00, 0x00,
    0x0c, 0x00, 0x00, 0x00, 0x00, 0x00, 0x00, 0x00, 0x00, 0x00, 0x00, 0x00, 0x00, 0x00, 0x00, 0x00,
    0x0c, 0x00, 0x00, 0x00, 0x00, 0x00, 0x00, 0x00, 0x00, 0x00, 0x00, 0x00, 0x00, 0x00, 0x00, 0x00,
    0x0c, 0x00, 0x00, 0x00, 0x00, 0x00, 0x00, 0x00, 0x00, 0x00, 0x00, 0x00, 0x00, 0x00, 0x00, 0x00,
    0x0c, 0x00, 0x00, 0x00, 0x00, 0x00, 0x00, 0x00, 0x00, 0x00, 0x00, 0x00, 0x00, 0x00, 0x00, 0x00,
    0x0c, 0x00, 0x00, 0x00, 0x00, 0x00, 0x00, 0x00, 0x00, 0x00, 0x00, 0x00, 0x00, 0x00, 0x00, 0x00,
    0x0c, 0x00, 0x00, 0x00, 0x00, 0x00, 0x00, 0x00, 0x00, 0x00, 0x00, 0x00, 0x00, 0x00, 0x00, 0x00,
    0x0c, 0x00, 0x00, 0x00, 0x00, 0x00, 0x00, 0x00, 0x00, 0x00, 0x00, 0x00, 0x00, 0x00, 0x00, 0x00,
    0x0c, 0x00, 0x00, 0x00, 0x00, 0x00, 0x00, 0x00, 0x00, 0x00, 0x00, 0x00, 0x00, 0x00, 0x00, 0x00,
    0x0c, 0x00, 0x00, 0x00, 0x00, 0x00, 0x00, 0x00, 0x00, 0x00, 0x00, 0x00, 0x00, 0x00, 0x00, 0x00,
    0x0c, 0x00, 0x00, 0x00, 0x00, 0x00, 0x00, 0x00, 0x00, 0x00, 0x00, 0x00, 0x00, 0x00, 0x00, 0x00,
    0x0c, 0x00, 0x00, 0x00, 0x00, 0x00, 0x00, 0x00, 0x00, 0x00, 0x00, 0x00, 0x00, 0x00, 0x00, 0x00,
    0x0c, 0x00, 0x00, 0x00, 0x00, 0x00, 0x00, 0x00, 0x00, 0x00, 0x00, 0x00, 0x00, 0x00, 0x00, 0x00,
    0x0c, 0x03, 0x00, 0x00, 0x00, 0x00, 0x00, 0x00, 0x00, 0x00, 0x00, 0x00, 0x00, 0x00, 0x00, 0x00
};
inline constexpr unsigned bd_adpcm_bytes = 18912;

alignas(4) inline constexpr uint8_t hh_adpcm[6304] = {
    0x01, 0x00, 0xf1, 0xea, 0x01, 0x0f, 0xf1, 0x1f, 0xe1, 0x1f, 0xef, 0x10, 0xee, 0x10, 0xe0, 0x1e,
    0x02, 0x00, 0xf1, 0x3e, 0xa2, 0x1d, 0xe1, 0xfe, 0xfb, 0x35, 0xde, 0xe0, 0x2e, 0x05, 0xfc, 0xf0,
    0x02, 0x00, 0x1f, 0xde, 0x10, 0x02, 0x00, 0x01, 0xdb, 0xe0, 0x10, 0xf0, 0x00, 0x1f, 0xde, 0x11,
    0x02, 0x00, 0x1e, 0xe3, 0x0f, 0xec, 0x04, 0xfc, 0xf1, 0xfe, 0x24, 0x1f, 0xdf, 0x20, 0xf1, 0xed,
    0x02, 0x00, 0x20, 0xf0, 0x01, 0x0d, 0xdf, 0x12, 0xed, 0x11, 0xcf, 0x1f, 0x00, 0x21, 0xff, 0x03,
    0x02, 0x00, 0xfb, 0x04, 0xfd, 0xe1, 0xea, 0xf1, 0x0f, 0xfe, 0x44, 0x02, 0x01, 0xec, 0x22, 0xbf,
    0x02, 0x00, 0xfc, 0xff, 0x10, 0xcf, 0x4e, 0xc2, 0x2f, 0x11, 0x02, 0x0d, 0xd0, 0x0e, 0xfe, 0x11,
    0x02, 0x00, 0xf1, 0x20, 0x00, 0xcf, 0x20, 0xee, 0x12, 0xba, 0xf0, 0x2f, 0xf2, 0xed, 0x10, 0xff,
    0x02, 0x00, 0x12, 0xef, 0x2f, 0x03, 0xfc, 0x03, 0x0e, 0xf1, 0x0c, 0xd4, 0xfa, 0xef, 0x0f, 0x00,
    0x02, 0x00, 0xbe, 0x51, 0xe1, 0x00, 0x0f, 0xec, 0x35, 0xde, 0x10, 0xcf, 0x3f, 0xc0, 0x1f, 0xfe,
    0x02, 0x00, 0x04, 0xea, 0xf0, 0x11, 0xf0, 0x00, 0xff, 0xf1, 0xfd, 0x1f, 0xe2, 0xeb, 0x13, 0x20,
    0x02, 0x00, 0xe1, 0x2f, 0xf0, 0x1f, 0xd3, 0x0a, 0xd0, 0x0e, 0xf1, 0xdd, 0x4f, 0xf4, 0xfd, 0x10,
    0x02, 0x00, 0x00, 0xe1, 0xdc, 0xff, 0xfe, 0x32, 0x0e, 0x24, 0xed, 0x02, 0x0e, 0xe0, 0xef, 0xfd,
    0x02, 0x00, 0xf2, 0xdb, 0x01, 0x2f, 0x03, 0x0f, 0xff, 0x01, 0xf0, 0xfe, 0xe0, 0x3e, 0xf2, 0xee,
    0x03, 0x00, 0xfe, 0xff, 0xf1, 0xec, 0xd0, 0x41, 0xbd, 0x4f, 0x04, 0x0f, 0xd0, 0x51, 0x9c, 0x1f,
    0x03, 0x00, 0x1e, 0x00, 0x9c, 0x2d, 0x26, 0x0f, 0xf0, 0x0f, 0xdf, 0x32, 0xeb, 0x14, 0x2c, 0xc6,
    0x03, 0x00, 0xf9, 0xd1, 0x61, 0x9d, 0x1d, 0x04, 0xfc, 0xf1, 0x0f, 0xe0, 0x30, 0xf1, 0x01, 0xcb,
    0x02, 0x00, 0x1f, 0x22, 0xf0, 0x00, 0xff, 0x0f, 0xd1, 0xfb, 0xf1, 0xfe, 0xfe, 0xff, 0x11, 0x22,
    0x02, 0x00, 0xf0, 0xf0, 0x1f, 0x01, 0xee, 0xef, 0x0f, 0xf0, 0x0e, 0x13, 0xff, 0x10, 0x00, 0xf0,
    0x03, 0x00, 0xba, 0xff, 0x1f, 0xc0, 0x1d, 0x21, 0xe2, 0xfe, 0x4e, 0xd2, 0x41, 0xbf, 0x0f, 0xcf,
    0x02, 0x00, 0x30, 0xe1, 0x2e, 0xd0, 0x2f, 0xcf, 0x0e, 0xf0, 0xfe, 0xff, 0x01, 0xff, 0x00, 0x20,
    0x02, 0x00, 0xc1, 0x3d, 0xe1, 0x00, 0xe0, 0x0e, 0x10, 0xe0, 0x1f, 0xee, 0x01, 0xfe, 0xef, 0x0f,
    0x03, 0x00, 0xf0, 0x0e, 0x11, 0x12, 0x0e, 0x04, 0xfa, 0x02, 0x11, 0x10, 0xc1, 0x0b, 0xc0, 0x1e,
    0x03, 0x00, 0x00, 0xd0, 0x0d, 0x01, 0x12, 0xee, 0x43, 0xf0, 0x12, 0xbb, 0x1f, 0xc0, 0xfc, 0xc0,
    0x02, 0x00, 0x20, 0x0f, 0x02, 0x0f, 0xf0, 0x10, 0xff, 0xee, 0x0f, 0x0f, 0xd1, 0x3f, 0xe1, 0x0d,
    0x03, 0x00, 0x03, 0x3f, 0x90, 0x2d, 0xbf, 0xf0, 0x0b, 0x33, 0x13, 0x00, 0xff, 0xe1, 0x1d, 0x01,
    0x03, 0x00, 0xdf, 0x0f, 0xff, 0x10, 0xde, 0x12, 0x1f, 0xef, 0xe1, 0xef, 0x1d, 0xe1, 0x3e, 0x04,
    0x03, 0x00, 0x0f, 0xf0, 0xf1, 0xed, 0xf0, 0x0f, 0xf1, 0xfb, 0x12, 0x11, 0xf0, 0xf0, 0xf1, 0xed,
    0x02, 0x00, 0xf0, 0xfe, 0xf1, 0xfe, 0xf0, 0x1f, 0xe0, 0x30, 0xd0, 0x01, 0x0f, 0xf0, 0x0f, 0x00,
    0x03, 0x00, 0xdf, 0x01, 0xda, 0xf3, 0xd9, 0x20, 0x02, 0x00, 0xfe, 0x02, 0x1e, 0xe1, 0x20, 0xcf,
    0x03, 0x00, 0x0f, 0xef, 0x20, 0xef, 0x53, 0xc1, 0xfd, 0xe2, 0xfa, 0xe1, 0xee, 0x0f, 0xfe, 0x31,
    0x03, 0x00, 0x01, 0x02, 0x2f, 0xe1, 0x22, 0xeb, 0xd1, 0x1e, 0xb0, 0x3f, 0xe0, 0x00, 0xff, 0x10,
    0x03, 0x00, 0xee, 0xe1, 0x0e, 0xe0, 0x10, 0x11, 0xf1, 0xf1, 0xed, 0xf1, 0xfb, 0x13, 0xfd, 0xe2,
    0x03, 0x00, 0xfd, 0x23, 0xe0, 0x20, 0x10, 0xbf, 0x0f, 0xdd, 0x32, 0xbd, 0x20, 0x10, 0x01, 0xff,
    0x03, 0x00, 0x30, 0xd0, 0x2e, 0xd1, 0x0e, 0xf0, 0x00, 0xff, 0x00, 0x1e, 0xd3, 0x1c, 0x21, 0xd0,
    0x03, 0x00, 0xff, 0x21, 0xce, 0x0e, 0x01, 0x1f, 0xd1, 0x0a, 0xf5, 0x3e, 0xe1, 0x20, 0xfe, 0xf0,
    0x03, 0x00, 0xee, 0x0f, 0xff, 0x00, 0xfe, 0x13, 0x1d, 0x04, 0x0e, 0xf1, 0x0e, 0xce, 0x01, 0xeb,
    0x03, 0x00, 0xf1, 0x1e, 0x23, 0x00, 0x0f, 0xf0, 0x32, 0xce, 0x0f, 0xff, 0x01, 0xfc, 0x02, 0x1f,
    0x03, 0x00, 0xd1, 0xfc, 0xf1, 0xfd, 0xf0, 0x0f, 0xf0, 0xfd, 0x43, 0xe0, 0x11, 0x0f, 0xd0, 0x1e,
    0x03, 0x00, 0xdf, 0x0f, 0xef, 0x40, 0xb0, 0x1d, 0xf1, 0x01, 0xea, 0x02, 0x0f, 0xfe, 0xff, 0x31,
    0x04, 0x00, 0x13, 0x04, 0x31, 0xdf, 0xec, 0xf1, 0xeb, 0xf3, 0xeb, 0xd1, 0x41, 0xbd, 0x41, 0xe0,
    0x04, 0x00, 0x00, 0xff, 0xe0, 0x50, 0xa3, 0x0a, 0xc0, 0x4f, 0xe3, 0xfa, 0x02, 0x40, 0xd3, 0x1c,
    0x03, 0x00, 0x12, 0xef, 0x00, 0xed, 0xff, 0xee, 0x0d, 0x13, 0xfe, 0x22, 0xff, 0x00, 0xee, 0x11,
    0x03, 0x00, 0x0f, 0xd1, 0xed, 0x10, 0x0f, 0x12, 0xdf, 0x2f, 0xf1, 0xf0, 0xeb, 0x02, 0x1f, 0xb0,
    0x03, 0x00, 0x6f, 0xe1, 0x10, 0xff, 0x00, 0xef, 0x0f, 0xf0, 0xfe, 0x0f, 0x00, 0x02, 0xfe, 0xf0,
    0x03, 0x00, 0xff, 0x30, 0xc0, 0x1e, 0xf1, 0x0f, 0x02, 0x0e, 0x12, 0xfd, 0xcf, 0xfe, 0x20, 0xe0,
    0x04, 0x00, 0xff, 0x10, 0x30, 0xf4, 0x4d, 0xf6, 0xfb, 0x01, 0xc0, 0x0d, 0xab, 0x22, 0x1e, 0xc0,
    0x04, 0x00, 0xfc, 0x35, 0xed, 0x0f, 0x10, 0xf3, 0x33, 0xba, 0x31, 0xff, 0x20, 0xa0, 0x1b, 0x21,
    0x03, 0x00, 0x01, 0xfd, 0x12, 0xcf, 0x0f, 0xff, 0x01, 0xfe, 0x0f, 0x01, 0xef, 0x3e, 0x05, 0x0d,
    0x04, 0x00, 0xb0, 0x2d, 0xbf, 0x00, 0xec, 0xef, 0x44, 0xed, 0x01, 0x0d, 0x05, 0xed, 0xee, 0x1f,
    0x04, 0x00, 0xcf, 0xff, 0x3e, 0x03, 0x12, 0xff, 0xf0, 0xe1, 0x2d, 0xf1, 0x01, 0xdc, 0x10, 0x32,
    0x04, 0x00, 0xce, 0xdf, 0x1e, 0xe0, 0xde, 0xed, 0x43, 0xff, 0x12, 0xf0, 0x43, 0xf0, 0xf3, 0xd9,
    0x04, 0x00, 0x02, 0xcb, 0x01, 0xfa, 0x12, 0x21, 0xde, 0x32, 0xbe, 0x2f, 0x30, 0xe1, 0xce, 0x2e,
    0x04, 0x00, 0xf0, 0xf0, 0xf0, 0x64, 0xab, 0x00, 0xfe, 0x00, 0x1f, 0xd0, 0x0e, 0xfe, 0xf4, 0x0d,
    0x04, 0x00, 0x1f, 0x0f, 0x12, 0xef, 0x40, 0xc1, 0xfc, 0x01, 0xeb, 0xe2, 0x0c, 0x03, 0x0d, 0x10,
    0x04, 0x00, 0x24, 0x1f, 0xb0, 0x3e, 0xf2, 0xfd, 0xae, 0x1c, 0x02, 0x0e, 0x03, 0xe0, 0x2d, 0xc1,
    0x04, 0x00, 0xfe, 0x20, 0xf1, 0x00, 0xef, 0x20, 0xff, 0x14, 0xec, 0x02, 0xda, 0xe2, 0x0d, 0xf0,
    0x04, 0x00, 0xee, 0x64, 0xdf, 0xfe, 0xff, 0xf1, 0xee, 0xfc, 0x02, 0xff, 0x2f, 0xf3, 0x3f, 0xf1,
    0x04, 0x00, 0x2f, 0xaf, 0x2d, 0xd3, 0x0c, 0xd1, 0x1d, 0x11, 0x0f, 0x22, 0xd0, 0xfc, 0xf0, 0xe0,
    0x04, 0x00, 0x1d, 0xf0, 0x12, 0x0e, 0x02, 0x1c, 0xe5, 0x0d, 0x00, 0xef, 0xd0, 0xfd, 0xed, 0x00,
    0x04, 0x00, 0x0f, 0x00, 0x0f, 0xd0, 0x30, 0x11, 0x0e, 0x15, 0xfc, 0x01, 0xde, 0x00, 0xee, 0xfe,
    0x04, 0x00, 0x00, 0xdf, 0x41, 0xff, 0xe0, 0xfe, 0x30, 0xc0, 0x30, 0xed, 0x13, 0xee, 0x2f, 0x12,
    0x04, 0x00, 0xfe, 0xe1, 0x1f, 0xcd, 0x0f, 0xff, 0x00, 0x0d, 0x24, 0xde, 0x0f, 0x0f, 0xc0, 0x2f,
    0x04, 0x00, 0x00, 0xe0, 0xef, 0x40, 0xf1, 0x00, 0xf0, 0x0d, 0xd0, 0x0e, 0xf0, 0x0f, 0x01, 0xf1,
    0x04, 0x00, 0x20, 0xf0, 0x00, 0xef, 0xeb, 0xf1, 0xfd, 0xe0, 0x2f, 0xe0, 0x32, 0xff, 0x22, 0xde,
    0x04, 0x00, 0x0f, 0x1f, 0xbf, 0xff, 0x0d, 0x00, 0x11, 0xef, 0x11, 0xee, 0xf0, 0x2f, 0x01, 0x0e,
    0x04, 0x00, 0xc1, 0x0d, 0xf0, 0xf0, 0x30, 0xd0, 0x0e, 0x01, 0xef, 0x31, 0xef, 0x00, 0xff, 0x10,
    0x04, 0x00, 0xaf, 0x2e, 0xe0, 0x10, 0xdd, 0x23, 0xdf, 0xfe, 0xff, 0x00, 0x0d, 0xe1, 0x00, 0xf0,
    0x04, 0x00, 0x31, 0xf1, 0x00, 0xff, 0x00, 0xdf, 0x00, 0xfe, 0xed, 0xe1, 0x2e, 0xf1, 0x00, 0x0f,
    0x04, 0x00, 0xc0, 0x1c, 0xf2, 0x31, 0xf0, 0x0e, 0x13, 0x00, 0xef, 0x0e, 0xd0, 0xfe, 0xfe, 0xd0,
    0x04, 0x00, 0x1f, 0x00, 0x20, 0x02, 0x0f, 0x10, 0xce, 0x11, 0xdd, 0x21, 0xdf, 0x01, 0x0f, 0x11,
    0x04, 0x00, 0xf0, 0xf1, 0xec, 0x0f, 0xe1, 0xee, 0x0e, 0xf0, 0x0f, 0x0f, 0x20, 0xd3, 0x0e, 0xf0,
    0x05, 0x00, 0x2f, 0xad, 0x54, 0xdc, 0x01, 0xfe, 0xf0, 0x0f, 0xe0, 0x30, 0xf1, 0x20, 0xb1, 0xdb,
    0x05, 0x00, 0x40, 0xd0, 0xbe, 0x3e, 0xf1, 0xf0, 0xf0, 0x41, 0x34, 0xbd, 0x0f, 0x1f, 0xc0, 0x00,
    0x05, 0x00, 0xec, 0x00, 0x0d, 0x13, 0x1f, 0xce, 0x21, 0xff, 0x00, 0xff, 0x0e, 0xf4, 0x4c, 0xb2,
    0x04, 0x00, 0x1e, 0xf1, 0xff, 0xdf, 0x2f, 0xf0, 0x00, 0xef, 0x41, 0x02, 0xe0, 0xfd, 0x00, 0xdd,
    0x05, 0x00, 0x0f, 0xff, 0xf2, 0xdb, 0x44, 0xff, 0xe1, 0x3f, 0xe4, 0xca, 0x1e, 0xff, 0x03, 0x3f,
    0x05, 0x00, 0xd0, 0x43, 0x00, 0xe1, 0xba, 0xff, 0x12, 0xa9, 0x0e, 0x12, 0xe0, 0x3f, 0xe4, 0x3f,
    0x05, 0x00, 0xe1, 0x0e, 0x22, 0xdf, 0x3d, 0xa2, 0x1d, 0xe0, 0x2e, 0xd4, 0xfc, 0xec, 0x11, 0x12,
    0x04, 0x00, 0x00, 0xf0, 0xff, 0xf0, 0xdf, 0x3e, 0xe2, 0x0f, 0xf0, 0x0e, 0x03, 0xfd, 0xf0, 0x0e,
    0x05, 0x00, 0xd4, 0x1b, 0xc0, 0x1e, 0xd0, 0x30, 0xf0, 0xe3, 0xf9, 0x32, 0xdf, 0xff, 0x1f, 0x21,
    0x05, 0x00, 0xe1, 0x30, 0xf0, 0x30, 0x9f, 0x1f, 0xeb, 0x13, 0xf1, 0xe9, 0x12, 0x11, 0xe1, 0x1d,
    0x05, 0x00, 0x11, 0xaf, 0x1c, 0x02, 0xfe, 0x23, 0x2f, 0x05, 0xfc, 0x00, 0xe0, 0xcd, 0xfc, 0xf0,
    0x04, 0x00, 0x00, 0xfe, 0xf1, 0x30, 0xf2, 0x0f, 0xf0, 0xfe, 0xf0, 0xff, 0xef, 0x10, 0xff, 0xf0,
    0x05, 0x00, 0x2f, 0x00, 0xe2, 0x0e, 0xf0, 0x0f, 0x1d, 0xf6, 0xfb, 0xf1, 0x0d, 0x04, 0xfd, 0xde,
    0x05, 0x00, 0x20, 0x02, 0xdc, 0x10, 0x01, 0x00, 0x10, 0xde, 0x11, 0xff, 0x0f, 0xe2, 0x51, 0xd1,
    0x05, 0x00, 0xeb, 0xf0, 0x00, 0xdd, 0x31, 0xcd, 0x00, 0xfc, 0x15, 0xef, 0x1d, 0x03, 0x00, 0xdd,
    0x06, 0x00, 0x50, 0xf0, 0x00, 0xff, 0x00, 0x2f, 0xa1, 0x19, 0xae, 0x32, 0xff, 0x0e, 0x22, 0x14,
    0x05, 0x00, 0x1f, 0xcf, 0x30, 0xaf, 0x2d, 0xe0, 0x00, 0xfe, 0x10, 0x04, 0x2f, 0xf1, 0x20, 0xae,
    0x05, 0x00, 0xdc, 0xfe, 0x00, 0xe1, 0x0d, 0x10, 0x02, 0x0e, 0x02, 0x0f, 0xe1, 0x2d, 0xc1, 0x1d,
    0x05, 0x00, 0x02, 0xff, 0x11, 0xde, 0x41, 0x9d, 0x1f, 0xf0, 0xee, 0x30, 0xd0, 0x0e, 0x0f, 0x34,
    0x06, 0x00, 0x9e, 0x5f, 0xee, 0x45, 0xbc, 0x43, 0xaf, 0xfb, 0xe2, 0xfb, 0x11, 0xbf, 0x0e, 0xfd,
    0x06, 0x00, 0x22, 0x21, 0x14, 0x0f, 0x10, 0xbf, 0x3c, 0xc3, 0x1d, 0xe0, 0x0f, 0xf1, 0xcb, 0x41,
    0x05, 0x00, 0xe1, 0x1e, 0xe1, 0x20, 0xde, 0x20, 0xf0, 0x00, 0xf1, 0xeb, 0xf1, 0xfc, 0x03, 0xff,
    0x05, 0x00, 0x00, 0x00, 0x11, 0xf1, 0x0d, 0xe0, 0xee, 0x0f, 0xf0, 0x30, 0xcf, 0x31, 0xf0, 0x00,
    0x05, 0x00, 0xff, 0x11, 0xbd, 0x1e, 0xe1, 0x0f, 0xfe, 0x03, 0x21, 0xf0, 0x2f, 0xbf, 0xff, 0x0d,
    0x06, 0x00, 0xf4, 0xdb, 0x33, 0xcc, 0x21, 0x30, 0x10, 0xd5, 0xf9, 0xe2, 0xfb, 0xff, 0x15, 0xeb,
    0x06, 0x00, 0xd1, 0x4f, 0xf1, 0x00, 0xdf, 0x40, 0xd1, 0x40, 0x01, 0xcf, 0x2e, 0xdf, 0xde, 0xf0,
    0x06, 0x00, 0xec, 0x00, 0x0f, 0x0e, 0xf3, 0x3f, 0xf0, 0x13, 0xfd, 0x06, 0xea, 0xf1, 0x0d, 0x24,
    0x06, 0x00, 0xee, 0xc0, 0x0a, 0xb0, 0xfe, 0x30, 0xf1, 0x00, 0xfe, 0xf3, 0x31, 0xec, 0x34, 0xae,
    0x05, 0x00, 0x2f, 0xf0, 0x00, 0xfe, 0x11, 0xff, 0xef, 0xf0, 0xed, 0xef, 0x1f, 0xf0, 0xfe, 0x23,
    0x06, 0x00, 0x30, 0xf2, 0x0f, 0x01, 0xbd, 0xfb, 0xf0, 0x00, 0x00, 0x0e, 0xf1, 0x43, 0xf0, 0x11,
    0x06, 0x00, 0xcb, 0xdf, 0x1d, 0xa0, 0x6d, 0xa4, 0x5e, 0xe1, 0x10, 0xff, 0x0e, 0x04, 0xfb, 0xe1,
    0x05, 0x00, 0x1f, 0xf1, 0xee, 0x10, 0x00, 0xf0, 0xef, 0xfc, 0x04, 0xfc, 0x02, 0x0f, 0xf0, 0xff,
    0x06, 0x00, 0x21, 0xed, 0xe2, 0x2c, 0xf2, 0xff, 0x20, 0xf2, 0xfc, 0x10, 0xdd, 0x30, 0xf2, 0xde,
    0x05, 0x00, 0xef, 0x30, 0xd1, 0x0f, 0x1f, 0xf1, 0xff, 0xfd, 0xf2, 0x1e, 0xf1, 0x0f, 0xf0, 0xfe,
    0x06, 0x00, 0xf0, 0xef, 0x3f, 0xf4, 0x3f, 0xd2, 0x2d, 0xe1, 0x01, 0x1e, 0xad, 0xed, 0xfe, 0x00,
    0x05, 0x00, 0xe0, 0x3e, 0x04, 0x0e, 0xf1, 0x2f, 0xe1, 0xed, 0xff, 0x0f, 0x00, 0x0f, 0xe1, 0x2f,
    0x06, 0x00, 0xb1, 0x2f, 0xdf, 0xef, 0xee, 0x21, 0xde, 0x11, 0x1f, 0x34, 0xf0, 0xf0, 0xf0, 0xee,
    0x05, 0x00, 0xfe, 0x00, 0x0f, 0x21, 0xbf, 0x1e, 0x10, 0xe0, 0x0f, 0xff, 0x10, 0xef, 0x1f, 0x02,
    0x06, 0x00, 0xfb, 0x03, 0x1e, 0xc0, 0x0e, 0xff, 0x00, 0xff, 0x0e, 0x02, 0xf0, 0xed, 0xf0, 0x0f,
    0x06, 0x00, 0x11, 0xcc, 0xfe, 0x42, 0xd0, 0x0f, 0xee, 0x53, 0xde, 0x11, 0x01, 0xf1, 0xed, 0xf0,
    0x06, 0x00, 0x1f, 0xe0, 0xfe, 0xdf, 0xec, 0x10, 0x2f, 0x04, 0x0e, 0xf2, 0x4f, 0xc2, 0x0c, 0xf0,
    0x06, 0x00, 0x1f, 0xdf, 0xff, 0x00, 0x21, 0xf0, 0x00, 0xff, 0x01, 0xaf, 0x0a, 0x11, 0x00, 0x0e,
    0x06, 0x00, 0x15, 0xfe, 0x20, 0xf0, 0x22, 0x99, 0x11, 0x0e, 0xd1, 0x0d, 0x01, 0x12, 0x0e, 0xf2,
    0x06, 0x00, 0x2f, 0x11, 0xbf, 0x0e, 0xef, 0x40, 0xc1, 0x0b, 0x12, 0xd0, 0xfd, 0xe0, 0x2f, 0xff,
    0x06, 0x00, 0x11, 0x01, 0x0f, 0xee, 0x33, 0xee, 0xfe, 0xf0, 0xfe, 0xdf, 0x0d, 0x11, 0xf1, 0xfd,
    0x06, 0x00, 0xe0, 0x2f, 0x00, 0xef, 0x0d, 0x11, 0xe1, 0x0e, 0xf3, 0x1d, 0xe2, 0xfc, 0x02, 0x0f,
    0x06, 0x00, 0xf1, 0xed, 0x21, 0xcd, 0x00, 0x0f, 0xd0, 0x0e, 0x01, 0x21, 0xbf, 0x5e, 0xf3, 0x02,
    0x06, 0x00, 0xdb, 0xf1, 0xfc, 0x0f, 0x01, 0x10, 0x21, 0xd0, 0x0f, 0xff, 0x11, 0xde, 0xdd, 0x0f,
    0x06, 0x00, 0xef, 0x00, 0x31, 0xf0, 0x10, 0x13, 0x2f, 0xb0, 0x0e, 0x0f, 0xe1, 0xfc, 0x02, 0x00,
    0x07, 0x00, 0xec, 0x00, 0x0f, 0x10, 0x9f, 0x3e, 0x21, 0x00, 0x34, 0xac, 0x63, 0x0f, 0xc0, 0x2f,
    0x07, 0x00, 0x9b, 0x1f, 0xdf, 0x41, 0xf1, 0x00, 0x1f, 0xbf, 0xee, 0x30, 0xf1, 0x02, 0xe9, 0x13,
    0x07, 0x00, 0x32, 0x9f, 0x2f, 0x14, 0xd9, 0xf3, 0xea, 0xd1, 0x4f, 0xf1, 0x00, 0xfd, 0x34, 0xcc,
    0x06, 0x00, 0x01, 0x0f, 0xe0, 0x1e, 0xf1, 0xee, 0xff, 0xf0, 0xfe, 0xe0, 0x4f, 0xf3, 0x0f, 0xff,
    0x07, 0x00, 0x13, 0x1e, 0xb0, 0x2f, 0xbb, 0xdf, 0xed, 0x30, 0xef, 0x54, 0xd0, 0x32, 0xde, 0xef,
    0x06, 0x00, 0xee, 0x1e, 0xf0, 0xf0, 0x10, 0xe0, 0x10, 0x10, 0xf0, 0xf1, 0xfc, 0xd0, 0x1d, 0xd1,
    0x06, 0x00, 0x2f, 0xf0, 0x00, 0xff, 0x00, 0x1f, 0xcf, 0x0d, 0x01, 0xff, 0x22, 0xf0, 0x00, 0xfe,
    0x07, 0x00, 0x05, 0xeb, 0x11, 0xce, 0x2f, 0xcd, 0x22, 0xf0, 0xfb, 0x25, 0xbb, 0x00, 0xfe, 0xc2,
    0x06, 0x00, 0x1e, 0x11, 0x11, 0xf0, 0xff, 0x10, 0xfe, 0x00, 0xd1, 0xfc, 0xd0, 0x0f, 0xf0, 0xf0,
    0x07, 0x00, 0x30, 0xc2, 0x6d, 0xe1, 0x23, 0xdf, 0x40, 0xb0, 0x1f, 0x0f, 0xe0, 0xde, 0x0d, 0x03,
    0x07, 0x00, 0x0f, 0x0f, 0x04, 0x0a, 0xe4, 0xdd, 0xf1, 0xfa, 0x14, 0x0d, 0x04, 0x0d, 0x02, 0x12,
    0x07, 0x00, 0xf1, 0x0c, 0xd1, 0xca, 0x0e, 0xf2, 0x20, 0x21, 0x11, 0xde, 0x11, 0x1f, 0xc1, 0xfb,
    0x07, 0x00, 0xf0, 0x01, 0xdb, 0x44, 0xef, 0x31, 0xf0, 0x00, 0xf1, 0xec, 0xf0, 0xef, 0x30, 0x01,
    0x07, 0x00, 0xbf, 0x30, 0xfd, 0xd0, 0x1e, 0xb0, 0x2f, 0x01, 0x31, 0x00, 0xde, 0x20, 0xd3, 0xfb,
    0x07, 0x00, 0x00, 0xef, 0xde, 0x0d, 0xf1, 0x42, 0xd0, 0x41, 0xbb, 0x12, 0xff, 0xfe, 0xe1, 0x3d,
    0x07, 0x00, 0xc1, 0x2e, 0xaf, 0x2f, 0x10, 0x01, 0x0f, 0xff, 0x1d, 0xd6, 0x2b, 0xe2, 0x1f, 0x01,
    0x07, 0x00, 0xbb, 0x42, 0xff, 0xe3, 0x09, 0x02, 0xde, 0xf0, 0x0c, 0xd0, 0xfd, 0x31, 0x12, 0x01,
    0x07, 0x00, 0x32, 0xf0, 0x10, 0xcf, 0x01, 0xdb, 0xef, 0xfe, 0xfc, 0x11, 0x12, 0xe0, 0x2f, 0x14,
    0x06, 0x00, 0xee, 0xff, 0xfe, 0x21, 0xd0, 0x30, 0xd0, 0x0f, 0xff, 0x00, 0x00, 0xee, 0x0f, 0xef,
    0x07, 0x00, 0x10, 0xf1, 0x21, 0xee, 0x00, 0xe0, 0x4d, 0xa0, 0x0c, 0x12, 0x20, 0xf1, 0x0e, 0x02,
    0x07, 0x00, 0x10, 0xcd, 0x0f, 0x0f, 0xd0, 0xf0, 0x0d, 0x21, 0xf1, 0xec, 0x24, 0xed, 0x11, 0xde,
    0x07, 0x00, 0x00, 0xea, 0x45, 0xff, 0x11, 0xdd, 0x11, 0xff, 0x00, 0x1f, 0xcf, 0x31, 0xab, 0xf0,
    0x07, 0x00, 0x2f, 0x01, 0xcf, 0x3d, 0x05, 0x0f, 0xff, 0x02, 0xf0, 0x0d, 0xe0, 0xef, 0xfc, 0xff,
    0x07, 0x00, 0x12, 0xdf, 0x40, 0x00, 0x01, 0xe0, 0x1f, 0xef, 0xee, 0x0f, 0x0e, 0xf2, 0x21, 0xdc,
    0x07, 0x00, 0x0e, 0x23, 0xd0, 0xfd, 0xff, 0xff, 0x11, 0x1c, 0x16, 0x0e, 0xf1, 0x0d, 0xd0, 0x0f,
    0x07, 0x00, 0xed, 0x00, 0xe0, 0x0e, 0x21, 0xd0, 0xef, 0x50, 0xd1, 0x00, 0xcd, 0x40, 0xf0, 0x12,
    0x07, 0x00, 0x0e, 0xe2, 0x1e, 0xc2, 0xfa, 0x10, 0xcf, 0xfe, 0x1e, 0x02, 0x11, 0xfe, 0x12, 0xee,
    0x07, 0x00, 0x01, 0x20, 0xde, 0xdf, 0x2e, 0xf0, 0x00, 0xdf, 0x41, 0xe0, 0xfe, 0xff, 0x0f, 0x00,
    0x07, 0x00, 0xdf, 0x0f, 0xff, 0x11, 0xbd, 0x3f, 0x13, 0x00, 0xe0, 0x1f, 0xe1, 0x1e, 0xf1, 0x0e,
    0x07, 0x00, 0xce, 0x0f, 0xff, 0x00, 0x0f, 0x02, 0x1f, 0xd0, 0x0e, 0x02, 0xfe, 0xee, 0x2e, 0x04,
    0x08, 0x00, 0x1d, 0x04, 0xee, 0x42, 0xbc, 0xef, 0xcd, 0x0f, 0x11, 0x9a, 0x53, 0xff, 0x0f, 0x11,
    0x07, 0x00, 0xf3, 0x0c, 0xf1, 0x0f, 0xff, 0x01, 0x31, 0xd2, 0xfb, 0xf0, 0x00, 0xff, 0xfe, 0x0f,
    0x07, 0x00, 0xe2, 0x2e, 0x02, 0x20, 0xf0, 0x1f, 0xbf, 0x1e, 0xd0, 0x0d, 0xff, 0x01, 0x1f, 0xf0,
    0x07, 0x00, 0x01, 0xe0, 0x1e, 0x00, 0xff, 0xdf, 0x2e, 0xe2, 0x0f, 0xf0, 0x0c, 0xf3, 0x0e, 0xf0,
    0x07, 0x00, 0x1f, 0xd0, 0x1e, 0xed, 0x13, 0x0e, 0xe1, 0x1d, 0xf0, 0x01, 0x2f, 0xdf, 0x11, 0xee,
    0x08, 0x00, 0x0d, 0xcf, 0x00, 0xcc, 0x5f, 0xd3, 0xee, 0x50, 0xe2, 0xf1, 0x1c, 0x01, 0xe0, 0xb9,
    0x08, 0x00, 0x11, 0x12, 0x0e, 0x13, 0x0f, 0x1e, 0xd2, 0x0f, 0xde, 0xfd, 0xf0, 0x0f, 0x0e, 0x04,
    0x07, 0x00, 0xfd, 0xf0, 0x3f, 0xbf, 0x30, 0xff, 0xf0, 0xff, 0x20, 0x01, 0xe0, 0x0f, 0xf2, 0xeb,
    0x08, 0x00, 0xfe, 0xbe, 0x4f, 0xff, 0x03, 0x3f, 0xf1, 0x0e, 0x03, 0x0f, 0xf1, 0xec, 0xe0, 0x3f,
    0x08, 0x00, 0xff, 0x41, 0xa1, 0x2d, 0xdf, 0xee, 0x10, 0xbc, 0x0e, 0x11, 0x03, 0x3f, 0xdf, 0x44,
    0x08, 0x00, 0xcd, 0x31, 0xff, 0x12, 0xda, 0xf2, 0xdd, 0x0f, 0x1f, 0xde, 0x01, 0x2f, 0xf1, 0xff,
    0x08, 0x00, 0x11, 0x1e, 0xf1, 0x00, 0xef, 0xca, 0x20, 0xff, 0x13, 0x1c, 0xe6, 0x0e, 0xec, 0x13,
    0x08, 0x00, 0xf0, 0xef, 0xdd, 0x21, 0xdc, 0x54, 0xcf, 0x0f, 0xff, 0x10, 0xdf, 0x0f, 0xff, 0x0e,
    0x08, 0x00, 0x11, 0x12, 0xff, 0xf0, 0x1f, 0xc1, 0x1a, 0xd3, 0x1c, 0x13, 0xec, 0x25, 0xff, 0xee,
    0x08, 0x00, 0xff, 0xf0, 0xfd, 0xf1, 0xfb, 0xf3, 0x2d, 0x24, 0xf1, 0xed, 0x01, 0xcc, 0x0f, 0xff,
    0x08, 0x00, 0x00, 0xfe, 0x24, 0x0d, 0x22, 0xf0, 0xf1, 0xee, 0x1d, 0xa0, 0xfb, 0x10, 0x0f, 0x13,
    0x08, 0x00, 0x0e, 0x01, 0x11, 0x0e, 0x02, 0x1f, 0xdf, 0x12, 0xfc, 0xd0, 0x3e, 0xaf, 0x1e, 0xfe,
    0x08, 0x00, 0x13, 0x0f, 0x1f, 0xe2, 0xfd, 0x22, 0x10, 0xc0, 0x2e, 0xf0, 0x00, 0xef, 0x20, 0xf1,
    0x08, 0x00, 0x0d, 0xc1, 0x1c, 0xc0, 0xf0, 0x0d, 0x21, 0x0f, 0x12, 0xef, 0x20, 0xff, 0x03, 0xed,
    0x08, 0x00, 0xee, 0x0e, 0xf3, 0x1d, 0xf2, 0xfd, 0xf0, 0x10, 0xbd, 0x2f, 0xf0, 0x00, 0xee, 0x31,
    0x08, 0x00, 0x22, 0xbf, 0x0e, 0xf0, 0xfd, 0xf0, 0xff, 0x20, 0xef, 0x32, 0xf0, 0x00, 0x0f, 0xe0,
    0x08, 0x00, 0xdd, 0x0d, 0xdf, 0xfe, 0x22, 0xff, 0x32, 0xff, 0x10, 0xde, 0x10, 0x03, 0xec, 0xed,
    0x08, 0x00, 0x01, 0x0f, 0xe0, 0x11, 0x0f, 0xef, 0xe1, 0x2d, 0xc1, 0x4f, 0xb0, 0x3f, 0xe0, 0x1f,
    0x09, 0x00, 0xc3, 0x1d, 0xc0, 0x40, 0xe3, 0xfb, 0xf0, 0x0f, 0xf2, 0xed, 0xca, 0x34, 0x50, 0xb2,
    0x08, 0x00, 0x0d, 0x05, 0xfc, 0xf1, 0x1f, 0xf0, 0xce, 0x0e, 0xef, 0x10, 0x10, 0xf0, 0xe0, 0x1c,
    0x08, 0x00, 0x03, 0x0f, 0xf0, 0xff, 0x20, 0xd0, 0x1f, 0xdf, 0x1f, 0xef, 0xe0, 0xfc, 0x02, 0x0f,
    0x08, 0x00, 0xef, 0x51, 0xf3, 0x01, 0xec, 0x22, 0xce, 0x0f, 0xf0, 0xfd, 0xf2, 0x3e, 0xe3, 0x0f,
    0x08, 0x00, 0xee, 0x01, 0xfe, 0xfe, 0x00, 0x0f, 0x0f, 0xd1, 0x6f, 0xf5, 0x1d, 0xd0, 0x0e, 0x00,
    0x09, 0x00, 0xbc, 0xef, 0x3f, 0x11, 0xaf, 0x4e, 0x0f, 0xe3, 0x0d, 0xf0, 0x11, 0xaa, 0x23, 0xfe,
    0x09, 0x00, 0x0f, 0x11, 0x14, 0xeb, 0xef, 0x53, 0x10, 0xc0, 0x0e, 0xff, 0x11, 0xeb, 0x9d, 0x20,
    0x08, 0x00, 0xff, 0xf0, 0x0f, 0x41, 0xd1, 0xff, 0x0f, 0x11, 0xee, 0x11, 0xfe, 0xe0, 0x0e, 0x02,
    0x08, 0x00, 0xfe, 0xfe, 0x21, 0xcf, 0x0f, 0xdf, 0x30, 0x02, 0x1f, 0xf0, 0x0f, 0xf0, 0x0e, 0xdf,
    0x08, 0x00, 0x41, 0xb0, 0x1e, 0xf0, 0x11, 0x0f, 0xe0, 0x1f, 0xdf, 0x0f, 0xff, 0xf0, 0x00, 0x10,
    0x08, 0x00, 0x02, 0x0f, 0xe0, 0x1f, 0xe1, 0xdb, 0x01, 0x0f, 0xf0, 0x1f, 0x00, 0x13, 0xff, 0xf0,
    0x09, 0x00, 0xff, 0x11, 0xbd, 0xfd, 0xeb, 0x14, 0xef, 0x31, 0xf2, 0xfc, 0xe0, 0x2f, 0x23, 0xde,
    0x09, 0x00, 0x40, 0xb0, 0x1f, 0xee, 0x55, 0xbc, 0x00, 0xfd, 0x25, 0xca, 0x13, 0xfe, 0xf1, 0xf0,
    0x08, 0x00, 0xfe, 0xf0, 0x0f, 0xf0, 0xff, 0x31, 0xc1, 0x2f, 0xe0, 0x10, 0xef, 0x1e, 0xe1, 0x0e,
    0x08, 0x00, 0xf2, 0x2e, 0xd1, 0xfd, 0x00, 0xf1, 0x0e, 0xd0, 0x1f, 0x00, 0xdf, 0x31, 0xf0, 0x01,
    0x09, 0x00, 0xea, 0x05, 0xfa, 0x04, 0xfe, 0x21, 0x00, 0xd0, 0xf1, 0xe9, 0xe1, 0xdd, 0x0f, 0x0f,
    0x09, 0x00, 0xfe, 0x30, 0x46, 0x0f, 0x03, 0xfe, 0x21, 0x9c, 0x0e, 0xe1, 0xea, 0xff, 0x00, 0x34,
    0x0a, 0x00, 0xdb, 0x21, 0x9d, 0x4c, 0xb2, 0x35, 0xa9, 0x52, 0xc0, 0x31, 0x61, 0x92, 0x1d, 0xe2,
    0x09, 0x00, 0xfe, 0xed, 0x0e, 0x03, 0xfb, 0x03, 0x0e, 0xf2, 0xfb, 0xf3, 0x3f, 0xe2, 0xfd, 0xf0,
    0x09, 0x00, 0x0f, 0xf0, 0x1e, 0xd3, 0xfb, 0xd0, 0x3f, 0xff, 0x12, 0xff, 0xf0, 0xef, 0x22, 0xdb,
    0x09, 0x00, 0xf2, 0xfc, 0xf1, 0x0e, 0x23, 0xdf, 0x0e, 0x12, 0xde, 0x02, 0x2f, 0xf1, 0xf1, 0x1d,
    0x09, 0x00, 0xf2, 0xee, 0x1e, 0xf2, 0xfd, 0xf0, 0xff, 0x20, 0xfe, 0x25, 0x2e, 0xa0, 0x0e, 0xde,
    0x09, 0x00, 0xee, 0x30, 0xc0, 0x1f, 0x30, 0xe2, 0x20, 0xf0, 0x20, 0xaf, 0x2e, 0xcf, 0x1f, 0xfe,
    0x09, 0x00, 0x12, 0x0e, 0x02, 0xf0, 0xef, 0x0d, 0xdf, 0x1d, 0xe2, 0x1c, 0xf5, 0x3e, 0xf3, 0x0f,
    0x09, 0x00, 0xf0, 0x0f, 0xf1, 0xfe, 0xd0, 0x1b, 0xc1, 0x0e, 0x10, 0xf2, 0xfd, 0xe0, 0x2e, 0xf3,
    0x09, 0x00, 0x3e, 0xf3, 0x0f, 0xf0, 0xe0, 0x2e, 0xce, 0x0f, 0xf0, 0x0e, 0xdf, 0x11, 0xff, 0x0f,
    0x09, 0x00, 0x12, 0xde, 0x21, 0xdd, 0x12, 0xfe, 0x31, 0xc1, 0xfe, 0x1f, 0xf1, 0x0d, 0xdf, 0x11,
    0x09, 0x00, 0x0e, 0xe1, 0x11, 0xee, 0xfe, 0x0f, 0xcf, 0x2e, 0xe3, 0x2d, 0xe1, 0x2f, 0xff, 0x13,
    0x09, 0x00, 0xee, 0xef, 0xfd, 0xf0, 0x0f, 0xff, 0x31, 0x02, 0x1f, 0xd0, 0xec, 0x22, 0xcc, 0x00,
    0x0a, 0x00, 0xfe, 0xe1, 0x4e, 0xe4, 0x43, 0x41, 0xd1, 0xed, 0xbd, 0x0e, 0x11, 0xb9, 0x23, 0x0c,
    0x0a, 0x00, 0x13, 0x14, 0xeb, 0xf0, 0x2d, 0xd4, 0x1d, 0xfe, 0x15, 0xcc, 0x2d, 0x3f, 0x93, 0x1c,
    0x09, 0x00, 0xe0, 0x21, 0xde, 0x20, 0xff, 0x02, 0x1f, 0xf2, 0xeb, 0xf0, 0x0f, 0xf0, 0xff, 0x11,
    0x0a, 0x00, 0xc9, 0x01, 0x0e, 0xe0, 0x40, 0xe3, 0xdc, 0x10, 0x5f, 0xd5, 0x1d, 0xfe, 0x33, 0xde,
    0x0a, 0x00, 0xcf, 0x0e, 0x10, 0xa1, 0x3b, 0x01, 0xdf, 0x0e, 0xff, 0xe0, 0x4e, 0xf3, 0x53, 0xff,
    0x09, 0x00, 0x02, 0x1f, 0xb0, 0x1c, 0xd0, 0x0f, 0x00, 0xce, 0x1e, 0x21, 0x02, 0x0f, 0xf0, 0x00,
    0x09, 0x00, 0xde, 0xed, 0x10, 0xf0, 0xff, 0x21, 0xff, 0x02, 0xff, 0x01, 0xdd, 0x0f, 0x1f, 0xb0,
    0x0a, 0x00, 0x5d, 0xef, 0x24, 0xfe, 0xf2, 0xfa, 0x24, 0xce, 0xef, 0x1f, 0x41, 0xa1, 0x4d, 0xf4,
    0x0a, 0x00, 0x02, 0xc9, 0xf1, 0x0e, 0xf0, 0x1f, 0xcf, 0x0e, 0xdf, 0x50, 0xb0, 0x1f, 0xff, 0x0e,
    0x09, 0x00, 0xf2, 0x1c, 0x04, 0x0e, 0xf1, 0xfd, 0x00, 0xff, 0xef, 0x0f, 0x0f, 0xf1, 0xee, 0xfe,
    0x0a, 0x00, 0x41, 0x05, 0xfb, 0x04, 0x0e, 0xf0, 0x0f, 0xf0, 0xf2, 0xd9, 0x11, 0xde, 0x0e, 0x11,
    0x0a, 0x00, 0x12, 0xdf, 0x40, 0x32, 0xe2, 0xcb, 0xf0, 0xec, 0x01, 0xe0, 0x0d, 0x40, 0xd3, 0x0e,
    0x09, 0x00, 0xff, 0x12, 0xdd, 0x00, 0xff, 0x00, 0xdf, 0x40, 0xe1, 0x20, 0xf0, 0xee, 0xe0, 0xfd,
    0x0a, 0x00, 0xf0, 0x11, 0xcb, 0x11, 0x10, 0x13, 0xef, 0x20, 0x00, 0xdf, 0xfe, 0x20, 0xf1, 0x01,
    0x0a, 0x00, 0xeb, 0x03, 0x3e, 0x90, 0x1d, 0xd1, 0x2d, 0xd1, 0x30, 0xf1, 0xf0, 0x3f, 0xc2, 0x0c,
    0x0a, 0x00, 0xfe, 0x12, 0xf0, 0xdc, 0x33, 0xf0, 0xe0, 0x2f, 0xf1, 0x02, 0xdb, 0xee, 0xef, 0x21,
    0x0a, 0x00, 0xef, 0xfd, 0xfe, 0x22, 0xce, 0x41, 0x02, 0x00, 0x1d, 0x05, 0xed, 0xff, 0xff, 0xf2,
    0x0a, 0x00, 0xca, 0x50, 0xb2, 0x0e, 0x10, 0xf1, 0x20, 0x9f, 0x5e, 0xcf, 0x22, 0xef, 0x3f, 0xf1,
    0x0a, 0x00, 0x42, 0xf0, 0x20, 0xa0, 0xfc, 0xde, 0xfd, 0xf0, 0xe1, 0x1c, 0xf4, 0x2e, 0x24, 0x10,
    0x0a, 0x00, 0xc1, 0xfc, 0xf0, 0x1f, 0xc0, 0x2f, 0x20, 0xd1, 0x0f, 0xff, 0x10, 0xcf, 0x3f, 0xf0,
    0x0b, 0x00, 0x10, 0xff, 0x0d, 0x14, 0x0f, 0x13, 0x9a, 0x2f, 0xac, 0x04, 0x4e, 0xf3, 0x0f, 0x0b,
    0x0a, 0x00, 0x26, 0xcc, 0x00, 0xfe, 0xf1, 0xec, 0x52, 0xb2, 0x1e, 0xdf, 0x21, 0xee, 0x10, 0xdf,
    0x0a, 0x00, 0x0f, 0xff, 0x00, 0x0e, 0xf2, 0x2f, 0xe2, 0x1d, 0xe2, 0xfc, 0xf2, 0x20, 0xe0, 0xff,
    0x0a, 0x00, 0xed, 0x00, 0x0f, 0x0e, 0x15, 0xfc, 0xf0, 0x11, 0x1f, 0xc2, 0x1a, 0xe2, 0x0d, 0xff,
    0x0a, 0x00, 0x10, 0xf2, 0x1f, 0x23, 0xf0, 0x10, 0xcf, 0x0e, 0xbe, 0x1e, 0xff, 0xf0, 0x20, 0xe0,
    0x0a, 0x00, 0x20, 0xe0, 0x12, 0xfc, 0xf0, 0x11, 0xf0, 0xec, 0x22, 0xff, 0x00, 0x1f, 0xb0, 0x0d,
    0x0a, 0x00, 0xee, 0x00, 0xff, 0x20, 0xf0, 0x0f, 0xf1, 0x3f, 0xdf, 0x21, 0xcf, 0x2f, 0xff, 0x13,
    0x0b, 0x00, 0xea, 0x1f, 0xf2, 0xcf, 0x0a, 0xb0, 0x1e, 0xf0, 0x0e, 0x12, 0x21, 0xf3, 0x6f, 0xa1,
    0x0b, 0x00, 0xf0, 0x1d, 0xee, 0xe2, 0x2b, 0xe4, 0xfb, 0xff, 0x03, 0x4f, 0x02, 0xcf, 0x0e, 0x1d,
    0x0a, 0x00, 0xe1, 0x1e, 0xd0, 0x0f, 0xf0, 0xde, 0x30, 0xf0, 0x02, 0x1f, 0x01, 0xff, 0xef, 0x1f,
    0x0a, 0x00, 0xdf, 0x0f, 0x0f, 0xe2, 0x0a, 0x16, 0x0e, 0x01, 0xef, 0x00, 0xee, 0x1e, 0x00, 0xdf,
    0x0a, 0x00, 0x20, 0x02, 0x0f, 0x01, 0x01, 0xcc, 0x0f, 0xff, 0x20, 0xc0, 0x2f, 0xe0, 0x20, 0xf0,
    0x0b, 0x00, 0xe2, 0x1d, 0xfe, 0xcf, 0x0e, 0xf0, 0x0e, 0x13, 0x0f, 0xf0, 0xf1, 0xec, 0xf0, 0x0c,
    0x0a, 0x00, 0x03, 0x2f, 0xf2, 0xfd, 0x02, 0x00, 0xfe, 0xcf, 0x1e, 0xdf, 0x0e, 0xf1, 0x2f, 0x02,
    0x0a, 0x00, 0x0d, 0xf4, 0x1d, 0x01, 0xef, 0x0f, 0xee, 0x11, 0x00, 0xce, 0x10, 0xee, 0x00, 0xff,
    0x0b, 0x00, 0x00, 0xcf, 0x63, 0xcb, 0xf1, 0x3d, 0x06, 0xeb, 0x2f, 0x05, 0xfc, 0xff, 0x12, 0xf1,
    0x0b, 0x00, 0xe0, 0xdb, 0xcf, 0x2c, 0xf0, 0x23, 0xcf, 0x61, 0xe1, 0x2e, 0xe2, 0xfc, 0xf2, 0xdd,
    0x0a, 0x00, 0x0f, 0x0f, 0x01, 0x01, 0xff, 0x10, 0x00, 0xe1, 0xfc, 0xf0, 0x0f, 0xf1, 0xed, 0x22,
    0x0b, 0x00, 0xff, 0x00, 0x1f, 0xbf, 0x3e, 0xff, 0x13, 0xff, 0xe0, 0x4f, 0xc0, 0x1f, 0xe1, 0x0e,
    0x0b, 0x00, 0xbe, 0xec, 0x10, 0x3f, 0x04, 0x0d, 0xf3, 0x4f, 0xb2, 0x0b, 0x0e, 0xf2, 0xce, 0x3f,
    0x0b, 0x00, 0xf0, 0x00, 0xfe, 0x23, 0xdf, 0x0f, 0xd2, 0x2a, 0xcf, 0x34, 0xfe, 0x01, 0x0d, 0x03,
    0x0b, 0x00, 0x0f, 0x01, 0xac, 0x3f, 0x00, 0xd0, 0x0e, 0xf0, 0x10, 0xbe, 0x30, 0x33, 0x11, 0xbf,
    0x0b, 0x00, 0x3e, 0xe2, 0x2d, 0x9f, 0x2d, 0xb0, 0xec, 0x20, 0xe0, 0x3d, 0xf6, 0x4f, 0xb1, 0x1e,
    0x0b, 0x00, 0xff, 0x01, 0xed, 0x0f, 0xf3, 0x1e, 0xef, 0x0e, 0x22, 0xe0, 0xcc, 0xef, 0x2f, 0x01,
    0x0a, 0x00, 0xef, 0x20, 0x01, 0x00, 0xff, 0xf3, 0xfb, 0xf1, 0x0f, 0xf0, 0xff, 0x21, 0xe0, 0xed,
    0x0a, 0x00, 0x00, 0xef, 0x00, 0xfe, 0x0f, 0xf1, 0x10, 0xc0, 0x4f, 0xe1, 0x10, 0xde, 0x0f, 0xf0,
    0x0b, 0x00, 0xfc, 0x11, 0x11, 0x10, 0xde, 0x11, 0xf0, 0x0d, 0xe0, 0xfe, 0xce, 0x1f, 0x11, 0x01,
    0x0c, 0x00, 0xed, 0x63, 0x05, 0x0f, 0xff, 0xff, 0x2f, 0xa1, 0xf9, 0xe3, 0xec, 0xbe, 0x3b, 0xf0,
    0x0b, 0x00, 0x12, 0x0e, 0xf1, 0x32, 0xee, 0xf1, 0xfc, 0xf0, 0xff, 0x20, 0x01, 0xad, 0x5f, 0xe1,
    0x0b, 0x00, 0x01, 0xed, 0x20, 0xcf, 0xed, 0x1f, 0x14, 0x0e, 0x03, 0x0f, 0x0f, 0xf1, 0xdf, 0xfb,
    0x0b, 0x00, 0x03, 0xfc, 0xe1, 0x2f, 0xf1, 0x0f, 0x02, 0x2f, 0xbe, 0x10, 0xff, 0x00, 0xdf, 0x41,
    0x0b, 0x00, 0xff, 0xe0, 0x0e, 0x01, 0xde, 0xfc, 0xe2, 0x4f, 0xf1, 0x02, 0x1f, 0xf1, 0x1f, 0xdf,
    0x0c, 0x00, 0x00, 0xfd, 0xac, 0xee, 0x40, 0xf0, 0x04, 0x4f, 0x02, 0xcf, 0x0e, 0xf1, 0xeb, 0x0e,
    0x0b, 0x00, 0x01, 0x1f, 0xc0, 0x2d, 0x05, 0x0d, 0xf0, 0x0f, 0xf1, 0x0c, 0xe2, 0x1e, 0xd0, 0x1f,
    0x0b, 0x00, 0xde, 0x01, 0x2f, 0xd1, 0xfe, 0x23, 0xfd, 0x12, 0xee, 0x00, 0xdd, 0x40, 0xf1, 0x00,
    0x0c, 0x00, 0xfd, 0x16, 0xec, 0xed, 0x11, 0xab, 0x01, 0xcb, 0x41, 0xd0, 0x3f, 0x25, 0x41, 0xf1,
    0x0c, 0x00, 0x2f, 0xbf, 0x0e, 0xff, 0x2e, 0xd5, 0x19, 0xa0, 0x1d, 0x00, 0xa1, 0x3a, 0xe2, 0x1d,
    0x0c, 0x00, 0xf2, 0x61, 0x04, 0x0f, 0xff, 0x1f, 0xff, 0x9e, 0x1d, 0xff, 0xe0, 0x20, 0x31, 0xf3,
    0x0b, 0x00, 0xfd, 0x03, 0xeb, 0xe2, 0x1d, 0xf1, 0x0e, 0x02, 0xff, 0x00, 0x20, 0xd0, 0x1f, 0xef,
    0x0c, 0x00, 0xd0, 0xba, 0x71, 0xf2, 0x10, 0xfd, 0x23, 0xae, 0x4f, 0xe2, 0x1c, 0xce, 0x23, 0xeb,
    0x0c, 0x00, 0x01, 0xef, 0x30, 0xf1, 0x0e, 0x03, 0x0f, 0x1e, 0xd3, 0x0e, 0x01, 0xbc, 0xe1, 0x2c,
    0x0c, 0x00, 0xf2, 0x0f, 0xc0, 0x70, 0xe2, 0x10, 0xf1, 0xee, 0x0b, 0xc3, 0x4e, 0x01, 0xde, 0x12,
    0x0c, 0x00, 0xff, 0x0f, 0x13, 0xf0, 0x0d, 0xce, 0x20, 0xf4, 0x2c, 0xe2, 0x01, 0xfc, 0xe0, 0xdd,
    0x0c, 0x00, 0xef, 0x30, 0xf1, 0x1d, 0x16, 0x2d, 0xb4, 0x4d, 0xf3, 0xcc, 0x1f, 0xbf, 0x4f, 0xff,
    0x0c, 0x00, 0x15, 0xeb, 0xf1, 0x3f, 0x9f, 0x1f, 0xdc, 0xff, 0x12, 0x61, 0xd1, 0x43, 0xe0, 0x02,
    0x0c, 0x00, 0xec, 0x10, 0xc1, 0xfa, 0xbc, 0x22, 0xff, 0xe1, 0x3e, 0x04, 0x0f, 0xf0, 0x0f, 0xdf,
    0x0c, 0x00, 0x70, 0xb1, 0x3f, 0xbf, 0x2d, 0xd2, 0xfe, 0x30, 0xc0, 0x3d, 0xa0, 0x20, 0xef, 0x02,
    0x0c, 0x00, 0xed, 0xfc, 0xf3, 0x3f, 0xf3, 0xfa, 0x16, 0x0e, 0xf1, 0x1f, 0xcf, 0xf0, 0x1d, 0xf1,
    0x0b, 0x00, 0xff, 0x10, 0xf1, 0xef, 0x0e, 0xf1, 0xfc, 0x02, 0xff, 0x10, 0xef, 0x01, 0xfe, 0x01,
    0x0c, 0x00, 0x03, 0xdf, 0x0b, 0xf1, 0x0f, 0xef, 0x53, 0xc0, 0x10, 0xbc, 0x3e, 0xb1, 0x1e, 0xff,
    0x0c, 0x00, 0x1d, 0x14, 0x10, 0x02, 0xef, 0x21, 0xe0, 0x0b, 0xa0, 0x1d, 0xf0, 0x0f, 0xe2, 0x50,
    0x0c, 0x00, 0xe0, 0x14, 0xec, 0xf1, 0x10, 0xcd, 0xff, 0x2f, 0x01, 0xc1, 0x2c, 0xf0, 0x12, 0xff,
    0x0c, 0x00, 0xf0, 0xf0, 0xec, 0x24, 0x1d, 0xf2, 0x0e, 0x05, 0xea, 0xf0, 0x12, 0xfd, 0x10, 0xdf,
    0x0c, 0x00, 0x0f, 0x0f, 0xe0, 0xcd, 0x30, 0x02, 0x00, 0xde, 0x72, 0xc0, 0x1f, 0x0f, 0xd1, 0x0c,
    0x0c, 0x00, 0xc0, 0x0e, 0x00, 0xee, 0x11, 0xff, 0x0f, 0x12, 0xdf, 0x0f, 0xee, 0x31, 0xf3, 0x1e,
    0x0c, 0x00, 0xee, 0x00, 0xf0, 0xfe, 0xfc, 0x02, 0xe1, 0xfb, 0x10, 0x02, 0x1f, 0xd0, 0x1e, 0xc0,
    0x0c, 0x00, 0xfe, 0xec, 0xe2, 0x3f, 0x11, 0x13, 0xff, 0xe0, 0x4f, 0xb0, 0xef, 0xec, 0x10, 0xee,
    0x0c, 0x00, 0x11, 0x1d, 0xf5, 0x0d, 0xf1, 0xfc, 0x03, 0xfd, 0xde, 0x2d, 0x15, 0xff, 0x10, 0xf0,
    0x0c, 0x00, 0x01, 0xfd, 0x00, 0xd0, 0xed, 0x21, 0xce, 0x00, 0xdf, 0x50, 0xd0, 0x01, 0x1f, 0x01,
    0x0c, 0x00, 0xee, 0x10, 0x01, 0x1f, 0xd1, 0xea, 0xf0, 0x0f, 0xf0, 0xf0, 0x3f, 0xe2, 0xfe, 0x10,
    0x0c, 0x00, 0x00, 0xef, 0x0f, 0xff, 0x00, 0xe0, 0x1e, 0x01, 0xdf, 0x2f, 0xf1, 0xfe, 0xd0, 0x40,
    0x0c, 0x00, 0x01, 0xef, 0xf1, 0x2f, 0xd1, 0x0d, 0xd0, 0x0f, 0xf0, 0xf0, 0x10, 0x11, 0xfe, 0xf1,
    0x0c, 0x00, 0xfb, 0x25, 0xdc, 0xf0, 0xff, 0x0f, 0x1f, 0x35, 0xee, 0x00, 0xf0, 0x1f, 0xbe, 0x0e,
    0x0c, 0x00, 0xff, 0xe1, 0x3e, 0xe1, 0x31, 0xf0, 0x00, 0xff, 0x00, 0xe0, 0xdc, 0xf1, 0x2f, 0xe1,
    0x0c, 0x00, 0x20, 0xf0, 0x00, 0xff, 0x00, 0xf1, 0xec, 0xff, 0x02, 0xfe, 0xe1, 0x2d, 0xd1, 0x0e,
    0x0c, 0x00, 0x21, 0x02, 0xf0, 0x0e, 0xf0, 0x01, 0x0f, 0xff, 0xf0, 0xef, 0xfd, 0x00, 0xee, 0x11,
    0x0c, 0x00, 0xff, 0x00, 0x0f, 0xe0, 0x2d, 0xe1, 0x22, 0xef, 0x10, 0x00, 0xe0, 0x0e, 0x21, 0xaf,
    0x0c, 0x00, 0x0e, 0x0e, 0xf2, 0xff, 0x0e, 0xf0, 0xf0, 0x0e, 0x11, 0xfd, 0x02, 0xef, 0x30, 0xf0,
    0x0c, 0x00, 0x02, 0xfd, 0xd1, 0x0d, 0xde, 0x0f, 0xff, 0xe0, 0x10, 0x2f, 0xf1, 0x0e, 0x01, 0x1f,
    0x0c, 0x00, 0xc0, 0x0c, 0xd0, 0x0f, 0xfe, 0x12, 0x00, 0xf0, 0xff, 0xff, 0x0f, 0xef, 0x00, 0xee,
    0x0c, 0x00, 0x11, 0xfd, 0x11, 0xf0, 0x0f, 0xff, 0x00, 0xf0, 0xfe, 0xf0, 0x1f, 0xf0, 0xf0, 0x10,
    0x0c, 0x00, 0xf1, 0xfe, 0xf0, 0x1f, 0xf2, 0xfb, 0x13, 0xee, 0x00, 0xf0, 0xfe, 0xf0, 0x1f, 0x00,
    0x0c, 0x00, 0xef, 0x1f, 0xf0, 0x0f, 0x01, 0x00, 0xdd, 0x01, 0xed, 0x10, 0xff, 0x11, 0xdf, 0x00,
    0x0c, 0x00, 0x0e, 0xf1, 0xfe, 0x0f, 0xf1, 0x0f, 0x00, 0xef, 0x0f, 0xdf, 0x2f, 0xd0, 0x0f, 0x01,
    0x0c, 0x00, 0x1f, 0xf2, 0x1f, 0xf0, 0x00, 0xff, 0xdf, 0x1e, 0xcf, 0x0e, 0xef, 0x21, 0x01, 0x00,
    0x0c, 0x00, 0xff, 0xff, 0x20, 0xe0, 0x0f, 0xff, 0xf0, 0x1f, 0xf1, 0x10, 0xef, 0x00, 0xee, 0xee,
    0x0c, 0x00, 0x0f, 0xef, 0xff, 0x11, 0x0f, 0x01, 0x0e, 0x01, 0x0e, 0x01, 0xe0, 0xfe, 0x10, 0xf0,
    0x0c, 0x00, 0xfe, 0x10, 0xfe, 0xe0, 0x0e, 0xe0, 0x01, 0xee, 0x10, 0xf0, 0x0f, 0x01, 0xe0, 0xfe,
    0x0c, 0x00, 0xf0, 0x1f, 0xf0, 0xf0, 0x10, 0xef, 0x00, 0xff, 0xf0, 0x1e, 0xe0, 0xff, 0xff, 0xf0,
    0x0c, 0x00, 0x00, 0x00, 0x0f, 0x11, 0xef, 0x0f, 0xf1, 0x1f, 0x01, 0xff, 0x0f, 0xef, 0x0f, 0xf0,
    0x0c, 0x00, 0xff, 0x0f, 0xff, 0x01, 0x0e, 0x02, 0x0f, 0xd0, 0x1e, 0xe0, 0x0f, 0xff, 0xf0, 0x00,
    0x0c, 0x00, 0x20, 0xf1, 0xfe, 0xf0, 0xf0, 0xfe, 0xff, 0xff, 0x10, 0xff, 0x12, 0x0e, 0x01, 0x0f,
    0x0c, 0x00, 0x00, 0xee, 0x00, 0xef, 0xfe, 0x10, 0x0f, 0x02, 0x0f, 0xf0, 0x0f, 0x00, 0xf0, 0x0f,
    0x0c, 0x00, 0xff, 0x11, 0xe0, 0xfe, 0x01, 0xff, 0xff, 0xfe, 0x10, 0xe0, 0x0f, 0xf0, 0x1f, 0xf1,
    0x0c, 0x00, 0x10, 0xee, 0x00, 0xff, 0x00, 0xf0, 0x0d, 0x01, 0x0f, 0xe0, 0xf0, 0x0d, 0xf0, 0x0f,
    0x0c, 0x00, 0xf0, 0x0f, 0x01, 0xfe, 0xe0, 0x3f, 0xf1, 0xfe, 0x00, 0x0f, 0xf0, 0x0f, 0x00, 0xff,
    0x0c, 0x00, 0xff, 0x01, 0xee, 0x0f, 0x00, 0x01, 0x0f, 0x01, 0xef, 0x10, 0xef, 0x00, 0xff, 0x00,
    0x0c, 0x00, 0xff, 0x1f, 0x01, 0x10, 0xef, 0x0f, 0x00, 0xff, 0xee, 0x00, 0xfe, 0xf0, 0x10, 0x00,
    0x0c, 0x00, 0x10, 0xf0, 0xf0, 0x0f, 0x0f, 0x00, 0xff, 0x0f, 0xff, 0x01, 0xf0, 0xff, 0xf0, 0x0f,
    0x0c, 0x00, 0xef, 0x0f, 0xff, 0x11, 0xf0, 0x0f, 0x00, 0x0f, 0xe0, 0x0f, 0x0f, 0x02, 0xfd, 0x01,
    0x0c, 0x00, 0x0f, 0xf0, 0x0f, 0xf1, 0xfe, 0xff, 0x00, 0xf0, 0xfe, 0x11, 0xf0, 0x00, 0x0f, 0xff,
    0x0c, 0x00, 0x0f, 0xf0, 0xfe, 0x00, 0x00, 0xff, 0xf0, 0x0f, 0x01, 0xfe, 0x10, 0xf0, 0x00, 0xef,
    0x0c, 0x00, 0x00, 0xee, 0x0f, 0xff, 0x00, 0xee, 0x1f, 0xf0, 0x00, 0x10, 0xf0, 0x00, 0xef, 0x0f,
    0x0c, 0x00, 0xff, 0x00, 0xff, 0xff, 0x10, 0x01, 0xff, 0xf0, 0x00, 0xef, 0x00, 0xfe, 0x00, 0xff,
    0x0c, 0x00, 0x0f, 0x00, 0x00, 0xe0, 0x1f, 0xe0, 0x0e, 0xf0, 0x00, 0xff, 0x0f, 0x11, 0xf0, 0xff,
    0x0c, 0x00, 0xff, 0x0f, 0xf0, 0xff, 0xf0, 0xfe, 0x01, 0xfe, 0x11, 0xff, 0xf0, 0xfe, 0x10, 0xff,
    0x0c, 0x00, 0x00, 0x0f, 0xf0, 0x0f, 0xff, 0x01, 0xee, 0x00, 0xff, 0x00, 0xef, 0x1f, 0xf1, 0x1f,
    0x0c, 0x00, 0xf0, 0x11, 0xff, 0x00, 0xff, 0x0f, 0x00, 0xff, 0x0f, 0xff, 0x10, 0xef, 0x00, 0xf0,
    0x0c, 0x00, 0x0f, 0x00, 0x00, 0xf0, 0xff, 0xf0, 0x0f, 0x00, 0xff, 0x01, 0xff, 0x0f, 0x00, 0x0f,
    0x0c, 0x00, 0xf0, 0xfe, 0x01, 0xfe, 0xf0, 0x0f, 0xf0, 0x10, 0xf0, 0x00, 0xff, 0xf0, 0xff, 0xff,
    0x0c, 0x00, 0xf0, 0xff, 0xf0, 0x10, 0xf0, 0x00, 0xf0, 0x00, 0xfe, 0x00, 0xff, 0xff, 0xff, 0x00,
    0x0c, 0x00, 0xf0, 0x00, 0x0f, 0xff, 0x00, 0xfe, 0x00, 0xff, 0x00, 0xf0, 0x0f, 0x00, 0xff, 0xf0,
    0x0c, 0x00, 0x0f, 0xf0, 0x0f, 0xff, 0x00, 0x0f, 0x00, 0x00, 0xff, 0xff, 0xff, 0x00, 0x00, 0xf0,
    0x0c, 0x00, 0x00, 0xf0, 0x0f, 0x00, 0xf0, 0x0f, 0xf0, 0x0f, 0xf0, 0x0e, 0xf0, 0x00, 0xff, 0xf1,
    0x0c, 0x00, 0x0f, 0xff, 0x0f, 0xff, 0x0f, 0x00, 0xfe, 0xf0, 0x0f, 0xf0, 0xff, 0x10, 0xf0, 0xf0,
    0x0c, 0x00, 0x00, 0xf0, 0xfe, 0xff, 0x0f, 0xf0, 0x0f, 0xff, 0x00, 0x0f, 0x01, 0x0f, 0x00, 0xff,
    0x0c, 0x00, 0xf0, 0xff, 0x0f, 0xff, 0x0f, 0x00, 0x0f, 0xff, 0x00, 0x0f, 0xef, 0x00, 0xff, 0xf0,
    0x0c, 0x00, 0xff, 0x10, 0xf0, 0x0f, 0xf0, 0xff, 0x0f, 0xff, 0x00, 0xff, 0x0f, 0xf0, 0x0f, 0xf0,
    0x0c, 0x00, 0x0f, 0xf0, 0x0f, 0xf0, 0x0f, 0xf1, 0x0f, 0xf0, 0x0f, 0xf0, 0x00, 0xff, 0xf0, 0x0f,
    0x0c, 0x00, 0xf0, 0x0f, 0x00, 0x00, 0xff, 0x0f, 0xf0, 0xfe, 0x00, 0xff, 0x0f, 0xff, 0x00, 0x0f,
    0x0c, 0x00, 0xff, 0x00, 0x00, 0xff, 0x00, 0xff, 0x00, 0x00, 0xff, 0x0f, 0xff, 0x00, 0xf0, 0x0f,
    0x0c, 0x00, 0x00, 0x0f, 0x00, 0x00, 0xf0, 0xff, 0xff, 0xff, 0x0f, 0x00, 0x0f, 0xff, 0x00, 0xf0,
    0x0c, 0x00, 0x00, 0xff, 0xf0, 0x0f, 0xff, 0xff, 0x0f, 0x00, 0x00, 0xff, 0xf0, 0x0f, 0xf0, 0xff,
    0x0c, 0x00, 0xf0, 0x0f, 0xf0, 0x0f, 0x00, 0x00, 0xf0, 0x0f, 0xff, 0x0f, 0x0f, 0xf0, 0xff, 0x0f,
    0x0c, 0x00, 0xf0, 0xff, 0xf0, 0x00, 0xff, 0xf0, 0xff, 0x0f, 0xf0, 0x00, 0xf0, 0x00, 0x00, 0xf0,
    0x0c, 0x00, 0xff, 0x00, 0xff, 0xf0, 0xff, 0x00, 0x0f, 0x00, 0x00, 0xff, 0x0f, 0xf0, 0x0f, 0xf0,
    0x0c, 0x00, 0x00, 0xff, 0x00, 0xff, 0x00, 0x0f, 0xf0, 0xf0, 0x0f, 0x00, 0xff, 0x0f, 0xff, 0x00,
    0x0c, 0x00, 0xff, 0x00, 0x0f, 0x00, 0xff, 0x00, 0xf0, 0x00, 0xff, 0x0f, 0xff, 0xf0, 0x0f, 0xf0,
    0x0c, 0x00, 0x0f, 0x00, 0x00, 0xff, 0xff, 0xf0, 0xff, 0xf0, 0x0f, 0xf0, 0x0f, 0x00, 0x0f, 0x00,
    0x0c, 0x00, 0x0f, 0xff, 0x0f, 0x0f, 0xf0, 0xff, 0x00, 0x0f, 0x00, 0xff, 0x00, 0xff, 0x00, 0xf0,
    0x0c, 0x00, 0x00, 0xff, 0x00, 0xf0, 0x0f, 0x00, 0xff, 0x00, 0xff, 0x0f, 0xf0, 0x00, 0xf0, 0x00,
    0x0c, 0x00, 0x00, 0xf0, 0xfe, 0xf0, 0x0f, 0xff, 0x00, 0x0f, 0x00, 0xff, 0x00, 0xff, 0xf0, 0x0f,
    0x0c, 0x00, 0xff, 0xf0, 0x0f, 0xf0, 0x00, 0xff, 0x0f, 0xf0, 0xff, 0xff, 0x0f, 0x0f, 0xf0, 0x0f,
    0x0c, 0x00, 0xf0, 0x0f, 0xf0, 0x0f, 0x00, 0x00, 0x0f, 0x0f, 0x00, 0xff, 0xff, 0x0f, 0xf0, 0x0f,
    0x0c, 0x00, 0xf0, 0x00, 0xf0, 0x0f, 0xf0, 0x00, 0xff, 0xf0, 0x0f, 0xf0, 0xff, 0x0f, 0x00, 0x00,
    0x0c, 0x00, 0xff, 0x00, 0xf0, 0xf0, 0x0f, 0x00, 0xf0, 0xff, 0x00, 0xf0, 0x00, 0x0f, 0xff, 0xff,
    0x0c, 0x00, 0x00, 0x0f, 0xf0, 0x0f, 0x00, 0x00, 0xff, 0xf0, 0xf0, 0x0f, 0xff, 0xff, 0x0f, 0xff,
    0x0c, 0x00, 0x00, 0x0f, 0xf0, 0x0f, 0xff, 0x0f, 0xf0, 0x00, 0xff, 0x00, 0x00, 0xf0, 0x0f, 0x00,
    0x0c, 0x00, 0xff, 0xff, 0x00, 0xff, 0x0f, 0x00, 0xff, 0xf0, 0x0f, 0x00, 0xff, 0xf0, 0x0f, 0xf0,
    0x0c, 0x00, 0xf0, 0xff, 0xf0, 0xf0, 0x0f, 0xff, 0x00, 0x0f, 0xf0, 0x0f, 0x00, 0xff, 0xff, 0xf0,
    0x0c, 0x00, 0x0f, 0xff, 0x00, 0xf0, 0x0f, 0xff, 0x00, 0xf0, 0x0f, 0x00, 0xff, 0x00, 0xff, 0x00,
    0x0c, 0x00, 0xf0, 0x00, 0xff, 0x00, 0xf0, 0xff, 0xff, 0x00, 0x0f, 0x0f, 0xf0, 0x00, 0x0f, 0xf0,
    0x0c, 0x00, 0x0f, 0xf0, 0x0f, 0xf0, 0x0f, 0xf0, 0x0f, 0x00, 0xff, 0xff, 0x00, 0xff, 0xff, 0x0f,
    0x0c, 0x00, 0x0f, 0xf0, 0x00, 0x0f, 0xf0, 0x0f, 0xf0, 0xff, 0xf0, 0xff, 0x00, 0x0f, 0x00, 0xf0,
    0x0c, 0x00, 0x0f, 0x00, 0xff, 0xff, 0x0f, 0xf0, 0xff, 0x00, 0xf0, 0x0f, 0xff, 0x00, 0xf0, 0xff,
    0x0c, 0x00, 0x00, 0x0f, 0xf0, 0x00, 0xff, 0xf0, 0x0f, 0xf0, 0x00, 0xff, 0x0f, 0xff, 0x00, 0xf0,
    0x0c, 0x00, 0x0f, 0xf0, 0xff, 0xff, 0x00, 0x00, 0x00, 0xff, 0x00, 0xf0, 0xff, 0xff, 0xf0, 0xff,
    0x0c, 0x00, 0xf0, 0x0f, 0xf0, 0x0f, 0x00, 0xf0, 0x00, 0xff, 0xf0, 0x0f, 0xf0, 0xff, 0x00, 0x0f,
    0x0c, 0x00, 0xf0, 0x0f, 0x00, 0xff, 0xff, 0x0f, 0x00, 0x0f, 0x0f, 0x00, 0xf0, 0x0f, 0x00, 0xf0,
    0x0c, 0x00, 0xff, 0x0f, 0xff, 0x00, 0x0f, 0x00, 0xf0, 0x00, 0x0f, 0xff, 0x0f, 0xff, 0x00, 0xff,
    0x0c, 0x00, 0xf0, 0x0f, 0x00, 0x00, 0xf0, 0xff, 0xf0, 0xf0, 0x0f, 0x00, 0xf0, 0x0f, 0xf0, 0x0f,
    0x0c, 0x00, 0xf0, 0x0f, 0xff, 0x00, 0xf0, 0x0f, 0xf0, 0xff, 0xff, 0x0f, 0xf0, 0xff, 0x00, 0x00,
    0x0c, 0x00, 0xff, 0xf0, 0x0f, 0xff, 0xf0, 0x0f, 0xff, 0x00, 0x0f, 0xf0, 0x0f, 0x00, 0xff, 0xf0,
    0x0c, 0x00, 0x0f, 0xf0, 0xff, 0x0f, 0xff, 0xff, 0x0f, 0xf0, 0x00, 0xff, 0x00, 0xff, 0x0f, 0xf0,
    0x0c, 0x00, 0x00, 0xff, 0x00, 0xff, 0x00, 0x00, 0xff, 0x00, 0xff, 0x00, 0xff, 0x00, 0xf0, 0x00,
    0x0c, 0x00, 0xff, 0x00, 0xff, 0x00, 0xff, 0x0f, 0x00, 0x0f, 0x00, 0x0f, 0x00, 0xf0, 0xff, 0xff,
    0x0c, 0x00, 0x0f, 0xf0, 0x00, 0xf0, 0x00, 0xf0, 0x00, 0xf0, 0xff, 0x00, 0xff, 0xf0, 0x0f, 0xf0,
    0x0c, 0x00, 0x00, 0xff, 0x00, 0xff, 0x00, 0xff, 0x00, 0xff, 0x00, 0xff, 0x00, 0xf0, 0x00, 0xff,
    0x0c, 0x00, 0xff, 0x00, 0xf0, 0x00, 0x00, 0xf0, 0x0f, 0xff, 0xff, 0x00, 0x00, 0xff, 0xff, 0x00,
    0x0c, 0x00, 0xf0, 0x0f, 0xff, 0xf0, 0x0f, 0xf0, 0x00, 0xff, 0x00, 0xff, 0xf0, 0x0f, 0xf0, 0xff,
    0x0c, 0x00, 0xff, 0xf0, 0x00, 0xf0, 0x0f, 0xf0, 0x00, 0xf0, 0xff, 0xff, 0x00, 0x0f, 0xf0, 0xff,
    0x0c, 0x00, 0x00, 0xf0, 0xff, 0x00, 0xff, 0x0f, 0xff, 0x00, 0x00, 0x0f, 0xf0, 0x0f, 0xf0, 0x0f,
    0x0c, 0x00, 0xf0, 0xff, 0xf0, 0xff, 0x0f, 0x00, 0x0f, 0x00, 0x0f, 0xf0, 0xff, 0x00, 0xf0, 0xff,
    0x0c, 0x00, 0xff, 0x00, 0xff, 0x0f, 0x0f, 0xf0, 0xff, 0x0f, 0xf0, 0x0f, 0x00, 0xf0, 0x0f, 0xf0,
    0x0c, 0x00, 0x00, 0x0f, 0xf0, 0x0f, 0xf0, 0x0f, 0xff, 0x00, 0x0f, 0xff, 0xff, 0x00, 0x0f, 0x00,
    0x0c, 0x00, 0xff, 0x0f, 0xf0, 0x0f, 0xff, 0x0f, 0xf0, 0x0f, 0xff, 0x00, 0x0f, 0x00, 0x00, 0xff,
    0x0c, 0x00, 0x0f, 0xf0, 0xff, 0xf0, 0x0f, 0x00, 0xff, 0x00, 0x0f, 0x00, 0x0f, 0xff, 0x00, 0x00,
    0x0c, 0x00, 0xf0, 0x0f, 0x00, 0xf0, 0xff, 0xff, 0xf0, 0xff, 0xff, 0x0f, 0x0f, 0x00, 0x00, 0x00,
    0x0c, 0x00, 0x0f, 0x00, 0x00, 0xff, 0x00, 0xff, 0xf0, 0x00, 0xff, 0x00, 0xff, 0x00, 0xff, 0x0f,
    0x0c, 0x00, 0xff, 0xff, 0x00, 0x00, 0x00, 0xff, 0xf0, 0x00, 0xff, 0xf0, 0x0f, 0xff, 0x0f, 0x00,
    0x0c, 0x00, 0xff, 0xf0, 0x0f, 0xf0, 0x00, 0xff, 0x00, 0xff, 0x0f, 0xf0, 0x00, 0xff, 0xff, 0x0f,
    0x0c, 0x00, 0x00, 0xff, 0xff, 0x0f, 0x00, 0xf0, 0xf0, 0xff, 0xf0, 0xff, 0x00, 0x00, 0xff, 0xf0,
    0x0c, 0x00, 0x0f, 0xf0, 0x0f, 0x00, 0xf0, 0xff, 0x00, 0x00, 0xf0, 0x00, 0xf0, 0x00, 0x0f, 0xf0,
    0x0c, 0x00, 0x0f, 0x00, 0xff, 0x00, 0xff, 0x00, 0x0f, 0xf0, 0x00, 0xff, 0x00, 0xff, 0xf0, 0x00,
    0x0c, 0x00, 0x00, 0xff, 0x00, 0x0f, 0x00, 0xff, 0xff, 0xff, 0x00, 0xff, 0x00, 0x00, 0xf0, 0xff,
    0x0c, 0x00, 0xf0, 0x0f, 0xff, 0x00, 0xff, 0x00, 0xf0, 0xff, 0x00, 0x0f, 0xf0, 0x0f, 0x00, 0xff,
    0x0c, 0x00, 0x0f, 0x00, 0xff, 0xff, 0xff, 0xf0, 0xff, 0xf0, 0x0f, 0xf0, 0xff, 0x00, 0xff, 0x00,
    0x0c, 0x00, 0xff, 0x00, 0xff, 0x00, 0xff, 0x0f, 0xff, 0x00, 0xff, 0x00, 0xf0, 0xff, 0x00, 0xff,
    0x0c, 0x00, 0xf0, 0x0f, 0x00, 0xff, 0xff, 0x00, 0xff, 0x0f, 0xff, 0x00, 0xff, 0x0f, 0xff, 0x00,
    0x0c, 0x00, 0xf0, 0x0f, 0xff, 0x0f, 0xff, 0x00, 0xf0, 0x00, 0xff, 0xf0, 0xff, 0xff, 0xff, 0xf0,
    0x0c, 0x03, 0x0f, 0xf0, 0x00, 0x00, 0x0f, 0xff, 0x0f, 0xf0, 0xff, 0x00, 0x0f, 0x00, 0x00, 0x00
};
inline constexpr unsigned hh_adpcm_bytes = 6304;

alignas(4) inline constexpr uint8_t tb303_adpcm[12608] = {
    0x05, 0x00, 0x00, 0x00, 0x11, 0x21, 0x22, 0x22, 0x33, 0x33, 0x44, 0x44, 0x54, 0x55, 0x65, 0x66,
    0x04, 0x00, 0x33, 0x33, 0x43, 0x44, 0x44, 0x44, 0x54, 0x55, 0x55, 0x55, 0x55, 0x66, 0x66, 0x66,
    0x03, 0x00, 0x33, 0x33, 0x33, 0x33, 0x33, 0x44, 0x44, 0x44, 0x44, 0x44, 0x44, 0x44, 0x44, 0x54,
    0x03, 0x00, 0x55, 0x55, 0x55, 0x55, 0x55, 0x55, 0x55, 0x55, 0x66, 0x66, 0x66, 0x66, 0x66, 0x66,
    0x02, 0x00, 0x33, 0x33, 0x33, 0x33, 0x33, 0x33, 0x33, 0x33, 0x33, 0x33, 0x43, 0x44, 0x44, 0x44,
    0x02, 0x00, 0x44, 0x44, 0x44, 0x44, 0x44, 0x44, 0x44, 0x44, 0x44, 0x44, 0x44, 0x44, 0x44, 0x54,
    0x02, 0x00, 0x55, 0x55, 0x55, 0x55, 0x55, 0x55, 0x55, 0x55, 0x55, 0x55, 0x55, 0x55, 0x55, 0x55,
    0x00, 0x00, 0x11, 0x11, 0x91, 0xf1, 0x1a, 0xce, 0xd0, 0x0d, 0xdd, 0xdf, 0xfe, 0xed, 0xef, 0xee,
    0x01, 0x00, 0xdc, 0xcd, 0xdd, 0xdd, 0xdd, 0xdd, 0xdd, 0xdd, 0xdd, 0xdd, 0xdd, 0xdd, 0xdd, 0xdd,
    0x02, 0x00, 0xbb, 0xbb, 0xbb, 0xbb, 0xbb, 0xbb, 0xbb, 0xcc, 0xcc, 0xcc, 0xcc, 0xcc, 0xcc, 0xcc,
    0x02, 0x00, 0xcc, 0xcc, 0xcc, 0xcc, 0xcc, 0xcc, 0xcc, 0xcc, 0xcc, 0xcc, 0xdd, 0xdd, 0xdd, 0xdd,
    0x03, 0x00, 0xaa, 0xaa, 0xaa, 0xaa, 0xba, 0xbb, 0xbb, 0xbb, 0xbb, 0xbb, 0xbb, 0xbb, 0xbb, 0xcc,
    0x03, 0x00, 0xcc, 0xcc, 0xcc, 0xcc, 0xcc, 0xcc, 0xcc, 0xdd, 0xdd, 0xdd, 0xdd, 0xdd, 0xdd, 0xdd,
    0x04, 0x00, 0xbb, 0xcb, 0xcc, 0xcc, 0xcc, 0xdc, 0xdd, 0xdd, 0xdd, 0xdd, 0xee, 0xee, 0xee, 0xee,
    0x05, 0x00, 0xee, 0xee, 0xff, 0xff, 0x00, 0x00, 0x10, 0x11, 0x21, 0x22, 0x32, 0x33, 0x43, 0x44,
    0x04, 0x00, 0x22, 0x22, 0x22, 0x33, 0x33, 0x33, 0x33, 0x44, 0x44, 0x44, 0x44, 0x55, 0x55, 0x55,
    0x03, 0x00, 0x22, 0x32, 0x33, 0x33, 0x33, 0x33, 0x33, 0x33, 0x33, 0x43, 0x44, 0x44, 0x44, 0x44,
    0x03, 0x00, 0x44, 0x44, 0x44, 0x44, 0x55, 0x55, 0x55, 0x55, 0x55, 0x55, 0x55, 0x55, 0x65, 0x66,
    0x02, 0x00, 0x33, 0x33, 0x33, 0x33, 0x33, 0x33, 0x33, 0x33, 0x33, 0x33, 0x33, 0x33, 0x33, 0x33,
    0x02, 0x00, 0x33, 0x44, 0x44, 0x44, 0x44, 0x44, 0x44, 0x44, 0x44, 0x44, 0x44, 0x44, 0x44, 0x44,
    0x02, 0x00, 0x44, 0x44, 0x44, 0x44, 0x55, 0x55, 0x55, 0x55, 0x55, 0x55, 0x55, 0x55, 0x55, 0x55,
    0x00, 0x00, 0x11, 0x11, 0x11, 0x11, 0x11, 0x11, 0x11, 0x19, 0xaf, 0xe1, 0x1c, 0xdd, 0xd0, 0xfd,
    0x01, 0x00, 0xcb, 0xbf, 0xed, 0xdc, 0xcd, 0xdd, 0xdc, 0xdd, 0xdd, 0xdd, 0xdd, 0xdd, 0xdd, 0xdd,
    0x02, 0x00, 0xbb, 0xbb, 0xbb, 0xbb, 0xbb, 0xbb, 0xbb, 0xbb, 0xbb, 0xbb, 0xbb, 0xcb, 0xcc, 0xcc,
    0x02, 0x00, 0xcc, 0xcc, 0xcc, 0xcc, 0xcc, 0xcc, 0xcc, 0xcc, 0xcc, 0xcc, 0xcc, 0xcc, 0xcc, 0xcc,
    0x03, 0x00, 0xa9, 0xaa, 0xaa, 0xaa, 0xaa, 0xaa, 0xaa, 0xaa, 0xaa, 0xbb, 0xbb, 0xbb, 0xbb, 0xbb,
    0x03, 0x00, 0xbb, 0xbb, 0xbb, 0xcb, 0xcc, 0xcc, 0xcc, 0xcc, 0xcc, 0xcc, 0xcc, 0xdc, 0xdd, 0xdd,
    0x04, 0x00, 0xaa, 0xaa, 0xbb, 0xbb, 0xbb, 0xbb, 0xcc, 0xcc, 0xcc, 0xcc, 0xdd, 0xdd, 0xdd, 0xdd,
    0x05, 0x00, 0xcb, 0xcc, 0xdc, 0xdd, 0xed, 0xee, 0xfe, 0xff, 0x0f, 0x00, 0x00, 0x11, 0x11, 0x22,
    0x04, 0x00, 0x11, 0x11, 0x11, 0x22, 0x22, 0x22, 0x22, 0x33, 0x33, 0x33, 0x33, 0x43, 0x44, 0x44,
    0x03, 0x00, 0x22, 0x22, 0x22, 0x22, 0x22, 0x22, 0x33, 0x33, 0x33, 0x33, 0x33, 0x33, 0x33, 0x33,
    0x03, 0x00, 0x44, 0x44, 0x44, 0x44, 0x44, 0x44, 0x44, 0x44, 0x54, 0x55, 0x55, 0x55, 0x55, 0x55,
    0x02, 0x00, 0x22, 0x22, 0x22, 0x33, 0x33, 0x33, 0x33, 0x33, 0x33, 0x33, 0x33, 0x33, 0x33, 0x33,
    0x02, 0x00, 0x33, 0x33, 0x33, 0x33, 0x33, 0x43, 0x44, 0x44, 0x44, 0x44, 0x44, 0x44, 0x44, 0x44,
    0x02, 0x00, 0x44, 0x44, 0x44, 0x44, 0x44, 0x44, 0x44, 0x44, 0x55, 0x55, 0x55, 0x55, 0x55, 0x55,
    0x00, 0x00, 0x11, 0x11, 0x11, 0x11, 0x11, 0x11, 0x11, 0x11, 0x11, 0x11, 0x11, 0x91, 0xf1, 0x1a,
    0x00, 0x00, 0xce, 0xd1, 0x0d, 0xdd, 0xdf, 0xfe, 0xed, 0xef, 0xee, 0xee, 0xee, 0xee, 0xee, 0xee,
    0x02, 0x00, 0xab, 0xba, 0xba, 0xbb, 0xbb, 0xbb, 0xbb, 0xbb, 0xbb, 0xbb, 0xbb, 0xbb, 0xbb, 0xbb,
    0x02, 0x00, 0xbb, 0xbb, 0xcc, 0xcc, 0xcc, 0xcc, 0xcc, 0xcc, 0xcc, 0xcc, 0xcc, 0xcc, 0xcc, 0xcc,
    0x03, 0x00, 0x99, 0x99, 0x99, 0x99, 0x99, 0xaa, 0xaa, 0xaa, 0xaa, 0xaa, 0xaa, 0xaa, 0xaa, 0xba,
    0x03, 0x00, 0xbb, 0xbb, 0xbb, 0xbb, 0xbb, 0xbb, 0xbb, 0xcb, 0xcc, 0xcc, 0xcc, 0xcc, 0xcc, 0xcc,
    0x04, 0x00, 0x99, 0x99, 0xaa, 0xaa, 0xaa, 0xaa, 0xba, 0xbb, 0xbb, 0xbb, 0xcb, 0xcc, 0xcc, 0xcc,
    0x05, 0x00, 0xa9, 0xaa, 0xba, 0xbb, 0xbb, 0xcc, 0xcc, 0xdd, 0xdd, 0xee, 0xee, 0xff, 0xff, 0x00,
    0x05, 0x00, 0x00, 0x11, 0x11, 0x21, 0x22, 0x32, 0x33, 0x43, 0x44, 0x54, 0x55, 0x65, 0x66, 0x66,
    0x04, 0x00, 0x33, 0x33, 0x44, 0x44, 0x44, 0x44, 0x55, 0x55, 0x55, 0x55, 0x66, 0x66, 0x66, 0x66,
    0x03, 0x00, 0x33, 0x33, 0x33, 0x33, 0x43, 0x44, 0x44, 0x44, 0x44, 0x44, 0x44, 0x44, 0x44, 0x55,
    0x03, 0x00, 0x55, 0x55, 0x55, 0x55, 0x55, 0x55, 0x55, 0x65, 0x66, 0x66, 0x66, 0x66, 0x66, 0x66,
    0x02, 0x00, 0x33, 0x33, 0x33, 0x33, 0x33, 0x33, 0x33, 0x33, 0x33, 0x33, 0x44, 0x44, 0x44, 0x44,
    0x02, 0x00, 0x44, 0x44, 0x44, 0x44, 0x44, 0x44, 0x44, 0x44, 0x44, 0x44, 0x44, 0x44, 0x54, 0x55,
    0x02, 0x00, 0x55, 0x55, 0x55, 0x55, 0x55, 0x55, 0x55, 0x55, 0x55, 0x55, 0x55, 0x55, 0x55, 0x55,
    0x00, 0x00, 0x11, 0x11, 0x19, 0xaf, 0xe1, 0x1c, 0xdd, 0xd0, 0xfd, 0xed, 0xdf, 0xfe, 0xee, 0xee,
    0x02, 0x00, 0xbb, 0xb9, 0xab, 0xab, 0xba, 0xaa, 0xab, 0xbb, 0xbb, 0xbb, 0xbb, 0xbb, 0xbb, 0xbb,
    0x02, 0x00, 0xbb, 0xbb, 0xbb, 0xbb, 0xbb, 0xbb, 0xcb, 0xcc, 0xcc, 0xcc, 0xcc, 0xcc, 0xcc, 0xcc,
    0x02, 0x00, 0xcc, 0xcc, 0xcc, 0xcc, 0xcc, 0xcc, 0xcc, 0xcc, 0xcc, 0xdc, 0xdd, 0xdd, 0xdd, 0xdd,
    0x03, 0x00, 0xaa, 0xaa, 0xaa, 0xaa, 0xbb, 0xbb, 0xbb, 0xbb, 0xbb, 0xbb, 0xbb, 0xbb, 0xcc, 0xcc,
    0x03, 0x00, 0xcc, 0xcc, 0xcc, 0xcc, 0xcc, 0xcc, 0xdc, 0xdd, 0xdd, 0xdd, 0xdd, 0xdd, 0xdd, 0xdd,
    0x04, 0x00, 0xbb, 0xcc, 0xcc, 0xcc, 0xcc, 0xdd, 0xdd, 0xdd, 0xdd, 0xed, 0xee, 0xee, 0xee, 0xfe,
    0x05, 0x00, 0xee, 0xfe, 0xff, 0x0f, 0x00, 0x10, 0x11, 0x11, 0x22, 0x22, 0x33, 0x33, 0x44, 0x44,
    0x04, 0x00, 0x22, 0x22, 0x33, 0x33, 0x33, 0x33, 0x43, 0x44, 0x44, 0x44, 0x54, 0x55, 0x55, 0x55,
    0x03, 0x00, 0x32, 0x33, 0x33, 0x33, 0x33, 0x33, 0x33, 0x33, 0x33, 0x44, 0x44, 0x44, 0x44, 0x44,
    0x03, 0x00, 0x44, 0x44, 0x44, 0x54, 0x55, 0x55, 0x55, 0x55, 0x55, 0x55, 0x55, 0x65, 0x66, 0x66,
    0x02, 0x00, 0x33, 0x33, 0x33, 0x33, 0x33, 0x33, 0x33, 0x33, 0x33, 0x33, 0x33, 0x33, 0x33, 0x33,
    0x02, 0x00, 0x43, 0x44, 0x44, 0x44, 0x44, 0x44, 0x44, 0x44, 0x44, 0x44, 0x44, 0x44, 0x44, 0x44,
    0x02, 0x00, 0x44, 0x44, 0x44, 0x55, 0x55, 0x55, 0x55, 0x55, 0x55, 0x55, 0x55, 0x55, 0x55, 0x55,
    0x00, 0x00, 0x11, 0x11, 0x11, 0x11, 0x11, 0x11, 0x91, 0x00, 0x0a, 0xbf, 0xf0, 0xfc, 0xdf, 0xef,
    0x01, 0x00, 0xeb, 0xbd, 0xde, 0xec, 0xcd, 0xde, 0xdc, 0xdd, 0xdd, 0xdd, 0xdd, 0xdd, 0xdd, 0xdd,
    0x02, 0x00, 0xbb, 0xbb, 0xbb, 0xbb, 0xbb, 0xbb, 0xbb, 0xbb, 0xbb, 0xbb, 0xbb, 0xcb, 0xcc, 0xcc,
    0x02, 0x00, 0xcc, 0xcc, 0xcc, 0xcc, 0xcc, 0xcc, 0xcc, 0xcc, 0xcc, 0xcc, 0xcc, 0xcc, 0xcc, 0xcc,
    0x03, 0x00, 0xaa, 0xaa, 0xaa, 0xaa, 0xaa, 0xaa, 0xaa, 0xaa, 0xba, 0xbb, 0xbb, 0xbb, 0xbb, 0xbb,
    0x03, 0x00, 0xbb, 0xbb, 0xcb, 0xcc, 0xcc, 0xcc, 0xcc, 0xcc, 0xcc, 0xcc, 0xcc, 0xdd, 0xdd, 0xdd,
    0x04, 0x00, 0xaa, 0xbb, 0xbb, 0xbb, 0xbb, 0xcb, 0xcc, 0xcc, 0xcc, 0xdc, 0xdd, 0xdd, 0xdd, 0xed,
    0x05, 0x00, 0xcc, 0xcc, 0xdd, 0xdd, 0xee, 0xee, 0xff, 0xff, 0x00, 0x00, 0x11, 0x11, 0x22, 0x22,
    0x04, 0x00, 0x11, 0x11, 0x21, 0x22, 0x22, 0x22, 0x32, 0x33, 0x33, 0x33, 0x33, 0x44, 0x44, 0x44,
    0x03, 0x00, 0x22, 0x22, 0x22, 0x22, 0x22, 0x33, 0x33, 0x33, 0x33, 0x33, 0x33, 0x33, 0x33, 0x43,
    0x03, 0x00, 0x44, 0x44, 0x44, 0x44, 0x44, 0x44, 0x44, 0x44, 0x55, 0x55, 0x55, 0x55, 0x55, 0x55,
    0x02, 0x00, 0x22, 0x22, 0x33, 0x33, 0x33, 0x33, 0x33, 0x33, 0x33, 0x33, 0x33, 0x33, 0x33, 0x33,
    0x02, 0x00, 0x33, 0x33, 0x33, 0x33, 0x33, 0x44, 0x44, 0x44, 0x44, 0x44, 0x44, 0x44, 0x44, 0x44,
    0x02, 0x00, 0x44, 0x44, 0x44, 0x44, 0x44, 0x44, 0x44, 0x54, 0x55, 0x55, 0x55, 0x55, 0x55, 0x55,
    0x00, 0x00, 0x11, 0x11, 0x11, 0x11, 0x11, 0x11, 0x11, 0x11, 0x11, 0x11, 0x11, 0xf9, 0xb1, 0x1e,
    0x00, 0x00, 0xec, 0xd0, 0x0d, 0xdd, 0xef, 0xfd, 0xee, 0xef, 0xee, 0xee, 0xee, 0xee, 0xee, 0xee,
    0x02, 0x00, 0xaa, 0xab, 0xba, 0xbb, 0xbb, 0xbb, 0xbb, 0xbb, 0xbb, 0xbb, 0xbb, 0xbb, 0xbb, 0xbb,
    0x02, 0x00, 0xbb, 0xbc, 0xcc, 0xcc, 0xcc, 0xcc, 0xcc, 0xcc, 0xcc, 0xcc, 0xcc, 0xcc, 0xcc, 0xcc,
    0x03, 0x00, 0x99, 0x99, 0x99, 0x99, 0xa9, 0xaa, 0xaa, 0xaa, 0xaa, 0xaa, 0xaa, 0xaa, 0xaa, 0xbb,
    0x03, 0x00, 0xbb, 0xbb, 0xbb, 0xbb, 0xbb, 0xbb, 0xbb, 0xcc, 0xcc, 0xcc, 0xcc, 0xcc, 0xcc, 0xcc,
    0x04, 0x00, 0x99, 0xa9, 0xaa, 0xaa, 0xaa, 0xba, 0xbb, 0xbb, 0xbb, 0xbb, 0xcc, 0xcc, 0xcc, 0xcc,
    0x05, 0x00, 0xaa, 0xaa, 0xbb, 0xbb, 0xcc, 0xcc, 0xdd, 0xdd, 0xed, 0xee, 0xfe, 0xff, 0x0f, 0x00,
    0x04, 0x00, 0x00, 0x00, 0x10, 0x11, 0x11, 0x11, 0x11, 0x22, 0x22, 0x22, 0x22, 0x33, 0x33, 0x33,
    0x04, 0x00, 0x33, 0x44, 0x44, 0x44, 0x44, 0x54, 0x55, 0x55, 0x55, 0x65, 0x66, 0x66, 0x66, 0x76,
    0x03, 0x00, 0x33, 0x33, 0x33, 0x33, 0x44, 0x44, 0x44, 0x44, 0x44, 0x44, 0x44, 0x44, 0x54, 0x55,
    0x03, 0x00, 0x55, 0x55, 0x55, 0x55, 0x55, 0x55, 0x65, 0x66, 0x66, 0x66, 0x66, 0x66, 0x66, 0x66,
    0x02, 0x00, 0x33, 0x33, 0x33, 0x33, 0x33, 0x33, 0x33, 0x33, 0x33, 0x43, 0x44, 0x44, 0x44, 0x44,
    0x02, 0x00, 0x44, 0x44, 0x44, 0x44, 0x44, 0x44, 0x44, 0x44, 0x44, 0x44, 0x44, 0x44, 0x55, 0x55,
    0x02, 0x00, 0x55, 0x55, 0x55, 0x55, 0x55, 0x55, 0x55, 0x55, 0x55, 0x55, 0x55, 0x55, 0x55, 0x55,
    0x00, 0x00, 0x11, 0xea, 0xc1, 0x1d, 0xcd, 0xe0, 0xfc, 0xdf, 0xfe, 0xee, 0xef, 0xfe, 0xee, 0xee,
    0x02, 0x00, 0xa9, 0xab, 0xba, 0xaa, 0xbb, 0xba, 0xab, 0xbb, 0xbb, 0xbb, 0xbb, 0xbb, 0xbb, 0xbb,
    0x02, 0x00, 0xbb, 0xbb, 0xbb, 0xbb, 0xbb, 0xbb, 0xcb, 0xcc, 0xcc, 0xcc, 0xcc, 0xcc, 0xcc, 0xcc,
    0x02, 0x00, 0xcc, 0xcc, 0xcc, 0xcc, 0xcc, 0xcc, 0xcc, 0xcc, 0xcc, 0xdd, 0xdd, 0xdd, 0xdd, 0xdd,
    0x03, 0x00, 0xaa, 0xaa, 0xaa, 0xbb, 0xbb, 0xbb, 0xbb, 0xbb, 0xbb, 0xbb, 0xbb, 0xcb, 0xcc, 0xcc,
    0x03, 0x00, 0xcc, 0xcc, 0xcc, 0xcc, 0xcc, 0xcc, 0xdd, 0xdd, 0xdd, 0xdd, 0xdd, 0xdd, 0xdd, 0xdd,
    0x04, 0x00, 0xcb, 0xcc, 0xcc, 0xcc, 0xdc, 0xdd, 0xdd, 0xdd, 0xed, 0xee, 0xee, 0xee, 0xee, 0xff,
    0x05, 0x00, 0xee, 0xff, 0xff, 0x00, 0x00, 0x11, 0x11, 0x22, 0x22, 0x33, 0x33, 0x43, 0x44, 0x54,
    0x04, 0x00, 0x22, 0x32, 0x33, 0x33, 0x33, 0x43, 0x44, 0x44, 0x44, 0x44, 0x55, 0x55, 0x55, 0x55,
    0x03, 0x00, 0x33, 0x33, 0x33, 0x33, 0x33, 0x33, 0x33, 0x33, 0x43, 0x44, 0x44, 0x44, 0x44, 0x44,
    0x03, 0x00, 0x44, 0x44, 0x54, 0x55, 0x55, 0x55, 0x55, 0x55, 0x55, 0x55, 0x55, 0x66, 0x66, 0x66,
    0x02, 0x00, 0x33, 0x33, 0x33, 0x33, 0x33, 0x33, 0x33, 0x33, 0x33, 0x33, 0x33, 0x33, 0x33, 0x33,
    0x02, 0x00, 0x44, 0x44, 0x44, 0x44, 0x44, 0x44, 0x44, 0x44, 0x44, 0x44, 0x44, 0x44, 0x44, 0x44,
    0x02, 0x00, 0x44, 0x44, 0x54, 0x55, 0x55, 0x55, 0x55, 0x55, 0x55, 0x55, 0x55, 0x55, 0x55, 0x55,
    0x00, 0x00, 0x11, 0x11, 0x11, 0x11, 0x11, 0xa1, 0x2e, 0xcd, 0xf0, 0xfc, 0xd0, 0xfd, 0xde, 0xff,
    0x01, 0x00, 0xdb, 0xce, 0xec, 0xcd, 0xed, 0xdc, 0xdd, 0xdd, 0xdd, 0xdd, 0xdd, 0xdd, 0xdd, 0xdd,
    0x02, 0x00, 0xbb, 0xbb, 0xbb, 0xbb, 0xbb, 0xbb, 0xbb, 0xbb, 0xbb, 0xbb, 0xcb, 0xcc, 0xcc, 0xcc,
    0x02, 0x00, 0xcc, 0xcc, 0xcc, 0xcc, 0xcc, 0xcc, 0xcc, 0xcc, 0xcc, 0xcc, 0xcc, 0xcc, 0xcc, 0xdc,
    0x03, 0x00, 0xaa, 0xaa, 0xaa, 0xaa, 0xaa, 0xaa, 0xaa, 0xba, 0xbb, 0xbb, 0xbb, 0xbb, 0xbb, 0xbb,
    0x03, 0x00, 0xbb, 0xbb, 0xcc, 0xcc, 0xcc, 0xcc, 0xcc, 0xcc, 0xcc, 0xcc, 0xdc, 0xdd, 0xdd, 0xdd,
    0x04, 0x00, 0xba, 0xbb, 0xbb, 0xbb, 0xcb, 0xcc, 0xcc, 0xcc, 0xcc, 0xdd, 0xdd, 0xdd, 0xdd, 0xee,
    0x06, 0x00, 0x99, 0xaa, 0xbb, 0xcc, 0xdc, 0xed, 0xfe, 0x0f, 0x10, 0x21, 0x32, 0x43, 0x54, 0x65,
    0x04, 0x00, 0x11, 0x11, 0x22, 0x22, 0x22, 0x22, 0x33, 0x33, 0x33, 0x33, 0x44, 0x44, 0x44, 0x44,
    0x03, 0x00, 0x22, 0x22, 0x22, 0x22, 0x32, 0x33, 0x33, 0x33, 0x33, 0x33, 0x33, 0x33, 0x33, 0x44,
    0x03, 0x00, 0x44, 0x44, 0x44, 0x44, 0x44, 0x44, 0x44, 0x55, 0x55, 0x55, 0x55, 0x55, 0x55, 0x55,
    0x02, 0x00, 0x22, 0x32, 0x33, 0x33, 0x33, 0x33, 0x33, 0x33, 0x33, 0x33, 0x33, 0x33, 0x33, 0x33,
    0x02, 0x00, 0x33, 0x33, 0x33, 0x33, 0x44, 0x44, 0x44, 0x44, 0x44, 0x44, 0x44, 0x44, 0x44, 0x44,
    0x02, 0x00, 0x44, 0x44, 0x44, 0x44, 0x44, 0x44, 0x44, 0x55, 0x55, 0x55, 0x55, 0x55, 0x55, 0x55,
    0x00, 0x00, 0x11, 0x11, 0x11, 0x11, 0x11, 0x11, 0x11, 0x11, 0x11, 0x11, 0xda, 0xe1, 0xfb, 0xc0,
    0x01, 0x00, 0x0b, 0xad, 0xfe, 0xcb, 0xde, 0xdb, 0xce, 0xec, 0xcd, 0xed, 0xdd, 0xdd, 0xdd, 0xdd,
    0x02, 0x00, 0xba, 0xab, 0xbb, 0xbb, 0xbb, 0xbb, 0xbb, 0xbb, 0xbb, 0xbb, 0xbb, 0xbb, 0xbb, 0xbb,
    0x02, 0x00, 0xbb, 0xcc, 0xcc, 0xcc, 0xcc, 0xcc, 0xcc, 0xcc, 0xcc, 0xcc, 0xcc, 0xcc, 0xcc, 0xcc,
    0x03, 0x00, 0x99, 0x99, 0x99, 0x99, 0xaa, 0xaa, 0xaa, 0xaa, 0xaa, 0xaa, 0xaa, 0xaa, 0xbb, 0xbb,
    0x03, 0x00, 0xbb, 0xbb, 0xbb, 0xbb, 0xbb, 0xbb, 0xcb, 0xcc, 0xcc, 0xcc, 0xcc, 0xcc, 0xcc, 0xcc,
    0x04, 0x00, 0x99, 0xaa, 0xaa, 0xaa, 0xaa, 0xbb, 0xbb, 0xbb, 0xbb, 0xcc, 0xcc, 0xcc, 0xcc, 0xdc,
    0x05, 0x00, 0xaa, 0xba, 0xbb, 0xcb, 0xcc, 0xdc, 0xdd, 0xed, 0xee, 0xee, 0xff, 0xff, 0x00, 0x00,
    0x04, 0x00, 0x00, 0x00, 0x11, 0x11, 0x11, 0x11, 0x22, 0x22, 0x22, 0x22, 0x32, 0x33, 0x33, 0x33,
    0x03, 0x00, 0x21, 0x22, 0x22, 0x22, 0x22, 0x22, 0x22, 0x22, 0x22, 0x33, 0x33, 0x33, 0x33, 0x33,
    0x03, 0x00, 0x33, 0x33, 0x33, 0x43, 0x44, 0x44, 0x44, 0x44, 0x44, 0x44, 0x44, 0x54, 0x55, 0x55,
    0x03, 0x00, 0x55, 0x55, 0x55, 0x55, 0x55, 0x55, 0x66, 0x66, 0x66, 0x66, 0x66, 0x66, 0x66, 0x66,
    0x02, 0x00, 0x33, 0x33, 0x33, 0x33, 0x33, 0x33, 0x33, 0x33, 0x43, 0x44, 0x44, 0x44, 0x44, 0x44,
    0x02, 0x00, 0x44, 0x44, 0x44, 0x44, 0x44, 0x44, 0x44, 0x44, 0x44, 0x44, 0x44, 0x54, 0x55, 0x55,
    0x02, 0x00, 0x55, 0x55, 0x55, 0x55, 0x55, 0x55, 0x55, 0x55, 0x55, 0x55, 0x55, 0x55, 0x55, 0x55,
    0x00, 0x00, 0xb1, 0x1c, 0xbf, 0x0e, 0xcd, 0xff, 0xdd, 0xef, 0xed, 0xef, 0xed, 0xef, 0xfe, 0xee,
    0x02, 0x00, 0xca, 0x9a, 0xbb, 0xaa, 0xbb, 0xba, 0xbb, 0xba, 0xbb, 0xbb, 0xbb, 0xbb, 0xbb, 0xbb,
    0x02, 0x00, 0xbb, 0xbb, 0xbb, 0xbb, 0xbb, 0xcc, 0xcc, 0xcc, 0xcc, 0xcc, 0xcc, 0xcc, 0xcc, 0xcc,
    0x03, 0x00, 0x99, 0x99, 0x99, 0x99, 0x99, 0x99, 0x99, 0x99, 0xaa, 0xaa, 0xaa, 0xaa, 0xaa, 0xaa,
    0x03, 0x00, 0xaa, 0xaa, 0xba, 0xbb, 0xbb, 0xbb, 0xbb, 0xbb, 0xbb, 0xbb, 0xbb, 0xcc, 0xcc, 0xcc,
    0x03, 0x00, 0xcc, 0xcc, 0xcc, 0xcc, 0xcc, 0xdc, 0xdd, 0xdd, 0xdd, 0xdd, 0xdd, 0xdd, 0xdd, 0xed,
    0x04, 0x00, 0xcc, 0xcc, 0xcc, 0xcc, 0xdd, 0xdd, 0xdd, 0xdd, 0xee, 0xee, 0xee, 0xee, 0xff, 0xff,
    0x05, 0x00, 0xff, 0xff, 0x0f, 0x00, 0x10, 0x11, 0x21, 0x22, 0x32, 0x33, 0x43, 0x44, 0x44, 0x55,
    0x04, 0x00, 0x22, 0x33, 0x33, 0x33, 0x33, 0x44, 0x44, 0x44, 0x44, 0x55, 0x55, 0x55, 0x55, 0x65,
    0x03, 0x00, 0x33, 0x33, 0x33, 0x33, 0x33, 0x33, 0x33, 0x43, 0x44, 0x44, 0x44, 0x44, 0x44, 0x44,
    0x03, 0x00, 0x44, 0x44, 0x55, 0x55, 0x55, 0x55, 0x55, 0x55, 0x55, 0x55, 0x65, 0x66, 0x66, 0x66,
    0x02, 0x00, 0x33, 0x33, 0x33, 0x33, 0x33, 0x33, 0x33, 0x33, 0x33, 0x33, 0x33, 0x33, 0x33, 0x44,
    0x02, 0x00, 0x44, 0x44, 0x44, 0x44, 0x44, 0x44, 0x44, 0x44, 0x44, 0x44, 0x44, 0x44, 0x44, 0x44,
    0x02, 0x00, 0x44, 0x44, 0x55, 0x55, 0x55, 0x55, 0x55, 0x55, 0x55, 0x55, 0x55, 0x55, 0x55, 0x55,
    0x00, 0x00, 0x11, 0x11, 0x11, 0x11, 0x11, 0xcb, 0xf1, 0xdc, 0xf0, 0xec, 0xe0, 0xed, 0xef, 0xfd,
    0x01, 0x00, 0xce, 0xec, 0xce, 0xec, 0xcd, 0xed, 0xcd, 0xdd, 0xdd, 0xdd, 0xdd, 0xdd, 0xdd, 0xdd,
    0x02, 0x00, 0xbb, 0xbb, 0xbb, 0xbb, 0xbb, 0xbb, 0xbb, 0xbb, 0xbb, 0xbc, 0xcb, 0xcc, 0xcc, 0xcc,
    0x02, 0x00, 0xcc, 0xcc, 0xcc, 0xcc, 0xcc, 0xcc, 0xcc, 0xcc, 0xcc, 0xcc, 0xcc, 0xcc, 0xdc, 0xdd,
    0x03, 0x00, 0xaa, 0xaa, 0xaa, 0xaa, 0xaa, 0xaa, 0xaa, 0xbb, 0xbb, 0xbb, 0xbb, 0xbb, 0xbb, 0xbb,
    0x03, 0x00, 0xbb, 0xcb, 0xcc, 0xcc, 0xcc, 0xcc, 0xcc, 0xcc, 0xcc, 0xdc, 0xdd, 0xdd, 0xdd, 0xdd,
    0x04, 0x00, 0xbb, 0xbb, 0xbb, 0xbb, 0xcc, 0xcc, 0xcc, 0xcc, 0xdc, 0xdd, 0xdd, 0xdd, 0xed, 0xee,
    0x06, 0x00, 0xa9, 0xba, 0xcb, 0xdc, 0xed, 0xfe, 0xff, 0x00, 0x11, 0x22, 0x33, 0x44, 0x55, 0x66,
    0x04, 0x00, 0x11, 0x22, 0x22, 0x22, 0x22, 0x32, 0x33, 0x33, 0x33, 0x43, 0x44, 0x44, 0x44, 0x54,
    0x03, 0x00, 0x22, 0x22, 0x22, 0x22, 0x33, 0x33, 0x33, 0x33, 0x33, 0x33, 0x33, 0x33, 0x44, 0x44,
    0x03, 0x00, 0x44, 0x44, 0x44, 0x44, 0x44, 0x44, 0x54, 0x55, 0x55, 0x55, 0x55, 0x55, 0x55, 0x55,
    0x02, 0x00, 0x22, 0x33, 0x33, 0x33, 0x33, 0x33, 0x33, 0x33, 0x33, 0x33, 0x33, 0x33, 0x33, 0x33,
    0x02, 0x00, 0x33, 0x33, 0x33, 0x43, 0x44, 0x44, 0x44, 0x44, 0x44, 0x44, 0x44, 0x44, 0x44, 0x44,
    0x02, 0x00, 0x44, 0x44, 0x44, 0x44, 0x44, 0x44, 0x54, 0x55, 0x55, 0x55, 0x55, 0x55, 0x55, 0x55,
    0x00, 0x00, 0x11, 0x11, 0x11, 0x11, 0x11, 0x11, 0x11, 0x11, 0x11, 0xb1, 0x0c, 0xc0, 0x0c, 0xdf,
    0x01, 0x00, 0xfa, 0xbf, 0xfb, 0xbe, 0xec, 0xce, 0xec, 0xcd, 0xec, 0xcd, 0xdd, 0xdd, 0xdd, 0xdd,
    0x02, 0x00, 0xba, 0xab, 0xbb, 0xbb, 0xbb, 0xbb, 0xbb, 0xbb, 0xbb, 0xbb, 0xbb, 0xbb, 0xbb, 0xbb,
    0x02, 0x00, 0xcb, 0xcc, 0xcc, 0xcc, 0xcc, 0xcc, 0xcc, 0xcc, 0xcc, 0xcc, 0xcc, 0xcc, 0xcc, 0xcc,
    0x03, 0x00, 0x99, 0x99, 0x99, 0xaa, 0xaa, 0xaa, 0xaa, 0xaa, 0xaa, 0xaa, 0xaa, 0xba, 0xbb, 0xbb,
    0x03, 0x00, 0xbb, 0xbb, 0xbb, 0xbb, 0xbb, 0xbb, 0xcc, 0xcc, 0xcc, 0xcc, 0xcc, 0xcc, 0xcc, 0xcc,
    0x04, 0x00, 0xaa, 0xaa, 0xaa, 0xaa, 0xba, 0xbb, 0xbb, 0xbb, 0xcb, 0xcc, 0xcc, 0xcc, 0xdc, 0xdd,
    0x05, 0x00, 0xaa, 0xbb, 0xbb, 0xcc, 0xcc, 0xdd, 0xdd, 0xee, 0xee, 0xff, 0xff, 0x00, 0x00, 0x10,
    0x04, 0x00, 0x00, 0x10, 0x11, 0x11, 0x11, 0x21, 0x22, 0x22, 0x22, 0x22, 0x33, 0x33, 0x33, 0x33,
    0x03, 0x00, 0x22, 0x22, 0x22, 0x22, 0x22, 0x22, 0x22, 0x22, 0x32, 0x33, 0x33, 0x33, 0x33, 0x33,
    0x03, 0x00, 0x33, 0x33, 0x43, 0x44, 0x44, 0x44, 0x44, 0x44, 0x44, 0x44, 0x44, 0x55, 0x55, 0x55,
    0x02, 0x00, 0x22, 0x22, 0x22, 0x22, 0x22, 0x32, 0x33, 0x33, 0x33, 0x33, 0x33, 0x33, 0x33, 0x33,
    0x02, 0x00, 0x33, 0x33, 0x33, 0x33, 0x33, 0x33, 0x33, 0x33, 0x44, 0x44, 0x44, 0x44, 0x44, 0x44,
    0x02, 0x00, 0x44, 0x44, 0x44, 0x44, 0x44, 0x44, 0x44, 0x44, 0x44, 0x44, 0x44, 0x55, 0x55, 0x55,
    0x02, 0x00, 0x55, 0x55, 0x55, 0x55, 0x55, 0x55, 0x55, 0x55, 0x55, 0x55, 0x55, 0x55, 0x55, 0x65,
    0x00, 0x00, 0xbc, 0x00, 0xcd, 0x0f, 0xcd, 0x0e, 0xde, 0xfe, 0xde, 0xfe, 0xee, 0xfe, 0xee, 0xfe,
    0x02, 0x00, 0x9b, 0xba, 0xab, 0xba, 0xab, 0xba, 0xbb, 0xba, 0xbb, 0xbb, 0xbb, 0xbb, 0xbb, 0xbb,
    0x02, 0x00, 0xbb, 0xbb, 0xbb, 0xbb, 0xcc, 0xcb, 0xcc, 0xcc, 0xcc, 0xcc, 0xcc, 0xcc, 0xcc, 0xcc,
    0x03, 0x00, 0x99, 0x99, 0x99, 0x99, 0x99, 0x99, 0x99, 0xa9, 0xaa, 0xaa, 0xaa, 0xaa, 0xaa, 0xaa,
    0x03, 0x00, 0xaa, 0xaa, 0xbb, 0xbb, 0xbb, 0xbb, 0xbb, 0xbb, 0xbb, 0xbb, 0xcb, 0xcc, 0xcc, 0xcc,
    0x03, 0x00, 0xcc, 0xcc, 0xcc, 0xcc, 0xdc, 0xdd, 0xdd, 0xdd, 0xdd, 0xdd, 0xdd, 0xdd, 0xdd, 0xee,
    0x04, 0x00, 0xcc, 0xcc, 0xcc, 0xdd, 0xdd, 0xdd, 0xdd, 0xed, 0xee, 0xee, 0xee, 0xfe, 0xff, 0xff,
    0x05, 0x00, 0xff, 0x0f, 0x00, 0x00, 0x11, 0x11, 0x22, 0x22, 0x33, 0x33, 0x44, 0x44, 0x55, 0x55,
    0x04, 0x00, 0x33, 0x33, 0x33, 0x33, 0x43, 0x44, 0x44, 0x44, 0x54, 0x55, 0x55, 0x55, 0x55, 0x66,
    0x03, 0x00, 0x33, 0x33, 0x33, 0x33, 0x33, 0x33, 0x33, 0x44, 0x44, 0x44, 0x44, 0x44, 0x44, 0x44,
    0x03, 0x00, 0x44, 0x54, 0x55, 0x55, 0x55, 0x55, 0x55, 0x55, 0x55, 0x55, 0x66, 0x66, 0x66, 0x66,
    0x02, 0x00, 0x33, 0x33, 0x33, 0x33, 0x33, 0x33, 0x33, 0x33, 0x33, 0x33, 0x33, 0x33, 0x43, 0x44,
    0x02, 0x00, 0x44, 0x44, 0x44, 0x44, 0x44, 0x44, 0x44, 0x44, 0x44, 0x44, 0x44, 0x44, 0x44, 0x44,
    0x02, 0x00, 0x44, 0x55, 0x55, 0x55, 0x55, 0x55, 0x55, 0x55, 0x55, 0x55, 0x55, 0x55, 0x55, 0x55,
    0x00, 0x00, 0x11, 0x11, 0x11, 0x11, 0xc1, 0xfb, 0xd1, 0xec, 0xe0, 0xec, 0xff, 0xdd, 0xff, 0xde,
    0x01, 0x00, 0xed, 0xcd, 0xed, 0xcd, 0xed, 0xcd, 0xdd, 0xdd, 0xdd, 0xdd, 0xdd, 0xdd, 0xdd, 0xdd,
    0x02, 0x00, 0xbb, 0xbb, 0xbb, 0xbb, 0xbb, 0xbb, 0xbb, 0xbb, 0xbc, 0xcb, 0xcc, 0xcc, 0xcc, 0xcc,
    0x02, 0x00, 0xcc, 0xcc, 0xcc, 0xcc, 0xcc, 0xcc, 0xcc, 0xcc, 0xcc, 0xcc, 0xcc, 0xcc, 0xdd, 0xdd,
    0x03, 0x00, 0xaa, 0xaa, 0xaa, 0xaa, 0xaa, 0xaa, 0xba, 0xbb, 0xbb, 0xbb, 0xbb, 0xbb, 0xbb, 0xbb,
    0x03, 0x00, 0xcb, 0xcc, 0xcc, 0xcc, 0xcc, 0xcc, 0xcc, 0xcc, 0xcc, 0xdd, 0xdd, 0xdd, 0xdd, 0xdd,
    0x04, 0x00, 0xbb, 0xbb, 0xbb, 0xcb, 0xcc, 0xcc, 0xcc, 0xdc, 0xdd, 0xdd, 0xdd, 0xdd, 0xee, 0xee,
    0x05, 0x00, 0xdd, 0xdd, 0xee, 0xee, 0xff, 0xff, 0x00, 0x00, 0x10, 0x11, 0x21, 0x22, 0x32, 0x33,
    0x04, 0x00, 0x21, 0x22, 0x22, 0x22, 0x22, 0x33, 0x33, 0x33, 0x33, 0x44, 0x44, 0x44, 0x44, 0x54,
    0x03, 0x00, 0x22, 0x22, 0x22, 0x32, 0x33, 0x33, 0x33, 0x33, 0x33, 0x33, 0x33, 0x33, 0x44, 0x44,
    0x03, 0x00, 0x44, 0x44, 0x44, 0x44, 0x44, 0x44, 0x54, 0x55, 0x55, 0x55, 0x55, 0x55, 0x55, 0x55,
    0x02, 0x00, 0x22, 0x33, 0x33, 0x33, 0x33, 0x33, 0x33, 0x33, 0x33, 0x33, 0x33, 0x33, 0x33, 0x33,
    0x02, 0x00, 0x33, 0x33, 0x33, 0x33, 0x44, 0x44, 0x44, 0x44, 0x44, 0x44, 0x44, 0x44, 0x44, 0x44,
    0x02, 0x00, 0x44, 0x44, 0x44, 0x44, 0x44, 0x44, 0x44, 0x54, 0x55, 0x55, 0x55, 0x55, 0x55, 0x55,
    0x00, 0x00, 0x11, 0x11, 0x11, 0x11, 0x11, 0x11, 0x11, 0x11, 0x11, 0xbc, 0x1f, 0xce, 0x0d, 0xdf,
    0x01, 0x00, 0xea, 0xcf, 0xda, 0xdf, 0xcb, 0xee, 0xcc, 0xed, 0xcd, 0xed, 0xdd, 0xdd, 0xde, 0xdd,
    0x02, 0x00, 0xbb, 0xba, 0xbb, 0xbb, 0xbb, 0xbb, 0xbb, 0xbb, 0xbb, 0xbc, 0xbb, 0xcc, 0xbb, 0xcc,
    0x02, 0x00, 0xcc, 0xcc, 0xcc, 0xcc, 0xcc, 0xcc, 0xcc, 0xcc, 0xcc, 0xcc, 0xcc, 0xcc, 0xcc, 0xcc,
    0x03, 0x00, 0x99, 0xaa, 0xaa, 0xaa, 0xaa, 0xaa, 0xaa, 0xaa, 0xaa, 0xba, 0xbb, 0xbb, 0xbb, 0xbb,
    0x03, 0x00, 0xbb, 0xbb, 0xbb, 0xbb, 0xcc, 0xcc, 0xcc, 0xcc, 0xcc, 0xcc, 0xcc, 0xcc, 0xdc, 0xdd,
    0x04, 0x00, 0xaa, 0xaa, 0xaa, 0xbb, 0xbb, 0xbb, 0xbb, 0xcb, 0xcc, 0xcc, 0xcc, 0xdc, 0xdd, 0xdd,
    0x05, 0x00, 0xbb, 0xbb, 0xcc, 0xcc, 0xdd, 0xdd, 0xed, 0xee, 0xfe, 0xff, 0x0f, 0x00, 0x00, 0x11,
    0x04, 0x00, 0x00, 0x11, 0x11, 0x11, 0x11, 0x21, 0x22, 0x22, 0x22, 0x32, 0x33, 0x33, 0x33, 0x33,
    0x03, 0x00, 0x22, 0x22, 0x22, 0x22, 0x22, 0x22, 0x22, 0x22, 0x32, 0x33, 0x33, 0x33, 0x33, 0x33,
    0x03, 0x00, 0x33, 0x33, 0x33, 0x43, 0x44, 0x44, 0x44, 0x44, 0x44, 0x44, 0x44, 0x44, 0x55, 0x55,
    0x03, 0x00, 0x55, 0x55, 0x55, 0x55, 0x55, 0x55, 0x55, 0x66, 0x66, 0x66, 0x66, 0x66, 0x66, 0x66,
    0x02, 0x00, 0x33, 0x33, 0x33, 0x33, 0x33, 0x33, 0x33, 0x33, 0x33, 0x33, 0x43, 0x44, 0x44, 0x44,
    0x02, 0x00, 0x44, 0x44, 0x44, 0x44, 0x44, 0x44, 0x44, 0x44, 0x44, 0x44, 0x44, 0x44, 0x44, 0x44,
    0x01, 0x00, 0x22, 0x22, 0x22, 0x22, 0x22, 0x22, 0x22, 0x22, 0x22, 0x22, 0x22, 0x22, 0x22, 0xa2,
    0x00, 0x00, 0xeb, 0xf1, 0xdc, 0x0f, 0xde, 0xfe, 0xdf, 0xfd, 0xef, 0xed, 0xff, 0xee, 0xfe, 0xee,
    0x02, 0x00, 0xca, 0xac, 0xba, 0xbc, 0xba, 0xbb, 0xbb, 0xcb, 0xbb, 0xbb, 0xbc, 0xbb, 0xbc, 0xbb,
    0x02, 0x00, 0xcc, 0xbc, 0xcc, 0xcc, 0xcc, 0xcc, 0xcc, 0xcc, 0xcc, 0xcc, 0xcc, 0xcc, 0xcc, 0xcc,
    0x03, 0x00, 0x99, 0x99, 0x99, 0x99, 0xaa, 0xaa, 0xaa, 0xaa, 0xaa, 0xaa, 0xaa, 0xaa, 0xaa, 0xbb,
    0x03, 0x00, 0xbb, 0xbb, 0xbb, 0xbb, 0xbb, 0xbb, 0xbb, 0xcb, 0xcc, 0xcc, 0xcc, 0xcc, 0xcc, 0xcc,
    0x04, 0x00, 0x99, 0x99, 0xa9, 0xaa, 0xaa, 0xaa, 0xaa, 0xbb, 0xbb, 0xbb, 0xbb, 0xcb, 0xcc, 0xcc,
    0x05, 0x00, 0x99, 0xa9, 0xaa, 0xaa, 0xbb, 0xbb, 0xcc, 0xcc, 0xdc, 0xdd, 0xed, 0xee, 0xee, 0xff,
    0x05, 0x00, 0xff, 0x00, 0x00, 0x10, 0x11, 0x21, 0x22, 0x22, 0x33, 0x33, 0x44, 0x44, 0x55, 0x55,
    0x04, 0x00, 0x32, 0x33, 0x33, 0x33, 0x33, 0x44, 0x44, 0x44, 0x44, 0x54, 0x55, 0x55, 0x55, 0x55,
    0x03, 0x00, 0x33, 0x33, 0x33, 0x33, 0x33, 0x33, 0x33, 0x33, 0x33, 0x44, 0x44, 0x44, 0x44, 0x44,
    0x03, 0x00, 0x44, 0x44, 0x44, 0x44, 0x55, 0x55, 0x55, 0x55, 0x55, 0x55, 0x55, 0x55, 0x55, 0x66,
    0x02, 0x00, 0x33, 0x33, 0x33, 0x33, 0x33, 0x33, 0x33, 0x33, 0x33, 0x33, 0x33, 0x33, 0x33, 0x33,
    0x02, 0x00, 0x33, 0x33, 0x33, 0x44, 0x44, 0x44, 0x44, 0x44, 0x44, 0x44, 0x44, 0x44, 0x44, 0x44,
    0x02, 0x00, 0x44, 0x44, 0x44, 0x44, 0x44, 0x44, 0x44, 0x54, 0x55, 0x55, 0x55, 0x55, 0x55, 0x55,
    0x00, 0x00, 0x11, 0x11, 0x11, 0x11, 0xbd, 0x1e, 0xdf, 0xfc, 0xe0, 0xdd, 0xff, 0xde, 0xfe, 0xef,
    0x01, 0x00, 0xdc, 0xde, 0xcc, 0xee, 0xcd, 0xed, 0xde, 0xdd, 0xde, 0xdd, 0xed, 0xdd, 0xed, 0xde,
    0x02, 0x00, 0xbb, 0xcc, 0xbb, 0xcc, 0xbc, 0xcc, 0xcc, 0xcc, 0xcc, 0xcc, 0xcc, 0xcc, 0xcc, 0xcc,
    0x03, 0x00, 0x99, 0x99, 0x99, 0x99, 0x99, 0x99, 0x99, 0xaa, 0xaa, 0xaa, 0xaa, 0xaa, 0xaa, 0xaa,
    0x03, 0x00, 0xaa, 0xaa, 0xbb, 0xbb, 0xbb, 0xbb, 0xbb, 0xbb, 0xbb, 0xbb, 0xbb, 0xcc, 0xcc, 0xcc,
    0x03, 0x00, 0xcc, 0xcc, 0xcc, 0xcc, 0xcc, 0xcc, 0xdd, 0xdd, 0xdd, 0xdd, 0xdd, 0xdd, 0xdd, 0xdd,
    0x04, 0x00, 0xbb, 0xcc, 0xcc, 0xcc, 0xcc, 0xcc, 0xdd, 0xdd, 0xdd, 0xdd, 0xed, 0xee, 0xee, 0xee,
    0x05, 0x00, 0xdd, 0xee, 0xee, 0xff, 0xff, 0x0f, 0x00, 0x00, 0x11, 0x11, 0x22, 0x22, 0x32, 0x33,
    0x04, 0x00, 0x21, 0x22, 0x22, 0x22, 0x22, 0x32, 0x33, 0x33, 0x33, 0x33, 0x44, 0x44, 0x44, 0x44,
    0x03, 0x00, 0x22, 0x22, 0x22, 0x22, 0x22, 0x33, 0x33, 0x33, 0x33, 0x33, 0x33, 0x33, 0x33, 0x33,
    0x03, 0x00, 0x43, 0x44, 0x44, 0x44, 0x44, 0x44, 0x44, 0x44, 0x44, 0x54, 0x55, 0x55, 0x55, 0x55,
    0x03, 0x00, 0x55, 0x55, 0x55, 0x55, 0x55, 0x66, 0x66, 0x66, 0x66, 0x66, 0x66, 0x66, 0x66, 0x66,
    0x02, 0x00, 0x33, 0x33, 0x33, 0x33, 0x33, 0x33, 0x33, 0x33, 0x33, 0x43, 0x44, 0x44, 0x44, 0x44,
    0x02, 0x00, 0x44, 0x44, 0x44, 0x44, 0x44, 0x44, 0x44, 0x44, 0x44, 0x44, 0x44, 0x44, 0x44, 0x44,
    0x00, 0x00, 0x11, 0x11, 0x11, 0x11, 0x11, 0x11, 0x11, 0x11, 0xbd, 0x0e, 0xd0, 0xec, 0xf0, 0xdd,
    0x01, 0x00, 0xfe, 0xbe, 0xec, 0xdf, 0xcc, 0xee, 0xcd, 0xed, 0xde, 0xdd, 0xee, 0xdd, 0xed, 0xde,
    0x02, 0x00, 0xbb, 0xcc, 0xbb, 0xcc, 0xbc, 0xcb, 0xcc, 0xcb, 0xcc, 0xcc, 0xcc, 0xcc, 0xcc, 0xcc,
    0x02, 0x00, 0xcc, 0xcc, 0xcc, 0xcc, 0xcc, 0xcc, 0xcc, 0xcc, 0xcc, 0xcc, 0xdd, 0xdd, 0xdd, 0xdd,
    0x03, 0x00, 0xaa, 0xaa, 0xaa, 0xaa, 0xaa, 0xbb, 0xbb, 0xbb, 0xbb, 0xbb, 0xbb, 0xbb, 0xbb, 0xbb,
    0x03, 0x00, 0xcb, 0xcc, 0xcc, 0xcc, 0xcc, 0xcc, 0xcc, 0xcc, 0xcc, 0xcc, 0xdd, 0xdd, 0xdd, 0xdd,
    0x04, 0x00, 0xba, 0xbb, 0xbb, 0xbb, 0xbb, 0xcc, 0xcc, 0xcc, 0xcc, 0xcc, 0xdd, 0xdd, 0xdd, 0xdd,
    0x05, 0x00, 0xcb, 0xcc, 0xcc, 0xdd, 0xdd, 0xed, 0xee, 0xfe, 0xff, 0xff, 0x00, 0x00, 0x10, 0x11,
    0x04, 0x00, 0x10, 0x11, 0x11, 0x11, 0x11, 0x21, 0x22, 0x22, 0x22, 0x22, 0x33, 0x33, 0x33, 0x33,
    0x04, 0x00, 0x33, 0x44, 0x44, 0x44, 0x44, 0x54, 0x55, 0x55, 0x55, 0x55, 0x65, 0x66, 0x66, 0x66,
    0x03, 0x00, 0x33, 0x33, 0x33, 0x33, 0x33, 0x33, 0x44, 0x44, 0x44, 0x44, 0x44, 0x44, 0x44, 0x44,
    0x03, 0x00, 0x44, 0x54, 0x55, 0x55, 0x55, 0x55, 0x55, 0x55, 0x55, 0x55, 0x55, 0x66, 0x66, 0x66,
    0x02, 0x00, 0x33, 0x33, 0x33, 0x33, 0x33, 0x33, 0x33, 0x33, 0x33, 0x33, 0x33, 0x33, 0x33, 0x33,
    0x02, 0x00, 0x33, 0x33, 0x43, 0x44, 0x44, 0x44, 0x44, 0x44, 0x44, 0x44, 0x44, 0x44, 0x44, 0x44,
    0x00, 0x00, 0x11, 0x11, 0x11, 0x11, 0x11, 0x11, 0x11, 0x11, 0x11, 0x11, 0x11, 0x11, 0xd1, 0xdb,
    0x01, 0x00, 0x11, 0x9c, 0x0c, 0xc0, 0xca, 0xff, 0xbc, 0xfd, 0xde, 0xdc, 0xee, 0xcd, 0xed, 0xde,
    0x02, 0x00, 0xba, 0xcc, 0xab, 0xcb, 0xbc, 0xbb, 0xcc, 0xbb, 0xcb, 0xbc, 0xcb, 0xcc, 0xcc, 0xcc,
    0x02, 0x00, 0xcc, 0xcc, 0xcc, 0xcc, 0xcc, 0xcc, 0xcc, 0xcc, 0xcc, 0xcc, 0xcc, 0xcc, 0xdd, 0xdd,
    0x03, 0x00, 0xaa, 0xaa, 0xaa, 0xaa, 0xaa, 0xaa, 0xaa, 0xaa, 0xbb, 0xbb, 0xbb, 0xbb, 0xbb, 0xbb,
    0x03, 0x00, 0xbb, 0xbb, 0xbb, 0xbb, 0xcc, 0xcc, 0xcc, 0xcc, 0xcc, 0xcc, 0xcc, 0xcc, 0xcc, 0xdc,
    0x04, 0x00, 0xaa, 0xaa, 0xaa, 0xaa, 0xbb, 0xbb, 0xbb, 0xbb, 0xbb, 0xcc, 0xcc, 0xcc, 0xcc, 0xcc,
    0x05, 0x00, 0xaa, 0xaa, 0xba, 0xbb, 0xcb, 0xcc, 0xcc, 0xdd, 0xdd, 0xed, 0xee, 0xee, 0xff, 0xff,
    0x05, 0x00, 0x0f, 0x00, 0x00, 0x11, 0x11, 0x21, 0x22, 0x32, 0x33, 0x33, 0x44, 0x44, 0x54, 0x55,
    0x04, 0x00, 0x22, 0x33, 0x33, 0x33, 0x33, 0x33, 0x44, 0x44, 0x44, 0x44, 0x44, 0x55, 0x55, 0x55,
    0x03, 0x00, 0x22, 0x32, 0x33, 0x33, 0x33, 0x33, 0x33, 0x33, 0x33, 0x33, 0x33, 0x43, 0x44, 0x44,
    0x03, 0x00, 0x44, 0x44, 0x44, 0x44, 0x44, 0x44, 0x44, 0x54, 0x55, 0x55, 0x55, 0x55, 0x55, 0x55,
    0x02, 0x00, 0x22, 0x22, 0x22, 0x32, 0x33, 0x33, 0x33, 0x33, 0x33, 0x33, 0x33, 0x33, 0x33, 0x33,
    0x02, 0x00, 0x33, 0x33, 0x33, 0x33, 0x33, 0x33, 0x33, 0x33, 0x33, 0x44, 0x44, 0x44, 0x44, 0x44,
    0x02, 0x00, 0x44, 0x44, 0x44, 0x44, 0x44, 0x44, 0x44, 0x44, 0x44, 0x44, 0x44, 0x44, 0x44, 0x44,
    0x00, 0x00, 0x11, 0x11, 0x11, 0xce, 0x0d, 0xe0, 0xdc, 0x0f, 0xde, 0xfd, 0xff, 0xee, 0xff, 0xef,
    0x02, 0x00, 0xb9, 0xcd, 0x9a, 0xdb, 0xbc, 0xba, 0xcc, 0xbb, 0xcb, 0xbc, 0xbb, 0xcc, 0xbc, 0xcb,
    0x02, 0x00, 0xcc, 0xcb, 0xcc, 0xcc, 0xcc, 0xcc, 0xcc, 0xcc, 0xcc, 0xcc, 0xcc, 0xcc, 0xcc, 0xcc,
    0x03, 0x00, 0x99, 0xaa, 0xaa, 0xaa, 0xaa, 0xaa, 0xaa, 0xaa, 0xaa, 0xaa, 0xaa, 0xbb, 0xbb, 0xbb,
    0x03, 0x00, 0xbb, 0xbb, 0xbb, 0xbb, 0xbb, 0xbb, 0xbb, 0xcc, 0xcc, 0xcc, 0xcc, 0xcc, 0xcc, 0xcc,
    0x04, 0x00, 0x99, 0x99, 0x99, 0xaa, 0xaa, 0xaa, 0xaa, 0xaa, 0xbb, 0xbb, 0xbb, 0xbb, 0xbb, 0xcc,
    0x04, 0x00, 0xcc, 0xcc, 0xcc, 0xcc, 0xdd, 0xdd, 0xdd, 0xdd, 0xdd, 0xee, 0xee, 0xee, 0xee, 0xee,
    0x05, 0x00, 0xee, 0xee, 0xfe, 0xff, 0xff, 0x00, 0x00, 0x10, 0x11, 0x11, 0x22, 0x22, 0x32, 0x33,
    0x04, 0x00, 0x11, 0x22, 0x22, 0x22, 0x22, 0x22, 0x33, 0x33, 0x33, 0x33, 0x33, 0x44, 0x44, 0x44,
    0x03, 0x00, 0x22, 0x22, 0x22, 0x22, 0x22, 0x22, 0x22, 0x33, 0x33, 0x33, 0x33, 0x33, 0x33, 0x33,
    0x03, 0x00, 0x33, 0x33, 0x33, 0x44, 0x44, 0x44, 0x44, 0x44, 0x44, 0x44, 0x44, 0x44, 0x44, 0x54,
    0x03, 0x00, 0x55, 0x55, 0x55, 0x55, 0x55, 0x55, 0x55, 0x55, 0x55, 0x65, 0x66, 0x66, 0x66, 0x66,
    0x02, 0x00, 0x33, 0x33, 0x33, 0x33, 0x33, 0x33, 0x33, 0x33, 0x33, 0x33, 0x33, 0x33, 0x33, 0x33,
    0x02, 0x00, 0x33, 0x33, 0x44, 0x44, 0x44, 0x44, 0x44, 0x44, 0x44, 0x44, 0x44, 0x44, 0x44, 0x44,
    0x00, 0x00, 0x11, 0x11, 0x11, 0x11, 0x11, 0x11, 0x11, 0xe1, 0xdc, 0x00, 0xdf, 0xfd, 0xf0, 0xdd,
    0x01, 0x00, 0xfd, 0xdf, 0xdc, 0xfe, 0xcd, 0xed, 0xee, 0xdd, 0xee, 0xde, 0xdd, 0xee, 0xdd, 0xed,
    0x02, 0x00, 0xcc, 0xbb, 0xcc, 0xbc, 0xcb, 0xcc, 0xcc, 0xcc, 0xcc, 0xcc, 0xcc, 0xcc, 0xcc, 0xcc,
    0x03, 0x00, 0x99, 0x99, 0x99, 0x99, 0xaa, 0xaa, 0xaa, 0xaa, 0xaa, 0xaa, 0xaa, 0xaa, 0xaa, 0xaa,
    0x03, 0x00, 0xba, 0xbb, 0xbb, 0xbb, 0xbb, 0xbb, 0xbb, 0xbb, 0xbb, 0xbb, 0xcb, 0xcc, 0xcc, 0xcc,
    0x03, 0x00, 0xcc, 0xcc, 0xcc, 0xcc, 0xcc, 0xcc, 0xdc, 0xdd, 0xdd, 0xdd, 0xdd, 0xdd, 0xdd, 0xdd,
    0x04, 0x00, 0xbb, 0xbb, 0xbb, 0xcc, 0xcc, 0xcc, 0xcc, 0xcc, 0xdd, 0xdd, 0xdd, 0xdd, 0xdd, 0xee,
    0x05, 0x00, 0xcc, 0xdc, 0xdd, 0xdd, 0xee, 0xee, 0xee, 0xff, 0xff, 0x0f, 0x00, 0x00, 0x11, 0x11,
    0x04, 0x00, 0x10, 0x11, 0x11, 0x11, 0x11, 0x21, 0x22, 0x22, 0x22, 0x22, 0x22, 0x33, 0x33, 0x33,
    0x04, 0x00, 0x33, 0x33, 0x44, 0x44, 0x44, 0x44, 0x44, 0x55, 0x55, 0x55, 0x55, 0x55, 0x65, 0x66,
    0x03, 0x00, 0x33, 0x33, 0x33, 0x33, 0x33, 0x33, 0x33, 0x33, 0x33, 0x44, 0x44, 0x44, 0x44, 0x44,
    0x03, 0x00, 0x44, 0x44, 0x44, 0x44, 0x44, 0x55, 0x55, 0x55, 0x55, 0x55, 0x55, 0x55, 0x55, 0x55,
    0x02, 0x00, 0x22, 0x32, 0x33, 0x33, 0x33, 0x33, 0x33, 0x33, 0x33, 0x33, 0x33, 0x33, 0x33, 0x33,
    0x02, 0x00, 0x33, 0x33, 0x33, 0x33, 0x33, 0x33, 0x33, 0x33, 0x43, 0x44, 0x44, 0x44, 0x44, 0x44,
    0x00, 0x00, 0x11, 0x11, 0x11, 0x11, 0x11, 0x11, 0x11, 0x11, 0x11, 0x11, 0x11, 0x11, 0xce, 0xfd,
    0x01, 0x00, 0xe1, 0xab, 0x0d, 0xcf, 0xcb, 0xff, 0xce, 0xec, 0xef, 0xcd, 0xed, 0xde, 0xdd, 0xee,
    0x02, 0x00, 0xbc, 0xba, 0xcc, 0xbb, 0xcb, 0xcc, 0xbb, 0xcc, 0xcc, 0xcc, 0xcc, 0xcc, 0xcc, 0xcc,
    0x03, 0x00, 0x99, 0x99, 0x99, 0x99, 0xa9, 0x99, 0x99, 0xaa, 0xaa, 0xaa, 0xaa, 0xaa, 0xaa, 0xaa,
    0x03, 0x00, 0xaa, 0xaa, 0xaa, 0xba, 0xbb, 0xbb, 0xbb, 0xbb, 0xbb, 0xbb, 0xbb, 0xbb, 0xbb, 0xbb,
    0x03, 0x00, 0xcc, 0xcc, 0xcc, 0xcc, 0xcc, 0xcc, 0xcc, 0xcc, 0xcc, 0xcc, 0xdd, 0xdd, 0xdd, 0xdd,
    0x04, 0x00, 0xaa, 0xba, 0xbb, 0xbb, 0xbb, 0xbb, 0xcb, 0xcc, 0xcc, 0xcc, 0xcc, 0xcc, 0xdd, 0xdd,
    0x05, 0x00, 0xba, 0xbb, 0xbb, 0xcc, 0xcc, 0xcc, 0xdd, 0xdd, 0xed, 0xee, 0xee, 0xff, 0xff, 0xff,
    0x05, 0x00, 0x00, 0x00, 0x10, 0x11, 0x11, 0x22, 0x22, 0x22, 0x33, 0x33, 0x43, 0x44, 0x44, 0x55,
    0x04, 0x00, 0x22, 0x32, 0x33, 0x33, 0x33, 0x33, 0x33, 0x44, 0x44, 0x44, 0x44, 0x44, 0x54, 0x55,
    0x03, 0x00, 0x22, 0x22, 0x22, 0x32, 0x33, 0x33, 0x33, 0x33, 0x33, 0x33, 0x33, 0x33, 0x33, 0x33,
    0x03, 0x00, 0x43, 0x44, 0x44, 0x44, 0x44, 0x44, 0x44, 0x44, 0x44, 0x44, 0x44, 0x55, 0x55, 0x55,
    0x03, 0x00, 0x55, 0x55, 0x55, 0x55, 0x55, 0x55, 0x55, 0x55, 0x66, 0x66, 0x66, 0x66, 0x66, 0x66,
    0x02, 0x00, 0x33, 0x33, 0x33, 0x33, 0x33, 0x33, 0x33, 0x33, 0x33, 0x33, 0x33, 0x33, 0x33, 0x33,
    0x02, 0x00, 0x33, 0x43, 0x44, 0x44, 0x44, 0x44, 0x44, 0x44, 0x44, 0x44, 0x44, 0x44, 0x44, 0x44,
    0x01, 0x00, 0x22, 0x22, 0xd2, 0xa9, 0x1f, 0xbf, 0xca, 0x0f, 0xbd, 0xec, 0xef, 0xcd, 0xed, 0xef,
    0x02, 0x00, 0xa9, 0xdc, 0xbd, 0xba, 0xdc, 0xbc, 0xcb, 0xcd, 0xbc, 0xcb, 0xcd, 0xbc, 0xcc, 0xcc,
    0x02, 0x00, 0xcc, 0xcc, 0xcc, 0xcc, 0xcc, 0xcc, 0xcc, 0xdd, 0xcc, 0xdc, 0xdd, 0xdd, 0xdd, 0xdd,
    0x03, 0x00, 0xaa, 0xaa, 0xaa, 0xaa, 0xaa, 0xaa, 0xba, 0xbb, 0xbb, 0xbb, 0xbb, 0xbb, 0xbb, 0xbb,
    0x03, 0x00, 0xbb, 0xbb, 0xbb, 0xcc, 0xcc, 0xcc, 0xcc, 0xcc, 0xcc, 0xcc, 0xcc, 0xcc, 0xcc, 0xdc,
    0x04, 0x00, 0xaa, 0xaa, 0xaa, 0xaa, 0xaa, 0xbb, 0xbb, 0xbb, 0xbb, 0xbb, 0xcb, 0xcc, 0xcc, 0xcc,
    0x05, 0x00, 0x99, 0x99, 0xaa, 0xaa, 0xba, 0xbb, 0xbb, 0xcb, 0xcc, 0xcc, 0xdd, 0xdd, 0xdd, 0xee,
    0x06, 0x00, 0xdd, 0xed, 0xee, 0xff, 0x0f, 0x10, 0x11, 0x22, 0x32, 0x43, 0x44, 0x55, 0x65, 0x66,
    0x04, 0x00, 0x11, 0x22, 0x22, 0x22, 0x22, 0x22, 0x32, 0x33, 0x33, 0x33, 0x33, 0x33, 0x44, 0x44,
    0x04, 0x00, 0x44, 0x44, 0x44, 0x54, 0x55, 0x55, 0x55, 0x55, 0x55, 0x66, 0x66, 0x66, 0x66, 0x66,
    0x03, 0x00, 0x33, 0x33, 0x33, 0x33, 0x33, 0x33, 0x44, 0x44, 0x44, 0x44, 0x44, 0x44, 0x44, 0x44,
    0x03, 0x00, 0x44, 0x44, 0x44, 0x55, 0x55, 0x55, 0x55, 0x55, 0x55, 0x55, 0x55, 0x55, 0x55, 0x55,
    0x02, 0x00, 0x32, 0x33, 0x33, 0x33, 0x33, 0x33, 0x33, 0x33, 0x33, 0x33, 0x33, 0x33, 0x33, 0x33,
    0x02, 0x00, 0x33, 0x33, 0x33, 0x33, 0x33, 0x33, 0x33, 0x33, 0x43, 0x44, 0x44, 0x44, 0x44, 0x44,
    0x01, 0x00, 0x22, 0x22, 0x22, 0x22, 0x22, 0x22, 0x22, 0x9d, 0xea, 0x01, 0xac, 0xfc, 0xe0, 0xbc,
    0x02, 0x00, 0xea, 0xcf, 0x99, 0xec, 0xbd, 0xa9, 0xdc, 0xbc, 0xba, 0xdd, 0xbc, 0xcb, 0xdd, 0xbc,
    0x02, 0x00, 0xcb, 0xcd, 0xcc, 0xcc, 0xcd, 0xcc, 0xdc, 0xcd, 0xcc, 0xdc, 0xcd, 0xcc, 0xdd, 0xcd,
    0x03, 0x00, 0xa9, 0xaa, 0xaa, 0xaa, 0xaa, 0xaa, 0xaa, 0xaa, 0xaa, 0xba, 0xbb, 0xbb, 0xbb, 0xbb,
    0x03, 0x00, 0xbb, 0xbb, 0xbb, 0xbb, 0xbb, 0xbb, 0xcb, 0xcc, 0xcc, 0xcc, 0xcc, 0xcc, 0xcc, 0xcc,
    0x04, 0x00, 0x99, 0x99, 0x99, 0xaa, 0xaa, 0xaa, 0xaa, 0xaa, 0xaa, 0xbb, 0xbb, 0xbb, 0xbb, 0xbb,
    0x04, 0x00, 0xcb, 0xcc, 0xcc, 0xcc, 0xcc, 0xcc, 0xdd, 0xdd, 0xdd, 0xdd, 0xdd, 0xed, 0xee, 0xee,
    0x06, 0x00, 0xa9, 0xba, 0xbb, 0xcc, 0xdc, 0xdd, 0xee, 0xfe, 0x0f, 0x00, 0x11, 0x21, 0x22, 0x33,
    0x05, 0x00, 0x21, 0x22, 0x22, 0x33, 0x33, 0x33, 0x44, 0x44, 0x44, 0x55, 0x55, 0x65, 0x66, 0x66,
    0x04, 0x00, 0x33, 0x33, 0x33, 0x44, 0x44, 0x44, 0x44, 0x44, 0x44, 0x55, 0x55, 0x55, 0x55, 0x55,
    0x03, 0x00, 0x32, 0x33, 0x33, 0x33, 0x33, 0x33, 0x33, 0x33, 0x33, 0x33, 0x33, 0x33, 0x44, 0x44,
    0x03, 0x00, 0x44, 0x44, 0x44, 0x44, 0x44, 0x44, 0x44, 0x44, 0x44, 0x54, 0x55, 0x55, 0x55, 0x55,
    0x03, 0x00, 0x55, 0x55, 0x55, 0x55, 0x55, 0x55, 0x55, 0x66, 0x66, 0x66, 0x66, 0x66, 0x66, 0x66,
    0x02, 0x00, 0x33, 0x33, 0x33, 0x33, 0x33, 0x33, 0x33, 0x33, 0x33, 0x33, 0x33, 0x33, 0x33, 0x33,
    0x01, 0x00, 0x11, 0x21, 0x22, 0x22, 0x22, 0x22, 0x22, 0x22, 0x22, 0x22, 0x22, 0xd2, 0xa9, 0x1e,
    0x01, 0x00, 0xd0, 0xba, 0x0e, 0xdf, 0xcb, 0xfe, 0xde, 0xdc, 0xfe, 0xde, 0xdd, 0xee, 0xde, 0xed,
    0x02, 0x00, 0xdd, 0xbc, 0xcb, 0xdd, 0xbc, 0xcc, 0xdd, 0xcc, 0xcc, 0xdd, 0xcc, 0xdc, 0xdd, 0xcc,
    0x03, 0x00, 0xa9, 0xaa, 0x99, 0xaa, 0xaa, 0xaa, 0xaa, 0xaa, 0xaa, 0xaa, 0xaa, 0xaa, 0xbb, 0xbb,
    0x03, 0x00, 0xbb, 0xbb, 0xbb, 0xbb, 0xbb, 0xbb, 0xbb, 0xbb, 0xbb, 0xcb, 0xcc, 0xcc, 0xcc, 0xcc,
    0x03, 0x00, 0xcc, 0xcc, 0xcc, 0xcc, 0xcc, 0xcc, 0xdc, 0xdd, 0xdd, 0xdd, 0xdd, 0xdd, 0xdd, 0xdd,
    0x04, 0x00, 0xbb, 0xbb, 0xbb, 0xbb, 0xcc, 0xcc, 0xcc, 0xcc, 0xcc, 0xcc, 0xdd, 0xdd, 0xdd, 0xdd,
    0x05, 0x00, 0xbb, 0xcb, 0xcc, 0xcc, 0xdc, 0xdd, 0xdd, 0xed, 0xee, 0xee, 0xfe, 0xff, 0xff, 0x00,
    0x05, 0x00, 0x00, 0x00, 0x11, 0x11, 0x11, 0x22, 0x22, 0x22, 0x33, 0x33, 0x43, 0x44, 0x44, 0x54,
    0x04, 0x00, 0x22, 0x22, 0x32, 0x33, 0x33, 0x33, 0x33, 0x33, 0x43, 0x44, 0x44, 0x44, 0x44, 0x44,
    0x03, 0x00, 0x22, 0x22, 0x22, 0x22, 0x22, 0x22, 0x33, 0x33, 0x33, 0x33, 0x33, 0x33, 0x33, 0x33,
    0x03, 0x00, 0x33, 0x33, 0x33, 0x43, 0x44, 0x44, 0x44, 0x44, 0x44, 0x44, 0x44, 0x44, 0x44, 0x44,
    0x03, 0x00, 0x44, 0x54, 0x55, 0x55, 0x55, 0x55, 0x55, 0x55, 0x55, 0x55, 0x55, 0x55, 0x55, 0x66,
    0x02, 0x00, 0x33, 0x33, 0x33, 0x33, 0x33, 0x33, 0x33, 0x33, 0x33, 0x33, 0x33, 0x33, 0x33, 0x33,
    0x02, 0x00, 0x33, 0x33, 0x33, 0x33, 0x33, 0x33, 0x33, 0x33, 0x33, 0x44, 0x44, 0x44, 0x44, 0x44,
    0x01, 0x00, 0x22, 0x22, 0xae, 0xda, 0x00, 0xbd, 0xdb, 0x00, 0xcd, 0xec, 0xff, 0xce, 0xec, 0xff,
    0x02, 0x00, 0xac, 0xca, 0xdd, 0xbc, 0xcb, 0xdd, 0xbc, 0xcb, 0xdd, 0xcc, 0xcc, 0xdd, 0xcc, 0xcc,
    0x03, 0x00, 0xaa, 0x99, 0xa9, 0xaa, 0x9a, 0xa9, 0xaa, 0xaa, 0xaa, 0xaa, 0xaa, 0xaa, 0xaa, 0xaa,
    0x03, 0x00, 0xba, 0xbb, 0xbb, 0xbb, 0xbb, 0xbb, 0xbb, 0xbb, 0xbb, 0xbb, 0xbb, 0xbb, 0xcb, 0xcc,
    0x03, 0x00, 0xcc, 0xcc, 0xcc, 0xcc, 0xcc, 0xcc, 0xcc, 0xcc, 0xcc, 0xcc, 0xdd, 0xdd, 0xdd, 0xdd,
    0x04, 0x00, 0xaa, 0xaa, 0xbb, 0xbb, 0xbb, 0xbb, 0xbb, 0xbb, 0xcc, 0xcc, 0xcc, 0xcc, 0xcc, 0xcc,
    0x05, 0x00, 0xaa, 0xaa, 0xaa, 0xbb, 0xbb, 0xbb, 0xcc, 0xcc, 0xdc, 0xdd, 0xdd, 0xed, 0xee, 0xee,
    0x06, 0x00, 0xed, 0xee, 0xff, 0x0f, 0x00, 0x11, 0x21, 0x22, 0x33, 0x43, 0x44, 0x55, 0x65, 0x66,
    0x04, 0x00, 0x11, 0x21, 0x22, 0x22, 0x22, 0x22, 0x22, 0x32, 0x33, 0x33, 0x33, 0x33, 0x33, 0x43,
    0x04, 0x00, 0x44, 0x44, 0x44, 0x44, 0x44, 0x54, 0x55, 0x55, 0x55, 0x55, 0x55, 0x65, 0x66, 0x66,
    0x03, 0x00, 0x33, 0x33, 0x33, 0x33, 0x33, 0x33, 0x33, 0x33, 0x33, 0x43, 0x44, 0x44, 0x44, 0x44,
    0x03, 0x00, 0x44, 0x44, 0x44, 0x44, 0x44, 0x44, 0x44, 0x54, 0x55, 0x55, 0x55, 0x55, 0x55, 0x55,
    0x03, 0x00, 0x55, 0x55, 0x55, 0x55, 0x55, 0x55, 0x66, 0x66, 0x66, 0x66, 0x66, 0x66, 0x66, 0x66,
    0x02, 0x00, 0x33, 0x33, 0x33, 0x33, 0x33, 0x33, 0x33, 0x33, 0x33, 0x33, 0x33, 0x33, 0x33, 0x33,
    0x01, 0x00, 0x11, 0x11, 0x22, 0x22, 0x22, 0x22, 0xe2, 0xaa, 0x0d, 0xe1, 0xbb, 0xfd, 0xe0, 0xcc,
    0x02, 0x00, 0xea, 0xdf, 0x9a, 0xdb, 0xde, 0xab, 0xdb, 0xde, 0xbc, 0xcb, 0xdd, 0xbc, 0xcc, 0xdd,
    0x02, 0x00, 0xcc, 0xcc, 0xdd, 0xcc, 0xcc, 0xdd, 0xcd, 0xdc, 0xdd, 0xdd, 0xdc, 0xdd, 0xdd, 0xdd,
    0x03, 0x00, 0xba, 0xaa, 0xaa, 0xbb, 0xbb, 0xbb, 0xbb, 0xbb, 0xbb, 0xbb, 0xbb, 0xbb, 0xbb, 0xbb,
    0x03, 0x00, 0xbb, 0xcb, 0xcc, 0xcc, 0xcc, 0xcc, 0xcc, 0xcc, 0xcc, 0xcc, 0xcc, 0xcc, 0xcc, 0xdc,
    0x04, 0x00, 0xaa, 0xaa, 0xaa, 0xaa, 0xaa, 0xba, 0xbb, 0xbb, 0xbb, 0xbb, 0xbb, 0xcb, 0xcc, 0xcc,
    0x04, 0x00, 0xcc, 0xcc, 0xcc, 0xcc, 0xdd, 0xdd, 0xdd, 0xdd, 0xdd, 0xdd, 0xee, 0xee, 0xee, 0xee,
    0x06, 0x00, 0xba, 0xbb, 0xcc, 0xdc, 0xdd, 0xee, 0xfe, 0xff, 0x00, 0x10, 0x11, 0x22, 0x32, 0x33,
    0x05, 0x00, 0x22, 0x22, 0x22, 0x32, 0x33, 0x33, 0x43, 0x44, 0x44, 0x54, 0x55, 0x55, 0x65, 0x66,
    0x04, 0x00, 0x33, 0x33, 0x33, 0x33, 0x43, 0x44, 0x44, 0x44, 0x44, 0x44, 0x44, 0x55, 0x55, 0x55,
    0x03, 0x00, 0x22, 0x22, 0x22, 0x33, 0x33, 0x33, 0x33, 0x33, 0x33, 0x33, 0x33, 0x33, 0x33, 0x33,
    0x03, 0x00, 0x33, 0x43, 0x44, 0x44, 0x44, 0x44, 0x44, 0x44, 0x44, 0x44, 0x44, 0x44, 0x44, 0x44,
    0x03, 0x00, 0x55, 0x55, 0x55, 0x55, 0x55, 0x55, 0x55, 0x55, 0x55, 0x55, 0x55, 0x55, 0x65, 0x66,
    0x02, 0x00, 0x33, 0x33, 0x33, 0x33, 0x33, 0x33, 0x33, 0x33, 0x33, 0x33, 0x33, 0x33, 0x33, 0x33,
    0x01, 0x00, 0x11, 0x11, 0x11, 0x11, 0x11, 0x11, 0x11, 0x11, 0x11, 0x21, 0x22, 0xae, 0xda, 0x10,
    0x01, 0x00, 0xcf, 0xcb, 0x0f, 0xdf, 0xcc, 0xfe, 0xdf, 0xdc, 0xfe, 0xef, 0xdd, 0xee, 0xef, 0xdd,
    0x02, 0x00, 0xdc, 0xdd, 0xbc, 0xdc, 0xdd, 0xcc, 0xcc, 0xdd, 0xcd, 0xcc, 0xdd, 0xcd, 0xdc, 0xdd,
    0x03, 0x00, 0xaa, 0xaa, 0xba, 0xab, 0xaa, 0xba, 0xbb, 0xaa, 0xbb, 0xbb, 0xbb, 0xbb, 0xbb, 0xbb,
    0x03, 0x00, 0xbb, 0xbb, 0xbb, 0xbb, 0xcc, 0xcc, 0xcc, 0xcc, 0xcc, 0xcc, 0xcc, 0xcc, 0xcc, 0xcc,
    0x04, 0x00, 0x99, 0x99, 0x99, 0xaa, 0xaa, 0xaa, 0xaa, 0xaa, 0xaa, 0xbb, 0xbb, 0xbb, 0xbb, 0xbb,
    0x04, 0x00, 0xbb, 0xcb, 0xcc, 0xcc, 0xcc, 0xcc, 0xcc, 0xdc, 0xdd, 0xdd, 0xdd, 0xdd, 0xdd, 0xdd,
    0x05, 0x00, 0xcc, 0xcc, 0xcc, 0xdd, 0xdd, 0xdd, 0xee, 0xee, 0xee, 0xfe, 0xff, 0xff, 0x0f, 0x00,
    0x05, 0x00, 0x00, 0x10, 0x11, 0x11, 0x11, 0x22, 0x22, 0x22, 0x33, 0x33, 0x33, 0x44, 0x44, 0x44,
    0x04, 0x00, 0x22, 0x22, 0x22, 0x32, 0x33, 0x33, 0x33, 0x33, 0x33, 0x33, 0x44, 0x44, 0x44, 0x44,
    0x04, 0x00, 0x44, 0x44, 0x55, 0x55, 0x55, 0x55, 0x55, 0x55, 0x65, 0x66, 0x66, 0x66, 0x66, 0x66,
    0x03, 0x00, 0x33, 0x33, 0x33, 0x33, 0x33, 0x33, 0x33, 0x43, 0x44, 0x44, 0x44, 0x44, 0x44, 0x44,
    0x03, 0x00, 0x44, 0x44, 0x44, 0x44, 0x44, 0x44, 0x55, 0x55, 0x55, 0x55, 0x55, 0x55, 0x55, 0x55,
    0x03, 0x00, 0x55, 0x55, 0x55, 0x55, 0x55, 0x66, 0x66, 0x66, 0x66, 0x66, 0x66, 0x66, 0x66, 0x66,
    0x02, 0x00, 0x33, 0x33, 0x33, 0x33, 0x33, 0x33, 0x33, 0x33, 0x33, 0x33, 0x33, 0x33, 0x33, 0x33,
    0x01, 0x00, 0x11, 0xbe, 0xca, 0x10, 0xcf, 0xcb, 0x0e, 0xef, 0xcc, 0xfe, 0xef, 0xdd, 0xed, 0xef,
    0x02, 0x00, 0xac, 0xcb, 0xde, 0xbc, 0xcb, 0xdd, 0xcd, 0xcc, 0xdd, 0xcd, 0xcc, 0xdd, 0xdd, 0xcc,
    0x03, 0x00, 0xa9, 0xab, 0x9a, 0xaa, 0xbb, 0xaa, 0xaa, 0xbb, 0xab, 0xaa, 0xbb, 0xbb, 0xbb, 0xbb,
    0x03, 0x00, 0xbb, 0xbb, 0xbb, 0xbb, 0xbb, 0xbb, 0xcb, 0xbb, 0xcb, 0xcc, 0xcc, 0xcc, 0xcc, 0xcc,
    0x03, 0x00, 0xcc, 0xcc, 0xcc, 0xcc, 0xcc, 0xcc, 0xdc, 0xdd, 0xdd, 0xdd, 0xdd, 0xdd, 0xdd, 0xdd,
    0x04, 0x00, 0xbb, 0xbb, 0xbb, 0xbb, 0xbb, 0xcc, 0xcc, 0xcc, 0xcc, 0xcc, 0xcc, 0xdc, 0xdd, 0xdd,
    0x05, 0x00, 0xaa, 0xbb, 0xbb, 0xbb, 0xcc, 0xcc, 0xcc, 0xdc, 0xdd, 0xdd, 0xed, 0xee, 0xee, 0xee,
    0x06, 0x00, 0xee, 0xfe, 0xff, 0x00, 0x10, 0x11, 0x22, 0x22, 0x33, 0x43, 0x44, 0x55, 0x65, 0x66,
    0x04, 0x00, 0x11, 0x11, 0x22, 0x22, 0x22, 0x22, 0x22, 0x22, 0x32, 0x33, 0x33, 0x33, 0x33, 0x33,
    0x04, 0x00, 0x33, 0x44, 0x44, 0x44, 0x44, 0x44, 0x44, 0x54, 0x55, 0x55, 0x55, 0x55, 0x55, 0x55,
    0x03, 0x00, 0x33, 0x33, 0x33, 0x33, 0x33, 0x33, 0x33, 0x33, 0x33, 0x33, 0x33, 0x33, 0x33, 0x43,
    0x03, 0x00, 0x44, 0x44, 0x44, 0x44, 0x44, 0x44, 0x44, 0x44, 0x44, 0x44, 0x44, 0x44, 0x54, 0x55,
    0x03, 0x00, 0x55, 0x55, 0x55, 0x55, 0x55, 0x55, 0x55, 0x55, 0x55, 0x55, 0x55, 0x65, 0x66, 0x66,
    0x02, 0x00, 0x33, 0x33, 0x33, 0x33, 0x33, 0x33, 0x33, 0x33, 0x33, 0x33, 0x33, 0x33, 0x33, 0x33,
    0x01, 0x00, 0x11, 0x11, 0x11, 0x11, 0x11, 0xe1, 0xab, 0xfc, 0xf1, 0xbd, 0xec, 0x00, 0xce, 0xdc,
    0x02, 0x00, 0xfe, 0xbe, 0xaa, 0xec, 0xde, 0xbb, 0xdb, 0xde, 0xbc, 0xcb, 0xdd, 0xcd, 0xcc, 0xdd,
    0x03, 0x00, 0xab, 0x99, 0xba, 0xab, 0x99, 0xaa, 0xbb, 0xaa, 0xaa, 0xbb, 0xab, 0xaa, 0xbb, 0xbb,
    0x03, 0x00, 0xba, 0xbb, 0xbb, 0xbb, 0xbb, 0xbb, 0xbb, 0xbb, 0xbb, 0xbb, 0xbb, 0xcc, 0xcc, 0xcc,
    0x03, 0x00, 0xcc, 0xcc, 0xcc, 0xcc, 0xcc, 0xcc, 0xcc, 0xcc, 0xcc, 0xcc, 0xdd, 0xdd, 0xdd, 0xdd,
    0x04, 0x00, 0xaa, 0xaa, 0xba, 0xbb, 0xbb, 0xbb, 0xbb, 0xbb, 0xbb, 0xcc, 0xcc, 0xcc, 0xcc, 0xcc,
    0x05, 0x00, 0x99, 0xa9, 0xaa, 0xaa, 0xaa, 0xbb, 0xbb, 0xbb, 0xcc, 0xcc, 0xcc, 0xdc, 0xdd, 0xdd,
    0x06, 0x00, 0xbb, 0xcc, 0xdc, 0xdd, 0xee, 0xee, 0xff, 0x0f, 0x00, 0x11, 0x11, 0x22, 0x32, 0x33,
    0x05, 0x00, 0x22, 0x22, 0x22, 0x32, 0x33, 0x33, 0x33, 0x44, 0x44, 0x44, 0x55, 0x55, 0x55, 0x65,
    0x04, 0x00, 0x33, 0x33, 0x33, 0x33, 0x33, 0x33, 0x43, 0x44, 0x44, 0x44, 0x44, 0x44, 0x44, 0x55,
    0x03, 0x00, 0x22, 0x22, 0x22, 0x22, 0x22, 0x32, 0x33, 0x33, 0x33, 0x33, 0x33, 0x33, 0x33, 0x33,
    0x03, 0x00, 0x33, 0x33, 0x33, 0x33, 0x33, 0x43, 0x44, 0x44, 0x44, 0x44, 0x44, 0x44, 0x44, 0x44,
    0x03, 0x00, 0x44, 0x44, 0x44, 0x44, 0x44, 0x55, 0x55, 0x55, 0x55, 0x55, 0x55, 0x55, 0x55, 0x55,
    0x03, 0x00, 0x55, 0x55, 0x55, 0x55, 0x65, 0x66, 0x66, 0x66, 0x66, 0x66, 0x66, 0x66, 0x66, 0x66,
    0x01, 0x00, 0x11, 0x11, 0x11, 0x11, 0x11, 0x11, 0x11, 0x11, 0x11, 0x11, 0xbe, 0xca, 0x1f, 0xd0,
    0x01, 0x00, 0xcc, 0xfd, 0xf0, 0xcd, 0xed, 0xff, 0xde, 0xdd, 0xfe, 0xef, 0xdd, 0xee, 0xef, 0xde,
    0x02, 0x00, 0xdc, 0xdd, 0xcd, 0xcc, 0xdd, 0xdd, 0xcc, 0xdd, 0xdd, 0xcd, 0xdd, 0xdd, 0xdd, 0xdd,
    0x03, 0x00, 0xbb, 0xbb, 0xaa, 0xbb, 0xbb, 0xbb, 0xbb, 0xbb, 0xbb, 0xbb, 0xbb, 0xbb, 0xbb, 0xcb,
    0x03, 0x00, 0xcc, 0xcc, 0xcc, 0xcc, 0xcc, 0xcc, 0xcc, 0xcc, 0xcc, 0xcc, 0xcc, 0xcc, 0xcc, 0xdd,
    0x04, 0x00, 0xaa, 0xaa, 0xaa, 0xaa, 0xaa, 0xba, 0xbb, 0xbb, 0xbb, 0xbb, 0xbb, 0xbb, 0xcb, 0xcc,
    0x04, 0x00, 0xcc, 0xcc, 0xcc, 0xcc, 0xcc, 0xdc, 0xdd, 0xdd, 0xdd, 0xdd, 0xdd, 0xdd, 0xee, 0xee,
    0x06, 0x00, 0x99, 0xa9, 0xaa, 0xba, 0xbb, 0xcc, 0xcc, 0xdd, 0xed, 0xee, 0xff, 0xff, 0x00, 0x10,
    0x05, 0x00, 0x00, 0x10, 0x11, 0x11, 0x11, 0x22, 0x22, 0x22, 0x33, 0x33, 0x33, 0x43, 0x44, 0x44,
    0x04, 0x00, 0x22, 0x22, 0x22, 0x22, 0x32, 0x33, 0x33, 0x33, 0x33, 0x33, 0x33, 0x43, 0x44, 0x44,
    0x04, 0x00, 0x44, 0x44, 0x44, 0x44, 0x54, 0x55, 0x55, 0x55, 0x55, 0x55, 0x55, 0x65, 0x66, 0x66,
    0x03, 0x00, 0x33, 0x33, 0x33, 0x33, 0x33, 0x33, 0x33, 0x33, 0x33, 0x33, 0x33, 0x43, 0x44, 0x44,
    0x03, 0x00, 0x44, 0x44, 0x44, 0x44, 0x44, 0x44, 0x44, 0x44, 0x44, 0x44, 0x44, 0x54, 0x55, 0x55,
    0x03, 0x00, 0x55, 0x55, 0x55, 0x55, 0x55, 0x55, 0x55, 0x55, 0x55, 0x55, 0x55, 0x65, 0x66, 0x66,
    0x02, 0x00, 0x33, 0x33, 0x33, 0x33, 0x33, 0x33, 0x33, 0x33, 0x33, 0x33, 0x33, 0x33, 0x33, 0x33,
    0x01, 0x00, 0xf1, 0xab, 0xfc, 0x00, 0xce, 0xdc, 0x0f, 0xef, 0xcc, 0xfe, 0xff, 0xdd, 0xed, 0xff,
    0x02, 0x00, 0xcd, 0xbb, 0xed, 0xde, 0xbc, 0xdc, 0xde, 0xcd, 0xcc, 0xdd, 0xdd, 0xcc, 0xdd, 0xdd,
    0x03, 0x00, 0xaa, 0xaa, 0xbb, 0xab, 0xaa, 0xbb, 0xbb, 0xbb, 0xbb, 0xbb, 0xbb, 0xbb, 0xbb, 0xbb,
    0x03, 0x00, 0xbb, 0xcb, 0xcc, 0xbc, 0xcc, 0xcc, 0xcc, 0xcc, 0xcc, 0xcc, 0xcc, 0xcc, 0xcc, 0xcc,
    0x04, 0x00, 0x99, 0xa9, 0xaa, 0xaa, 0xaa, 0xaa, 0xaa, 0xaa, 0xaa, 0xbb, 0xbb, 0xbb, 0xbb, 0xbb,
    0x04, 0x00, 0xbb, 0xbb, 0xcc, 0xcc, 0xcc, 0xcc, 0xcc, 0xcc, 0xcc, 0xdd, 0xdd, 0xdd, 0xdd, 0xdd,
    0x05, 0x00, 0xbb, 0xbb, 0xcb, 0xcc, 0xcc, 0xcc, 0xdd, 0xdd, 0xdd, 0xed, 0xee, 0xee, 0xee, 0xff,
    0x06, 0x00, 0xfe, 0xff, 0x0f, 0x00, 0x11, 0x11, 0x22, 0x32, 0x33, 0x43, 0x44, 0x55, 0x55, 0x66,
    0x04, 0x00, 0x11, 0x11, 0x21, 0x22, 0x22, 0x22, 0x22, 0x22, 0x22, 0x32, 0x33, 0x33, 0x33, 0x33,
    0x04, 0x00, 0x33, 0x33, 0x33, 0x44, 0x44, 0x44, 0x44, 0x44, 0x44, 0x44, 0x55, 0x55, 0x55, 0x55,
    0x03, 0x00, 0x22, 0x22, 0x22, 0x33, 0x33, 0x33, 0x33, 0x33, 0x33, 0x33, 0x33, 0x33, 0x33, 0x33,
    0x03, 0x00, 0x33, 0x33, 0x33, 0x43, 0x44, 0x44, 0x44, 0x44, 0x44, 0x44, 0x44, 0x44, 0x44, 0x44,
    0x03, 0x00, 0x44, 0x44, 0x44, 0x44, 0x55, 0x55, 0x55, 0x55, 0x55, 0x55, 0x55, 0x55, 0x55, 0x55,
    0x03, 0x00, 0x55, 0x55, 0x55, 0x55, 0x65, 0x66, 0x66, 0x66, 0x66, 0x66, 0x66, 0x66, 0x66, 0x66,
    0x01, 0x00, 0x11, 0x11, 0x11, 0x11, 0x11, 0xcf, 0xcb, 0x0e, 0xe0, 0xcc, 0xed, 0xf0, 0xde, 0xdc,
    0x02, 0x00, 0xfd, 0xce, 0xab, 0xdc, 0xee, 0xbc, 0xcb, 0xed, 0xde, 0xcc, 0xdc, 0xde, 0xcd, 0xdc,
    0x03, 0x00, 0xbb, 0xab, 0x99, 0xba, 0xbb, 0xaa, 0xba, 0xbb, 0xbb, 0xaa, 0xbb, 0xbb, 0xbb, 0xbb,
    0x03, 0x00, 0xbb, 0xbb, 0xbb, 0xcb, 0xcc, 0xbb, 0xcb, 0xcc, 0xcc, 0xcc, 0xcc, 0xcc, 0xcc, 0xcc,
    0x04, 0x00, 0x99, 0x99, 0x99, 0x99, 0x99, 0x99, 0xaa, 0xaa, 0xaa, 0xaa, 0xaa, 0xaa, 0xaa, 0xbb,
    0x04, 0x00, 0xbb, 0xbb, 0xbb, 0xbb, 0xbb, 0xbb, 0xcc, 0xcc, 0xcc, 0xcc, 0xcc, 0xcc, 0xcc, 0xdd,
    0x05, 0x00, 0xaa, 0xaa, 0xba, 0xbb, 0xbb, 0xbb, 0xcb, 0xcc, 0xcc, 0xcc, 0xdd, 0xdd, 0xdd, 0xed,
    0x06, 0x00, 0xcc, 0xdc, 0xdd, 0xee, 0xee, 0xff, 0xff, 0x00, 0x10, 0x11, 0x21, 0x22, 0x32, 0x33,
    0x05, 0x00, 0x22, 0x22, 0x22, 0x22, 0x33, 0x33, 0x33, 0x43, 0x44, 0x44, 0x44, 0x55, 0x55, 0x55,
    0x04, 0x00, 0x32, 0x33, 0x33, 0x33, 0x33, 0x33, 0x33, 0x33, 0x44, 0x44, 0x44, 0x44, 0x44, 0x44,
    0x04, 0x00, 0x44, 0x54, 0x55, 0x55, 0x55, 0x55, 0x55, 0x55, 0x55, 0x66, 0x66, 0x66, 0x66, 0x66,
    0x03, 0x00, 0x33, 0x33, 0x33, 0x33, 0x33, 0x33, 0x33, 0x33, 0x33, 0x43, 0x44, 0x44, 0x44, 0x44,
    0x03, 0x00, 0x44, 0x44, 0x44, 0x44, 0x44, 0x44, 0x44, 0x44, 0x44, 0x44, 0x54, 0x55, 0x55, 0x55,
    0x03, 0x00, 0x55, 0x55, 0x55, 0x55, 0x55, 0x55, 0x55, 0x55, 0x55, 0x55, 0x55, 0x65, 0x66, 0x66,
    0x01, 0x00, 0x11, 0x11, 0x11, 0x11, 0x11, 0x11, 0x11, 0x11, 0x11, 0xf1, 0xbc, 0xec, 0x00, 0xdf,
    0x01, 0x00, 0xcc, 0x0e, 0xf0, 0xcd, 0xed, 0xff, 0xde, 0xdd, 0xfe, 0xef, 0xde, 0xee, 0xff, 0xee,
    0x02, 0x00, 0xcc, 0xdd, 0xde, 0xcd, 0xdc, 0xed, 0xdd, 0xdd, 0xdd, 0xdd, 0xdd, 0xdd, 0xdd, 0xdd,
    0x03, 0x00, 0xbb, 0xbb, 0xbc, 0xbb, 0xbb, 0xcb, 0xbc, 0xbb, 0xcb, 0xcc, 0xcc, 0xcc, 0xcc, 0xcc,
    0x03, 0x00, 0xcc, 0xcc, 0xcc, 0xcc, 0xcc, 0xcc, 0xcc, 0xcc, 0xdc, 0xdd, 0xdd, 0xdd, 0xdd, 0xdd,
    0x04, 0x00, 0xaa, 0xaa, 0xbb, 0xbb, 0xbb, 0xbb, 0xbb, 0xbb, 0xbb, 0xcb, 0xcc, 0xcc, 0xcc, 0xcc,
    0x05, 0x00, 0x99, 0x99, 0x99, 0xaa, 0xaa, 0xaa, 0xba, 0xbb, 0xbb, 0xbb, 0xcb, 0xcc, 0xcc, 0xcc,
    0x06, 0x00, 0xaa, 0xaa, 0xbb, 0xbb, 0xcc, 0xdc, 0xdd, 0xed, 0xee, 0xfe, 0xff, 0x0f, 0x00, 0x11,
    0x05, 0x00, 0x00, 0x11, 0x11, 0x11, 0x11, 0x22, 0x22, 0x22, 0x32, 0x33, 0x33, 0x33, 0x43, 0x44,
    0x04, 0x00, 0x22, 0x22, 0x22, 0x22, 0x22, 0x22, 0x33, 0x33, 0x33, 0x33, 0x33, 0x33, 0x33, 0x43,
    0x04, 0x00, 0x44, 0x44, 0x44, 0x44, 0x44, 0x44, 0x44, 0x55, 0x55, 0x55, 0x55, 0x55, 0x55, 0x55,
    0x03, 0x00, 0x32, 0x33, 0x33, 0x33, 0x33, 0x33, 0x33, 0x33, 0x33, 0x33, 0x33, 0x33, 0x33, 0x33,
    0x03, 0x00, 0x33, 0x33, 0x44, 0x44, 0x44, 0x44, 0x44, 0x44, 0x44, 0x44, 0x44, 0x44, 0x44, 0x44,
    0x03, 0x00, 0x44, 0x44, 0x44, 0x55, 0x55, 0x55, 0x55, 0x55, 0x55, 0x55, 0x55, 0x55, 0x55, 0x55,
    0x03, 0x00, 0x55, 0x55, 0x55, 0x55, 0x65, 0x66, 0x66, 0x66, 0x66, 0x66, 0x66, 0x66, 0x66, 0x66,
    0x01, 0x00, 0xcf, 0xcb, 0x0e, 0xf0, 0xcd, 0xec, 0x0f, 0xef, 0xdd, 0xfe, 0xff, 0xde, 0xed, 0xfe,
    0x02, 0x00, 0xde, 0xbc, 0xdc, 0xee, 0xcd, 0xcc, 0xed, 0xde, 0xcd, 0xdc, 0xed, 0xdd, 0xdd, 0xdd,
    0x03, 0x00, 0xbc, 0xab, 0xba, 0xcb, 0xbc, 0xbb, 0xbb, 0xcc, 0xbb, 0xbb, 0xcc, 0xcc, 0xbb, 0xcc,
    0x03, 0x00, 0xcc, 0xcc, 0xcc, 0xcc, 0xcc, 0xcc, 0xcc, 0xcc, 0xcc, 0xcc, 0xcc, 0xdd, 0xdd, 0xdd,
    0x04, 0x00, 0xaa, 0xaa, 0xaa, 0xaa, 0xaa, 0xbb, 0xbb, 0xbb, 0xbb, 0xbb, 0xbb, 0xbb, 0xbb, 0xcc,
    0x04, 0x00, 0xcc, 0xcc, 0xcc, 0xcc, 0xcc, 0xcc, 0xcc, 0xdd, 0xdd, 0xdd, 0xdd, 0xdd, 0xdd, 0xdd,
    0x05, 0x00, 0xcb, 0xcc, 0xcc, 0xcc, 0xdd, 0xdd, 0xdd, 0xdd, 0xee, 0xee, 0xee, 0xee, 0xff, 0xff,
    0x06, 0x00, 0xff, 0x0f, 0x00, 0x10, 0x11, 0x21, 0x22, 0x32, 0x33, 0x43, 0x44, 0x54, 0x55, 0x65,
    0x05, 0x00, 0x33, 0x33, 0x33, 0x44, 0x44, 0x44, 0x44, 0x55, 0x55, 0x55, 0x55, 0x66, 0x66, 0x66,
    0x04, 0x00, 0x33, 0x33, 0x33, 0x33, 0x43, 0x44, 0x44, 0x44, 0x44, 0x44, 0x44, 0x44, 0x54, 0x55,
    0x04, 0x00, 0x55, 0x55, 0x55, 0x55, 0x55, 0x55, 0x65, 0x66, 0x66, 0x66, 0x66, 0x66, 0x66, 0x66,
    0x03, 0x00, 0x33, 0x33, 0x33, 0x33, 0x33, 0x33, 0x33, 0x33, 0x44, 0x44, 0x44, 0x44, 0x44, 0x44,
    0x03, 0x00, 0x44, 0x44, 0x44, 0x44, 0x44, 0x44, 0x44, 0x44, 0x44, 0x44, 0x55, 0x55, 0x55, 0x55,
    0x03, 0x00, 0x55, 0x55, 0x55, 0x55, 0x55, 0x55, 0x55, 0x55, 0x55, 0x55, 0x55, 0x65, 0x66, 0x66,
    0x01, 0x00, 0x11, 0x11, 0x11, 0x11, 0xf1, 0xbc, 0xec, 0x00, 0xdf, 0xcc, 0xfd, 0xf0, 0xde, 0xdd,
    0x02, 0x00, 0xfd, 0xdf, 0xbb, 0xdb, 0xee, 0xce, 0xcb, 0xed, 0xee, 0xcd, 0xdc, 0xed, 0xde, 0xcd,
    0x03, 0x00, 0xba, 0xcc, 0xab, 0xaa, 0xbb, 0xcc, 0xbb, 0xba, 0xcb, 0xbc, 0xbb, 0xbb, 0xcc, 0xbc,
    0x03, 0x00, 0xbb, 0xcc, 0xcc, 0xcc, 0xcc, 0xcc, 0xcc, 0xcc, 0xcc, 0xcc, 0xcc, 0xcc, 0xcc, 0xcc,
    0x04, 0x00, 0x99, 0xa9, 0xaa, 0xaa, 0xaa, 0xaa, 0xaa, 0xaa, 0xaa, 0xbb, 0xbb, 0xbb, 0xbb, 0xbb,
    0x04, 0x00, 0xbb, 0xbb, 0xcb, 0xcc, 0xcc, 0xcc, 0xcc, 0xcc, 0xcc, 0xcc, 0xdc, 0xdd, 0xdd, 0xdd,
    0x05, 0x00, 0xba, 0xbb, 0xbb, 0xbb, 0xcb, 0xcc, 0xcc, 0xcc, 0xdc, 0xdd, 0xdd, 0xdd, 0xee, 0xee,
    0x06, 0x00, 0xdd, 0xdd, 0xee, 0xee, 0xff, 0xff, 0x00, 0x00, 0x11, 0x11, 0x22, 0x22, 0x33, 0x33,
    0x05, 0x00, 0x22, 0x22, 0x22, 0x22, 0x33, 0x33, 0x33, 0x33, 0x44, 0x44, 0x44, 0x44, 0x55, 0x55,
    0x04, 0x00, 0x22, 0x22, 0x33, 0x33, 0x33, 0x33, 0x33, 0x33, 0x33, 0x33, 0x44, 0x44, 0x44, 0x44,
    0x04, 0x00, 0x44, 0x44, 0x44, 0x44, 0x55, 0x55, 0x55, 0x55, 0x55, 0x55, 0x55, 0x55, 0x66, 0x66,
    0x03, 0x00, 0x33, 0x33, 0x33, 0x33, 0x33, 0x33, 0x33, 0x33, 0x33, 0x33, 0x33, 0x33, 0x33, 0x33,
    0x03, 0x00, 0x43, 0x44, 0x44, 0x44, 0x44, 0x44, 0x44, 0x44, 0x44, 0x44, 0x44, 0x44, 0x44, 0x44,
    0x03, 0x00, 0x44, 0x44, 0x54, 0x55, 0x55, 0x55, 0x55, 0x55, 0x55, 0x55, 0x55, 0x55, 0x55, 0x55,
    0x01, 0x00, 0x11, 0x11, 0x11, 0x11, 0x11, 0x11, 0x11, 0x11, 0x11, 0xdf, 0xcb, 0x0e, 0xf0, 0xce,
    0x02, 0x00, 0xb9, 0x0e, 0xdf, 0xab, 0xdb, 0xff, 0xce, 0xbb, 0xec, 0xee, 0xcd, 0xcc, 0xed, 0xde,
    0x03, 0x00, 0x9a, 0xa9, 0xcc, 0xbc, 0xaa, 0xba, 0xcc, 0xbb, 0xaa, 0xcb, 0xcc, 0xbb, 0xbb, 0xcc,
    0x03, 0x00, 0xcc, 0xbb, 0xcb, 0xcc, 0xcc, 0xbb, 0xcc, 0xcc, 0xcc, 0xcc, 0xcc, 0xcc, 0xcc, 0xcc,
    0x04, 0x00, 0x99, 0x99, 0x99, 0x99, 0xaa, 0xaa, 0xaa, 0xaa, 0xaa, 0xaa, 0xaa, 0xba, 0xbb, 0xbb,
    0x04, 0x00, 0xbb, 0xbb, 0xbb, 0xbb, 0xbb, 0xbb, 0xcc, 0xcc, 0xcc, 0xcc, 0xcc, 0xcc, 0xcc, 0xcc,
    0x05, 0x00, 0xa9, 0xaa, 0xaa, 0xaa, 0xba, 0xbb, 0xbb, 0xbb, 0xcb, 0xcc, 0xcc, 0xcc, 0xdc, 0xdd,
    0x06, 0x00, 0xba, 0xbb, 0xcb, 0xcc, 0xdc, 0xdd, 0xed, 0xee, 0xfe, 0xff, 0x0f, 0x00, 0x10, 0x11,
    0x05, 0x00, 0x10, 0x11, 0x11, 0x11, 0x11, 0x22, 0x22, 0x22, 0x22, 0x33, 0x33, 0x33, 0x33, 0x44,
    0x04, 0x00, 0x22, 0x22, 0x22, 0x22, 0x22, 0x22, 0x22, 0x32, 0x33, 0x33, 0x33, 0x33, 0x33, 0x33,
    0x04, 0x00, 0x33, 0x43, 0x44, 0x44, 0x44, 0x44, 0x44, 0x44, 0x44, 0x44, 0x55, 0x55, 0x55, 0x55,
    0x03, 0x00, 0x22, 0x22, 0x22, 0x22, 0x33, 0x33, 0x33, 0x33, 0x33, 0x33, 0x33, 0x33, 0x33, 0x33,
    0x03, 0x00, 0x33, 0x33, 0x33, 0x33, 0x33, 0x33, 0x43, 0x44, 0x44, 0x44, 0x44, 0x44, 0x44, 0x44,
    0x03, 0x00, 0x44, 0x44, 0x44, 0x44, 0x44, 0x44, 0x44, 0x44, 0x44, 0x54, 0x55, 0x55, 0x55, 0x55,
    0x03, 0x00, 0x55, 0x55, 0x55, 0x55, 0x55, 0x55, 0x55, 0x55, 0x55, 0x55, 0x55, 0x55, 0x66, 0xe6,
    0x01, 0x00, 0xbd, 0xec, 0x0f, 0xe0, 0xcd, 0xed, 0x00, 0xef, 0xdd, 0xfe, 0xff, 0xee, 0xed, 0xfe,
    0x02, 0x00, 0xee, 0xcd, 0xdc, 0xee, 0xde, 0xcd, 0xdc, 0xee, 0xde, 0xdd, 0xdd, 0xee, 0xdd, 0xdd,
    0x03, 0x00, 0xcb, 0xcc, 0xbb, 0xbb, 0xcc, 0xcc, 0xbb, 0xcb, 0xcc, 0xcc, 0xcc, 0xcc, 0xcc, 0xcc,
    0x03, 0x00, 0xcc, 0xcc, 0xcc, 0xcc, 0xcc, 0xdc, 0xdd, 0xcc, 0xdc, 0xdd, 0xdd, 0xdd, 0xdd, 0xdd,
    0x04, 0x00, 0xaa, 0xaa, 0xbb, 0xbb, 0xbb, 0xbb, 0xbb, 0xbb, 0xbb, 0xbb, 0xcc, 0xcc, 0xcc, 0xcc,
    0x05, 0x00, 0x99, 0x99, 0x99, 0x99, 0xaa, 0xaa, 0xaa, 0xaa, 0xbb, 0xbb, 0xbb, 0xbb, 0xcc, 0xcc,
    0x05, 0x00, 0xcc, 0xcc, 0xdc, 0xdd, 0xdd, 0xdd, 0xed, 0xee, 0xee, 0xee, 0xee, 0xff, 0xff, 0xff,
    0x06, 0x00, 0xff, 0x00, 0x00, 0x11, 0x11, 0x21, 0x22, 0x32, 0x33, 0x43, 0x44, 0x54, 0x55, 0x65,
    0x05, 0x00, 0x33, 0x33, 0x33, 0x33, 0x44, 0x44, 0x44, 0x44, 0x55, 0x55, 0x55, 0x55, 0x65, 0x66,
    0x04, 0x00, 0x33, 0x33, 0x33, 0x33, 0x33, 0x33, 0x33, 0x44, 0x44, 0x44, 0x44, 0x44, 0x44, 0x44,
    0x04, 0x00, 0x44, 0x54, 0x55, 0x55, 0x55, 0x55, 0x55, 0x55, 0x55, 0x55, 0x66, 0x66, 0x66, 0x66,
    0x03, 0x00, 0x33, 0x33, 0x33, 0x33, 0x33, 0x33, 0x33, 0x33, 0x33, 0x33, 0x33, 0x33, 0x33, 0x44,
    0x03, 0x00, 0x44, 0x44, 0x44, 0x44, 0x44, 0x44, 0x44, 0x44, 0x44, 0x44, 0x44, 0x44, 0x44, 0x44,
    0x03, 0x00, 0x44, 0x44, 0x54, 0x55, 0x55, 0x55, 0x55, 0x55, 0x55, 0x55, 0x55, 0x55, 0x55, 0x55,
    0x01, 0x00, 0x11, 0x11, 0x11, 0x11, 0xdf, 0xcb, 0xfd, 0x00, 0xde, 0xdc, 0xfe, 0xf0, 0xde, 0xed,
    0x02, 0x00, 0xfe, 0xef, 0xbc, 0xdb, 0xfe, 0xde, 0xcc, 0xdc, 0xee, 0xde, 0xcc, 0xdd, 0xee, 0xde,
    0x03, 0x00, 0xaa, 0xcb, 0xcc, 0xbb, 0xba, 0xcb, 0xcc, 0xbb, 0xbb, 0xcc, 0xcc, 0xbc, 0xcb, 0xcc,
    0x03, 0x00, 0xcc, 0xcc, 0xcc, 0xcc, 0xcc, 0xcc, 0xcc, 0xdc, 0xcc, 0xcc, 0xdc, 0xdd, 0xdd, 0xdd,
    0x04, 0x00, 0xaa, 0xaa, 0xaa, 0xaa, 0xba, 0xbb, 0xbb, 0xbb, 0xbb, 0xbb, 0xbb, 0xbb, 0xcb, 0xcc,
    0x04, 0x00, 0xcc, 0xcc, 0xcc, 0xcc, 0xcc, 0xcc, 0xcc, 0xdc, 0xdd, 0xdd, 0xdd, 0xdd, 0xdd, 0xdd,
    0x05, 0x00, 0xbb, 0xbb, 0xcb, 0xcc, 0xcc, 0xcc, 0xdc, 0xdd, 0xdd, 0xdd, 0xdd, 0xee, 0xee, 0xee,
    0x06, 0x00, 0xdd, 0xee, 0xee, 0xfe, 0xff, 0x0f, 0x00, 0x10, 0x11, 0x11, 0x22, 0x22, 0x33, 0x33,
    0x05, 0x00, 0x22, 0x22, 0x22, 0x22, 0x32, 0x33, 0x33, 0x33, 0x33, 0x44, 0x44, 0x44, 0x44, 0x54,
    0x04, 0x00, 0x22, 0x22, 0x22, 0x32, 0x33, 0x33, 0x33, 0x33, 0x33, 0x33, 0x33, 0x33, 0x43, 0x44,
    0x04, 0x00, 0x44, 0x44, 0x44, 0x44, 0x44, 0x44, 0x44, 0x55, 0x55, 0x55, 0x55, 0x55, 0x55, 0x55,
    0x03, 0x00, 0x22, 0x22, 0x33, 0x33, 0x33, 0x33, 0x33, 0x33, 0x33, 0x33, 0x33, 0x33, 0x33, 0x33,
    0x03, 0x00, 0x33, 0x33, 0x33, 0x33, 0x33, 0x43, 0x44, 0x44, 0x44, 0x44, 0x44, 0x44, 0x44, 0x44,
    0x03, 0x00, 0x44, 0x44, 0x44, 0x44, 0x44, 0x44, 0x44, 0x44, 0x44, 0x54, 0x55, 0x55, 0x55, 0x55,
    0x01, 0x00, 0x11, 0x11, 0x11, 0x11, 0x11, 0x11, 0x11, 0x11, 0xdf, 0xcc, 0xfd, 0x00, 0xdf, 0xdc,
    0x02, 0x00, 0xfc, 0xf0, 0xbd, 0xba, 0xfd, 0xef, 0xcd, 0xcb, 0xed, 0xef, 0xcd, 0xdc, 0xee, 0xee,
    0x03, 0x00, 0x9a, 0xba, 0xdc, 0xbc, 0xab, 0xba, 0xcc, 0xbc, 0xbb, 0xcb, 0xcc, 0xcc, 0xbb, 0xcb,
    0x03, 0x00, 0xcc, 0xcc, 0xcc, 0xcc, 0xcc, 0xcc, 0xcc, 0xcc, 0xcc, 0xcc, 0xcc, 0xdc, 0xdd, 0xcd,
    0x04, 0x00, 0xa9, 0xaa, 0xaa, 0xaa, 0xaa, 0xaa, 0xaa, 0xaa, 0xba, 0xbb, 0xbb, 0xbb, 0xbb, 0xbb,
    0x04, 0x00, 0xbb, 0xbb, 0xcb, 0xcc, 0xcc, 0xcc, 0xcc, 0xcc, 0xcc, 0xcc, 0xcc, 0xdd, 0xdd, 0xdd,
    0x05, 0x00, 0xaa, 0xba, 0xbb, 0xbb, 0xbb, 0xbb, 0xcc, 0xcc, 0xcc, 0xcc, 0xdc, 0xdd, 0xdd, 0xdd,
    0x06, 0x00, 0xbb, 0xcc, 0xcc, 0xdc, 0xdd, 0xed, 0xee, 0xee, 0xff, 0xff, 0x00, 0x00, 0x11, 0x11,
    0x05, 0x00, 0x10, 0x11, 0x11, 0x11, 0x11, 0x22, 0x22, 0x22, 0x22, 0x32, 0x33, 0x33, 0x33, 0x33,
    0x04, 0x00, 0x22, 0x22, 0x22, 0x22, 0x22, 0x22, 0x22, 0x22, 0x22, 0x33, 0x33, 0x33, 0x33, 0x33,
    0x04, 0x00, 0x33, 0x33, 0x33, 0x33, 0x44, 0x44, 0x44, 0x44, 0x44, 0x44, 0x44, 0x44, 0x44, 0x55,
    0x04, 0x00, 0x55, 0x55, 0x55, 0x55, 0x55, 0x55, 0x55, 0x55, 0x66, 0x66, 0x66, 0x66, 0x66, 0x66,
    0x03, 0x00, 0x33, 0x33, 0x33, 0x33, 0x33, 0x33, 0x33, 0x33, 0x33, 0x33, 0x33, 0x33, 0x44, 0x44,
    0x03, 0x00, 0x44, 0x44, 0x44, 0x44, 0x44, 0x44, 0x44, 0x44, 0x44, 0x44, 0x44, 0x44, 0x44, 0x44,
    0x01, 0x00, 0x11, 0x11, 0x11, 0x11, 0x11, 0x11, 0x11, 0x11, 0x11, 0x11, 0x11, 0x11, 0xf1, 0xcd,
    0x01, 0x00, 0xdc, 0x0f, 0xf0, 0xdd, 0xed, 0x0f, 0xff, 0xde, 0xed, 0xff, 0xff, 0xde, 0xee, 0xff,
    0x03, 0x00, 0xbd, 0x99, 0xb9, 0xdc, 0xbd, 0xaa, 0xba, 0xdc, 0xbc, 0xab, 0xbb, 0xcc, 0xcc, 0xbb,
    0x03, 0x00, 0xcb, 0xcc, 0xcc, 0xbb, 0xcc, 0xcc, 0xcc, 0xcc, 0xcc, 0xcc, 0xcc, 0xcc, 0xcc, 0xdd,
    0x04, 0x00, 0x9a, 0x99, 0xa9, 0xaa, 0xaa, 0xaa, 0xaa, 0xaa, 0xaa, 0xaa, 0xba, 0xbb, 0xbb, 0xbb,
    0x04, 0x00, 0xbb, 0xbb, 0xbb, 0xbb, 0xbb, 0xcb, 0xcc, 0xcc, 0xcc, 0xcc, 0xcc, 0xcc, 0xcc, 0xcc,
    0x05, 0x00, 0x99, 0xa9, 0xaa, 0xaa, 0xaa, 0xaa, 0xbb, 0xbb, 0xbb, 0xbb, 0xcc, 0xcc, 0xcc, 0xcc,
    0x06, 0x00, 0xa9, 0xaa, 0xaa, 0xbb, 0xbb, 0xcc, 0xcc, 0xdc, 0xdd, 0xdd, 0xee, 0xee, 0xff, 0xff,
    0x06, 0x00, 0x0f, 0x00, 0x10, 0x11, 0x11, 0x22, 0x22, 0x32, 0x33, 0x43, 0x44, 0x44, 0x55, 0x55,
    0x05, 0x00, 0x32, 0x33, 0x33, 0x33, 0x33, 0x44, 0x44, 0x44, 0x44, 0x54, 0x55, 0x55, 0x55, 0x55,
    0x04, 0x00, 0x33, 0x33, 0x33, 0x33, 0x33, 0x33, 0x33, 0x33, 0x33, 0x43, 0x44, 0x44, 0x44, 0x44,
    0x04, 0x00, 0x44, 0x44, 0x44, 0x44, 0x54, 0x55, 0x55, 0x55, 0x55, 0x55, 0x55, 0x55, 0x55, 0x55,
    0x03, 0x00, 0x33, 0x33, 0x33, 0x33, 0x33, 0x33, 0x33, 0x33, 0x33, 0x33, 0x33, 0x33, 0x33, 0x33,
    0x03, 0x00, 0x33, 0x33, 0x33, 0x33, 0x43, 0x44, 0x44, 0x44, 0x44, 0x44, 0x44, 0x44, 0x44, 0x44,
    0x03, 0x00, 0x44, 0x44, 0x44, 0x44, 0x44, 0x44, 0x44, 0x44, 0x44, 0x54, 0x55, 0x55, 0x55, 0x55,
    0x01, 0x00, 0x11, 0x11, 0x11, 0xdf, 0xcc, 0xfd, 0x00, 0xef, 0xdd, 0xfe, 0x00, 0xef, 0xdd, 0xfe,
    0x02, 0x00, 0xff, 0xde, 0xcc, 0xec, 0xfe, 0xde, 0xcc, 0xed, 0xee, 0xde, 0xdd, 0xed, 0xee, 0xde,
    0x03, 0x00, 0xab, 0xcb, 0xdc, 0xcc, 0xbb, 0xcb, 0xcc, 0xcc, 0xbc, 0xcc, 0xdc, 0xcc, 0xcc, 0xcc,
    0x04, 0x00, 0xaa, 0x9a, 0x99, 0x99, 0xaa, 0xaa, 0x99, 0xaa, 0xaa, 0xaa, 0xaa, 0xaa, 0xba, 0xab,
    0x04, 0x00, 0xaa, 0xba, 0xbb, 0xbb, 0xbb, 0xbb, 0xbb, 0xbb, 0xbb, 0xcb, 0xcc, 0xcc, 0xcc, 0xcc,
    0x05, 0x00, 0x99, 0x99, 0x99, 0x99, 0xa9, 0xaa, 0xaa, 0xaa, 0xaa, 0xbb, 0xbb, 0xbb, 0xbb, 0xbb,
    0x05, 0x00, 0xcc, 0xcc, 0xcc, 0xcc, 0xcc, 0xdd, 0xdd, 0xdd, 0xdd, 0xed, 0xee, 0xee, 0xee, 0xee,
    0x06, 0x00, 0xee, 0xee, 0xfe, 0xff, 0xff, 0x00, 0x00, 0x10, 0x11, 0x21, 0x22, 0x22, 0x33, 0x33,
    0x05, 0x00, 0x21, 0x22, 0x22, 0x22, 0x22, 0x33, 0x33, 0x33, 0x33, 0x33, 0x44, 0x44, 0x44, 0x44,
    0x04, 0x00, 0x22, 0x22, 0x22, 0x22, 0x22, 0x32, 0x33, 0x33, 0x33, 0x33, 0x33, 0x33, 0x33, 0x33,
    0x04, 0x00, 0x33, 0x44, 0x44, 0x44, 0x44, 0x44, 0x44, 0x44, 0x44, 0x44, 0x54, 0x55, 0x55, 0x55,
    0x04, 0x00, 0x55, 0x55, 0x55, 0x55, 0x55, 0x55, 0x66, 0x66, 0x66, 0x66, 0x66, 0x66, 0x66, 0x66,
    0x03, 0x00, 0x33, 0x33, 0x33, 0x33, 0x33, 0x33, 0x33, 0x33, 0x33, 0x33, 0x33, 0x43, 0x44, 0x44,
    0x03, 0x00, 0x44, 0x44, 0x44, 0x44, 0x44, 0x44, 0x44, 0x44, 0x44, 0x44, 0x44, 0x44, 0x44, 0x44,
    0x01, 0x00, 0x11, 0x11, 0x11, 0x11, 0x11, 0x11, 0x11, 0xf1, 0xcd, 0xdc, 0x0f, 0xf0, 0xde, 0xdd,
    0x02, 0x00, 0xfd, 0xf0, 0xbd, 0xcb, 0xfd, 0xff, 0xcd, 0xcc, 0xed, 0xef, 0xde, 0xcc, 0xed, 0xee,
    0x03, 0x00, 0xbc, 0xaa, 0xcb, 0xdd, 0xbc, 0xbb, 0xcb, 0xdd, 0xcc, 0xbb, 0xcc, 0xdc, 0xcc, 0xcc,
    0x03, 0x00, 0xcc, 0xdd, 0xcd, 0xcc, 0xcc, 0xdd, 0xcd, 0xcc, 0xdc, 0xdd, 0xdd, 0xdd, 0xdd, 0xdd,
    0x04, 0x00, 0xaa, 0xaa, 0xaa, 0xbb, 0xbb, 0xbb, 0xbb, 0xbb, 0xbb, 0xbb, 0xbb, 0xbb, 0xcc, 0xcc,
    0x04, 0x00, 0xcc, 0xcc, 0xcc, 0xcc, 0xcc, 0xcc, 0xcc, 0xcc, 0xdc, 0xdd, 0xdd, 0xdd, 0xdd, 0xdd,
    0x05, 0x00, 0xbb, 0xbb, 0xbb, 0xbb, 0xcc, 0xcc, 0xcc, 0xcc, 0xdc, 0xdd, 0xdd, 0xdd, 0xdd, 0xed,
    0x06, 0x00, 0xcc, 0xcc, 0xdd, 0xdd, 0xed, 0xee, 0xee, 0xff, 0xff, 0x0f, 0x00, 0x00, 0x11, 0x11,
    0x05, 0x00, 0x11, 0x11, 0x11, 0x11, 0x11, 0x22, 0x22, 0x22, 0x22, 0x22, 0x33, 0x33, 0x33, 0x33,
    0x05, 0x00, 0x33, 0x44, 0x44, 0x44, 0x44, 0x44, 0x55, 0x55, 0x55, 0x55, 0x65, 0x66, 0x66, 0x66,
    0x04, 0x00, 0x33, 0x33, 0x33, 0x33, 0x33, 0x33, 0x43, 0x44, 0x44, 0x44, 0x44, 0x44, 0x44, 0x44,
    0x04, 0x00, 0x44, 0x44, 0x54, 0x55, 0x55, 0x55, 0x55, 0x55, 0x55, 0x55, 0x55, 0x55, 0x66, 0x66,
    0x03, 0x00, 0x33, 0x33, 0x33, 0x33, 0x33, 0x33, 0x33, 0x33, 0x33, 0x33, 0x33, 0x33, 0x33, 0x33,
    0x03, 0x00, 0x33, 0x33, 0x33, 0x33, 0x44, 0x44, 0x44, 0x44, 0x44, 0x44, 0x44, 0x44, 0x44, 0x44,
    0x02, 0x00, 0x22, 0x22, 0x22, 0x22, 0x22, 0x22, 0x22, 0x22, 0x22, 0x22, 0x22, 0x22, 0xcf, 0x99,
    0x02, 0x00, 0xeb, 0x10, 0xdf, 0xab, 0xdb, 0x0f, 0xdf, 0xbc, 0xdb, 0xfe, 0xef, 0xcd, 0xdc, 0xfe,
    0x03, 0x00, 0xde, 0x9b, 0xa9, 0xdc, 0xdd, 0xab, 0xba, 0xcc, 0xdd, 0xbc, 0xbb, 0xcc, 0xdd, 0xcc,
    0x03, 0x00, 0xbb, 0xcc, 0xdd, 0xcc, 0xcc, 0xcc, 0xdd, 0xcd, 0xcc, 0xcc, 0xdd, 0xdd, 0xcc, 0xdc,
    0x04, 0x00, 0xaa, 0xaa, 0xaa, 0xaa, 0xba, 0xbb, 0xaa, 0xba, 0xbb, 0xbb, 0xbb, 0xbb, 0xbb, 0xbb,
    0x04, 0x00, 0xbb, 0xbb, 0xcb, 0xcc, 0xcc, 0xcc, 0xcc, 0xcc, 0xcc, 0xcc, 0xcc, 0xdc, 0xdd, 0xdd,
    0x05, 0x00, 0xaa, 0xaa, 0xaa, 0xbb, 0xbb, 0xbb, 0xbb, 0xbb, 0xcc, 0xcc, 0xcc, 0xcc, 0xcc, 0xdd,
    0x06, 0x00, 0xaa, 0xba, 0xbb, 0xbb, 0xcc, 0xcc, 0xdc, 0xdd, 0xdd, 0xee, 0xee, 0xfe, 0xff, 0xff,
    0x06, 0x00, 0x00, 0x00, 0x10, 0x11, 0x11, 0x22, 0x22, 0x32, 0x33, 0x33, 0x44, 0x44, 0x54, 0x55,
    0x05, 0x00, 0x22, 0x33, 0x33, 0x33, 0x33, 0x33, 0x44, 0x44, 0x44, 0x44, 0x44, 0x55, 0x55, 0x55,
    0x04, 0x00, 0x22, 0x22, 0x33, 0x33, 0x33, 0x33, 0x33, 0x33, 0x33, 0x33, 0x33, 0x33, 0x44, 0x44,
    0x04, 0x00, 0x44, 0x44, 0x44, 0x44, 0x44, 0x44, 0x44, 0x44, 0x55, 0x55, 0x55, 0x55, 0x55, 0x55,
    0x04, 0x00, 0x55, 0x55, 0x55, 0x55, 0x65, 0x66, 0x66, 0x66, 0x66, 0x66, 0x66, 0x66, 0x66, 0x66,
    0x03, 0x00, 0x33, 0x33, 0x33, 0x33, 0x33, 0x33, 0x33, 0x33, 0x33, 0x33, 0x33, 0x44, 0x44, 0x44,
    0x03, 0x00, 0x44, 0x44, 0x44, 0x44, 0x44, 0x44, 0x44, 0x44, 0x44, 0x44, 0x44, 0x44, 0x44, 0x44,
    0x02, 0x00, 0x22, 0x22, 0xf2, 0x9c, 0xb9, 0x0e, 0x01, 0xbd, 0xba, 0xfd, 0xf0, 0xce, 0xbb, 0xec,
    0x02, 0x00, 0xff, 0xde, 0xcc, 0xdc, 0xfe, 0xee, 0xcd, 0xdd, 0xee, 0xee, 0xdd, 0xdd, 0xee, 0xee,
    0x03, 0x00, 0xbc, 0xbb, 0xdc, 0xdd, 0xcc, 0xcb, 0xcc, 0xdd, 0xcd, 0xcc, 0xcc, 0xdd, 0xdd, 0xcc,
    0x04, 0x00, 0xa9, 0xaa, 0xaa, 0xaa, 0xaa, 0xba, 0xab, 0xaa, 0xaa, 0xba, 0xbb, 0xbb, 0xbb, 0xbb,
    0x04, 0x00, 0xbb, 0xbb, 0xbb, 0xbb, 0xcb, 0xcc, 0xcc, 0xcc, 0xcc, 0xcc, 0xcc, 0xcc, 0xcc, 0xcc,
    0x05, 0x00, 0x99, 0x99, 0xaa, 0xaa, 0xaa, 0xaa, 0xba, 0xbb, 0xbb, 0xbb, 0xbb, 0xcb, 0xcc, 0xcc,
    0x05, 0x00, 0xcc, 0xcc, 0xcc, 0xdd, 0xdd, 0xdd, 0xdd, 0xdd, 0xee, 0xee, 0xee, 0xee, 0xee, 0xff,
    0x06, 0x00, 0xee, 0xfe, 0xff, 0xff, 0x0f, 0x00, 0x00, 0x11, 0x11, 0x21, 0x22, 0x22, 0x33, 0x33,
    0x05, 0x00, 0x21, 0x22, 0x22, 0x22, 0x22, 0x22, 0x33, 0x33, 0x33, 0x33, 0x33, 0x44, 0x44, 0x44,
    0x04, 0x00, 0x22, 0x22, 0x22, 0x22, 0x22, 0x22, 0x22, 0x32, 0x33, 0x33, 0x33, 0x33, 0x33, 0x33,
    0x04, 0x00, 0x33, 0x33, 0x33, 0x43, 0x44, 0x44, 0x44, 0x44, 0x44, 0x44, 0x44, 0x44, 0x44, 0x44,
    0x04, 0x00, 0x55, 0x55, 0x55, 0x55, 0x55, 0x55, 0x55, 0x55, 0x55, 0x55, 0x65, 0x66, 0x66, 0x66,
    0x03, 0x00, 0x33, 0x33, 0x33, 0x33, 0x33, 0x33, 0x33, 0x33, 0x33, 0x33, 0x33, 0x33, 0x33, 0x33,
    0x03, 0x00, 0x33, 0x33, 0x33, 0x43, 0x44, 0x44, 0x44, 0x44, 0x44, 0x44, 0x44, 0x44, 0x44, 0x44,
    0x02, 0x00, 0x22, 0x22, 0x22, 0x22, 0x22, 0x22, 0x22, 0xcf, 0x99, 0xdb, 0x10, 0xe0, 0xab, 0xcb,
    0x02, 0x00, 0x0e, 0xe0, 0xcd, 0xcb, 0xfe, 0xff, 0xde, 0xcc, 0xed, 0xff, 0xde, 0xdd, 0xed, 0xee,
    0x03, 0x00, 0xcd, 0xab, 0xcb, 0xdc, 0xcd, 0xbc, 0xcb, 0xdc, 0xdd, 0xcc, 0xcc, 0xdc, 0xdd, 0xcd,
    0x03, 0x00, 0xcc, 0xdc, 0xdd, 0xdd, 0xcc, 0xdc, 0xdd, 0xdd, 0xdd, 0xdd, 0xdd, 0xdd, 0xdd, 0xdd,
    0x04, 0x00, 0xbb, 0xbb, 0xbb, 0xbb, 0xbb, 0xbb, 0xbb, 0xbb, 0xbb, 0xcc, 0xcc, 0xcc, 0xcc, 0xcc,
    0x05, 0x00, 0x99, 0x99, 0x99, 0x99, 0xa9, 0xaa, 0xaa, 0xaa, 0xaa, 0xaa, 0xba, 0xbb, 0xbb, 0xbb,
    0x05, 0x00, 0xbb, 0xbb, 0xcc, 0xcc, 0xcc, 0xcc, 0xcc, 0xdd, 0xdd, 0xdd, 0xdd, 0xdd, 0xee, 0xee,
    0x07, 0x00, 0x99, 0xaa, 0xbb, 0xcb, 0xcc, 0xdd, 0xee, 0xfe, 0xff, 0x00, 0x11, 0x21, 0x32, 0x33,
    0x05, 0x00, 0x11, 0x11, 0x11, 0x11, 0x11, 0x21, 0x22, 0x22, 0x22, 0x22, 0x32, 0x33, 0x33, 0x33,
    0x05, 0x00, 0x33, 0x33, 0x44, 0x44, 0x44, 0x44, 0x44, 0x54, 0x55, 0x55, 0x55, 0x55, 0x65, 0x66,
    0x04, 0x00, 0x33, 0x33, 0x33, 0x33, 0x33, 0x33, 0x33, 0x33, 0x33, 0x43, 0x44, 0x44, 0x44, 0x44,
    0x04, 0x00, 0x44, 0x44, 0x44, 0x44, 0x44, 0x44, 0x55, 0x55, 0x55, 0x55, 0x55, 0x55, 0x55, 0x55,
    0x04, 0x00, 0x55, 0x55, 0x55, 0x66, 0x66, 0x66, 0x66, 0x66, 0x66, 0x66, 0x66, 0x66, 0x66, 0x66,
    0x03, 0x00, 0x33, 0x33, 0x33, 0x33, 0x33, 0x33, 0x33, 0x33, 0x33, 0x33, 0x43, 0x44, 0x44, 0x44,
    0x02, 0x00, 0x22, 0x22, 0x22, 0x22, 0x22, 0x22, 0x22, 0x22, 0x22, 0x22, 0x22, 0x02, 0xac, 0xb9,
    0x02, 0x00, 0x0d, 0x01, 0xce, 0xbb, 0xec, 0x0f, 0xdf, 0xbc, 0xdc, 0xfe, 0xef, 0xcd, 0xdc, 0xfe,
    0x03, 0x00, 0xde, 0xac, 0xaa, 0xdb, 0xdd, 0xcd, 0xbb, 0xcb, 0xdd, 0xcd, 0xbc, 0xcb, 0xdc, 0xdd,
    0x03, 0x00, 0xcc, 0xcc, 0xdc, 0xdd, 0xcd, 0xcc, 0xdc, 0xdd, 0xdd, 0xcd, 0xdd, 0xdd, 0xdd, 0xdd,
    0x04, 0x00, 0xaa, 0xbb, 0xbb, 0xbb, 0xba, 0xbb, 0xbb, 0xbb, 0xbb, 0xbb, 0xcb, 0xcc, 0xbb, 0xcb,
    0x04, 0x00, 0xcc, 0xcc, 0xcc, 0xcc, 0xcc, 0xcc, 0xcc, 0xcc, 0xdc, 0xdd, 0xdd, 0xdd, 0xdd, 0xdd,
    0x05, 0x00, 0xbb, 0xbb, 0xbb, 0xbb, 0xbb, 0xcb, 0xcc, 0xcc, 0xcc, 0xcc, 0xcc, 0xdd, 0xdd, 0xdd,
    0x06, 0x00, 0xbb, 0xbb, 0xcb, 0xcc, 0xcc, 0xdd, 0xdd, 0xed, 0xee, 0xee, 0xfe, 0xff, 0xff, 0x00,
    0x06, 0x00, 0x00, 0x00, 0x11, 0x11, 0x21, 0x22, 0x22, 0x32, 0x33, 0x33, 0x44, 0x44, 0x44, 0x55,
    0x05, 0x00, 0x22, 0x32, 0x33, 0x33, 0x33, 0x33, 0x33, 0x44, 0x44, 0x44, 0x44, 0x44, 0x54, 0x55,
    0x04, 0x00, 0x22, 0x22, 0x22, 0x22, 0x33, 0x33, 0x33, 0x33, 0x33, 0x33, 0x33, 0x33, 0x33, 0x33,
    0x04, 0x00, 0x33, 0x44, 0x44, 0x44, 0x44, 0x44, 0x44, 0x44, 0x44, 0x44, 0x44, 0x44, 0x55, 0x55,
    0x04, 0x00, 0x55, 0x55, 0x55, 0x55, 0x55, 0x55, 0x55, 0x55, 0x55, 0x65, 0x66, 0x66, 0x66, 0x66,
    0x03, 0x00, 0x33, 0x33, 0x33, 0x33, 0x33, 0x33, 0x33, 0x33, 0x33, 0x33, 0x33, 0x33, 0x33, 0x33,
    0x03, 0x00, 0x33, 0x33, 0x33, 0x43, 0x44, 0x44, 0x44, 0x44, 0x44, 0x44, 0x44, 0x44, 0x44, 0x44,
    0x02, 0x00, 0x22, 0x22, 0xc0, 0x9a, 0xdb, 0x1f, 0xe0, 0xbc, 0xcb, 0xfe, 0xf0, 0xce, 0xcc, 0xed,
    0x03, 0x00, 0xff, 0xbd, 0x9a, 0xba, 0xed, 0xde, 0xab, 0xba, 0xdc, 0xde, 0xbc, 0xbb, 0xcc, 0xdd,
    0x03, 0x00, 0xcd, 0xbc, 0xcc, 0xdd, 0xdd, 0xcc, 0xcc, 0xdd, 0xdd, 0xcd, 0xcc, 0xdc, 0xdd, 0xdd,
    0x04, 0x00, 0xaa, 0xaa, 0xbb, 0xbb, 0xaa, 0xaa, 0xbb, 0xbb, 0xbb, 0xbb, 0xbb, 0xbb, 0xbb, 0xbb,
    0x04, 0x00, 0xbb, 0xcc, 0xcc, 0xcc, 0xcc, 0xcc, 0xcc, 0xcc, 0xcc, 0xcc, 0xcc, 0xcc, 0xcc, 0xdd,
    0x05, 0x00, 0xaa, 0xaa, 0xaa, 0xaa, 0xbb, 0xbb, 0xbb, 0xbb, 0xbb, 0xcc, 0xcc, 0xcc, 0xcc, 0xcc,
    0x06, 0x00, 0xa9, 0xaa, 0xaa, 0xba, 0xbb, 0xbb, 0xcb, 0xcc, 0xcc, 0xdd, 0xdd, 0xdd, 0xee, 0xee,
    0x06, 0x00, 0xee, 0xff, 0xff, 0x0f, 0x00, 0x00, 0x10, 0x11, 0x11, 0x21, 0x22, 0x22, 0x33, 0x33,
    0x05, 0x00, 0x11, 0x22, 0x22, 0x22, 0x22, 0x22, 0x32, 0x33, 0x33, 0x33, 0x33, 0x33, 0x44, 0x44,
    0x05, 0x00, 0x44, 0x44, 0x44, 0x44, 0x55, 0x55, 0x55, 0x55, 0x55, 0x65, 0x66, 0x66, 0x66, 0x66,
    0x04, 0x00, 0x33, 0x33, 0x33, 0x33, 0x33, 0x33, 0x33, 0x44, 0x44, 0x44, 0x44, 0x44, 0x44, 0x44,
    0x04, 0x00, 0x44, 0x44, 0x44, 0x44, 0x54, 0x55, 0x55, 0x55, 0x55, 0x55, 0x55, 0x55, 0x55, 0x55,
    0x03, 0x00, 0x22, 0x32, 0x33, 0x33, 0x33, 0x33, 0x33, 0x33, 0x33, 0x33, 0x33, 0x33, 0x33, 0x33,
    0x03, 0x00, 0x33, 0x33, 0x33, 0x33, 0x33, 0x33, 0x33, 0x33, 0x33, 0x33, 0x43, 0x44, 0x44, 0x44,
    0x02, 0x00, 0x22, 0x22, 0x22, 0x22, 0x22, 0x22, 0x02, 0xad, 0xb9, 0xfd, 0x01, 0xdf, 0xbb, 0xec,
    0x02, 0x00, 0x0f, 0xef, 0xcd, 0xdc, 0xfe, 0xff, 0xde, 0xcc, 0xed, 0xff, 0xee, 0xdd, 0xed, 0xfe,
    0x03, 0x00, 0xde, 0xbc, 0xbb, 0xdc, 0xdd, 0xcd, 0xcc, 0xcc, 0xdd, 0xdd, 0xcc, 0xcc, 0xdd, 0xdd,
    0x04, 0x00, 0xaa, 0x99, 0xaa, 0xbb, 0xab, 0xaa, 0xaa, 0xbb, 0xbb, 0xab, 0xba, 0xbb, 0xbb, 0xbb,
    0x04, 0x00, 0xbb, 0xbb, 0xcb, 0xcc, 0xbb, 0xcb, 0xcc, 0xcc, 0xcc, 0xcc, 0xcc, 0xcc, 0xcc, 0xcc,
    0x05, 0x00, 0x99, 0xa9, 0xaa, 0xaa, 0xaa, 0xaa, 0xba, 0xbb, 0xbb, 0xbb, 0xbb, 0xbb, 0xbb, 0xcb,
    0x05, 0x00, 0xcc, 0xcc, 0xcc, 0xcc, 0xcc, 0xdd, 0xdd, 0xdd, 0xdd, 0xdd, 0xed, 0xee, 0xee, 0xee,
    0x07, 0x00, 0xaa, 0xbb, 0xcb, 0xcc, 0xdd, 0xee, 0xfe, 0xff, 0x00, 0x10, 0x11, 0x22, 0x32, 0x33,
    0x06, 0x00, 0x22, 0x22, 0x22, 0x33, 0x33, 0x43, 0x44, 0x44, 0x54, 0x55, 0x55, 0x65, 0x66, 0x66,
    0x05, 0x00, 0x33, 0x33, 0x33, 0x43, 0x44, 0x44, 0x44, 0x44, 0x44, 0x55, 0x55, 0x55, 0x55, 0x55,
    0x04, 0x00, 0x22, 0x33, 0x33, 0x33, 0x33, 0x33, 0x33, 0x33, 0x33, 0x33, 0x33, 0x33, 0x43, 0x44,
    0x04, 0x00, 0x44, 0x44, 0x44, 0x44, 0x44, 0x44, 0x44, 0x44, 0x44, 0x44, 0x54, 0x55, 0x55, 0x55,
    0x04, 0x00, 0x55, 0x55, 0x55, 0x55, 0x55, 0x55, 0x55, 0x55, 0x66, 0x66, 0x66, 0x66, 0x66, 0x66,
    0x03, 0x00, 0x33, 0x33, 0x33, 0x33, 0x33, 0x33, 0x33, 0x33, 0x33, 0x33, 0x33, 0x33, 0x33, 0x33,
    0x02, 0x00, 0x11, 0x11, 0x11, 0x11, 0x22, 0x22, 0x22, 0x22, 0x22, 0x22, 0x22, 0xd0, 0xaa, 0xdb,
    0x02, 0x00, 0x1f, 0xf0, 0xbd, 0xcb, 0xfd, 0x00, 0xde, 0xcc, 0xec, 0xff, 0xef, 0xdd, 0xdc, 0xee,
    0x03, 0x00, 0xee, 0xbd, 0xaa, 0xcb, 0xed, 0xdd, 0xbc, 0xcb, 0xdc, 0xdd, 0xcd, 0xcc, 0xdc, 0xdd,
    0x04, 0x00, 0xab, 0x99, 0x99, 0xba, 0xbb, 0xaa, 0xa9, 0xba, 0xbb, 0xbb, 0xaa, 0xba, 0xbb, 0xbb,
    0x04, 0x00, 0xbb, 0xbb, 0xbb, 0xcb, 0xbb, 0xbb, 0xbb, 0xcc, 0xcc, 0xcc, 0xcc, 0xcc, 0xcc, 0xcc,
    0x04, 0x00, 0xcc, 0xcc, 0xcc, 0xcc, 0xcc, 0xcc, 0xdd, 0xdd, 0xdd, 0xdd, 0xdd, 0xdd, 0xdd, 0xdd,
    0x05, 0x00, 0xbb, 0xbb, 0xcb, 0xcc, 0xcc, 0xcc, 0xcc, 0xcc, 0xcc, 0xdd, 0xdd, 0xdd, 0xdd, 0xdd,
    0x06, 0x00, 0xcb, 0xcc, 0xcc, 0xcc, 0xdd, 0xdd, 0xed, 0xee, 0xee, 0xfe, 0xff, 0xff, 0x0f, 0x00,
    0x06, 0x00, 0x00, 0x10, 0x11, 0x11, 0x21, 0x22, 0x22, 0x32, 0x33, 0x33, 0x43, 0x44, 0x44, 0x54,
    0x05, 0x00, 0x22, 0x22, 0x32, 0x33, 0x33, 0x33, 0x33, 0x33, 0x43, 0x44, 0x44, 0x44, 0x44, 0x44,
    0x04, 0x00, 0x22, 0x22, 0x22, 0x22, 0x22, 0x22, 0x32, 0x33, 0x33, 0x33, 0x33, 0x33, 0x33, 0x33,
    0x04, 0x00, 0x33, 0x33, 0x33, 0x33, 0x43, 0x44, 0x44, 0x44, 0x44, 0x44, 0x44, 0x44, 0x44, 0x44,
    0x04, 0x00, 0x44, 0x44, 0x54, 0x55, 0x55, 0x55, 0x55, 0x55, 0x55, 0x55, 0x55, 0x55, 0x55, 0x55,
    0x03, 0x00, 0x32, 0x33, 0x33, 0x33, 0x33, 0x33, 0x33, 0x33, 0x33, 0x33, 0x33, 0x33, 0x33, 0x33,
    0x03, 0x00, 0x33, 0x33, 0x33, 0x33, 0x33, 0x33, 0x33, 0x33, 0x33, 0x33, 0x33, 0x44, 0x44, 0x44,
    0x02, 0x00, 0x22, 0xd0, 0xab, 0xdb, 0x0f, 0xf0, 0xcd, 0xcb, 0xfd, 0x00, 0xdf, 0xcc, 0xdc, 0xfe,
    0x03, 0x00, 0xef, 0xac, 0xaa, 0xdb, 0xee, 0xcd, 0xab, 0xcb, 0xed, 0xde, 0xbc, 0xbb, 0xdc, 0xdd,
    0x03, 0x00, 0xcd, 0xcc, 0xcc, 0xdd, 0xdd, 0xcd, 0xcc, 0xdd, 0xdd, 0xdd, 0xdd, 0xdd, 0xdd, 0xdd,
    0x04, 0x00, 0xab, 0xaa, 0xbb, 0xbb, 0xbb, 0xbb, 0xbb, 0xcb, 0xcc, 0xbb, 0xbb, 0xcb, 0xcc, 0xcc,
    0x04, 0x00, 0xcc, 0xcc, 0xcc, 0xcc, 0xcc, 0xcc, 0xcc, 0xdc, 0xdd, 0xdd, 0xdd, 0xdd, 0xdd, 0xdd,
    0x05, 0x00, 0xaa, 0xbb, 0xbb, 0xbb, 0xbb, 0xbb, 0xcb, 0xcc, 0xcc, 0xcc, 0xcc, 0xcc, 0xdc, 0xdd,
    0x06, 0x00, 0xaa, 0xba, 0xbb, 0xbb, 0xbb, 0xcc, 0xcc, 0xcc, 0xdd, 0xdd, 0xdd, 0xee, 0xee, 0xee,
    0x07, 0x00, 0xee, 0xfe, 0xff, 0x00, 0x10, 0x11, 0x22, 0x32, 0x33, 0x44, 0x54, 0x55, 0x66, 0x66,
    0x05, 0x00, 0x11, 0x21, 0x22, 0x22, 0x22, 0x22, 0x22, 0x32, 0x33, 0x33, 0x33, 0x33, 0x33, 0x43,
    0x05, 0x00, 0x44, 0x44, 0x44, 0x44, 0x44, 0x44, 0x55, 0x55, 0x55, 0x55, 0x55, 0x55, 0x66, 0x66,
    0x04, 0x00, 0x33, 0x33, 0x33, 0x33, 0x33, 0x33, 0x33, 0x33, 0x33, 0x33, 0x43, 0x44, 0x44, 0x44,
    0x04, 0x00, 0x44, 0x44, 0x44, 0x44, 0x44, 0x44, 0x44, 0x44, 0x44, 0x55, 0x55, 0x55, 0x55, 0x55,
    0x04, 0x00, 0x55, 0x55, 0x55, 0x55, 0x55, 0x55, 0x55, 0x65, 0x66, 0x66, 0x66, 0x66, 0x66, 0x66,
    0x03, 0x00, 0x33, 0x33, 0x33, 0x33, 0x33, 0x33, 0x33, 0x33, 0x33, 0x33, 0x33, 0x33, 0x33, 0x33,
    0x02, 0x00, 0x11, 0x11, 0x11, 0x11, 0x21, 0x02, 0xbd, 0xba, 0xfd, 0x00, 0xef, 0xbc, 0xdc, 0xfe,
    0x03, 0x00, 0xf0, 0xac, 0x99, 0xdb, 0xfe, 0xce, 0xab, 0xba, 0xed, 0xee, 0xbd, 0xbb, 0xdb, 0xed,
    0x03, 0x00, 0xde, 0xbc, 0xcb, 0xdd, 0xde, 0xcd, 0xcc, 0xdc, 0xdd, 0xdd, 0xcd, 0xcc, 0xdd, 0xdd,
    0x04, 0x00, 0xab, 0xaa, 0xaa, 0xbb, 0xbb, 0xab, 0xba, 0xbb, 0xcb, 0xbb, 0xbb, 0xbb, 0xcc, 0xcc,
    0x04, 0x00, 0xbc, 0xbb, 0xcc, 0xcc, 0xcc, 0xcc, 0xcc, 0xcc, 0xcc, 0xcc, 0xcc, 0xcc, 0xdd, 0xdd,
    0x05, 0x00, 0xaa, 0xaa, 0xaa, 0xbb, 0xbb, 0xbb, 0xbb, 0xbb, 0xbb, 0xbb, 0xbb, 0xcc, 0xcc, 0xcc,
    0x06, 0x00, 0x99, 0x99, 0xa9, 0xaa, 0xaa, 0xaa, 0xbb, 0xbb, 0xbb, 0xcc, 0xcc, 0xcc, 0xdd, 0xdd,
    0x07, 0x00, 0xbb, 0xcc, 0xdc, 0xdd, 0xed, 0xee, 0xff, 0x0f, 0x00, 0x11, 0x21, 0x22, 0x33, 0x33,
    0x06, 0x00, 0x22, 0x22, 0x22, 0x33, 0x33, 0x33, 0x44, 0x44, 0x44, 0x54, 0x55, 0x55, 0x65, 0x66,
    0x05, 0x00, 0x33, 0x33, 0x33, 0x33, 0x33, 0x44, 0x44, 0x44, 0x44, 0x44, 0x44, 0x55, 0x55, 0x55,
    0x04, 0x00, 0x22, 0x22, 0x22, 0x32, 0x33, 0x33, 0x33, 0x33, 0x33, 0x33, 0x33, 0x33, 0x33, 0x33,
    0x04, 0x00, 0x33, 0x33, 0x43, 0x44, 0x44, 0x44, 0x44, 0x44, 0x44, 0x44, 0x44, 0x44, 0x44, 0x44,
    0x04, 0x00, 0x44, 0x55, 0x55, 0x55, 0x55, 0x55, 0x55, 0x55, 0x55, 0x55, 0x55, 0x55, 0x55, 0x55,
    0x03, 0x00, 0x33, 0x33, 0x33, 0x33, 0x33, 0x33, 0x33, 0x33, 0x33, 0x33, 0x33, 0x33, 0x33, 0x33,
    0x02, 0x00, 0x11, 0x11, 0x11, 0x11, 0x11, 0x11, 0x11, 0x11, 0x11, 0x11, 0xd0, 0xab, 0xdb, 0x0f,
    0x02, 0x00, 0xf0, 0xce, 0xcb, 0xed, 0x0f, 0xef, 0xcd, 0xdc, 0xfe, 0xff, 0xde, 0xdd, 0xed, 0xfe,
    0x03, 0x00, 0xde, 0xbc, 0xbb, 0xdc, 0xeeok: bd=18912 hh=6304 tb303=12608 bytes (ADPCM)
, 0xcd, 0xbc, 0xcc, 0xdd, 0xde, 0xcd, 0xcc, 0xdc, 0xed,
    0x04, 0x00, 0xbb, 0x9a, 0xa9, 0xbb, 0xbb, 0xab, 0xaa, 0xba, 0xcb, 0xbc, 0xbb, 0xbb, 0xbb, 0xcc,
    0x04, 0x00, 0xbc, 0xbb, 0xbb, 0xcc, 0xcc, 0xcc, 0xcc, 0xcc, 0xcc, 0xcc, 0xcc, 0xcc, 0xcc, 0xdc,
    0x05, 0x00, 0x99, 0x99, 0xa9, 0xaa, 0xaa, 0xaa, 0xaa, 0xba, 0xbb, 0xbb, 0xbb, 0xbb, 0xbb, 0xcb,
    0x05, 0x00, 0xcc, 0xcc, 0xcc, 0xcc, 0xcc, 0xcc, 0xcc, 0xdd, 0xdd, 0xdd, 0xdd, 0xdd, 0xdd, 0xee,
    0x06, 0x00, 0xcc, 0xcc, 0xdc, 0xdd, 0xdd, 0xed, 0xee, 0xee, 0xfe, 0xff, 0xff, 0xff, 0x00, 0x00,
    0x06, 0x00, 0x00, 0x11, 0x11, 0x11, 0x21, 0x22, 0x22, 0x32, 0x33, 0x33, 0x33, 0x44, 0x44, 0x44,
    0x05, 0x00, 0x22, 0x22, 0x22, 0x32, 0x33, 0x33, 0x33, 0x33, 0x33, 0x33, 0x44, 0x44, 0x44, 0x44,
    0x05, 0x00, 0x44, 0x44, 0x54, 0x55, 0x55, 0x55, 0x55, 0x55, 0x55, 0x66, 0x66, 0x66, 0x66, 0x66,
    0x04, 0x00, 0x33, 0x33, 0x33, 0x33, 0x33, 0x33, 0x33, 0x33, 0x44, 0x44, 0x44, 0x44, 0x44, 0x44,
    0x04, 0x00, 0x44, 0x44, 0x44, 0x44, 0x44, 0x44, 0x44, 0x54, 0x55, 0x55, 0x55, 0x55, 0x55, 0x55,
    0x04, 0x00, 0x55, 0x55, 0x55, 0x55, 0x55, 0x55, 0x65, 0x66, 0x66, 0x66, 0x66, 0x66, 0x66, 0x66,
    0x03, 0x00, 0x33, 0x33, 0x33, 0x33, 0x33, 0x33, 0x33, 0x33, 0x33, 0x33, 0x33, 0x33, 0x33, 0x33,
    0x02, 0x00, 0x01, 0xbd, 0xba, 0xfd, 0x00, 0xe0, 0xbc, 0xdc, 0xfe, 0xf0, 0xde, 0xcc, 0xed, 0xff,
    0x03, 0x00, 0xef, 0xbc, 0xba, 0xdc, 0xee, 0xde, 0xbc, 0xcb, 0xed, 0xee, 0xcd, 0xcc, 0xdc, 0xed,
    0x04, 0x00, 0xbc, 0x9a, 0x99, 0xba, 0xcc, 0xab, 0x9a, 0xaa, 0xbb, 0xbc, 0xbb, 0xaa, 0xbb, 0xcb,
    0x04, 0x00, 0xbc, 0xbb, 0xbb, 0xcb, 0xcc, 0xcc, 0xbb, 0xcb, 0xcc, 0xcc, 0xcc, 0xcc, 0xcc, 0xcc,
    0x05, 0x00, 0x99, 0x99, 0x99, 0xa9, 0xaa, 0xaa, 0xaa, 0xaa, 0xaa, 0xaa, 0xaa, 0xaa, 0xbb, 0xbb,
    0x05, 0x00, 0xbb, 0xbb, 0xbb, 0xcb, 0xcc, 0xcc, 0xcc, 0xcc, 0xcc, 0xcc, 0xdc, 0xdd, 0xdd, 0xdd,
    0x06, 0x00, 0xbb, 0xbb, 0xbb, 0xcc, 0xcc, 0xcc, 0xdc, 0xdd, 0xdd, 0xed, 0xee, 0xee, 0xee, 0xff,
    0x07, 0x00, 0xfe, 0xff, 0x0f, 0x00, 0x11, 0x21, 0x22, 0x32, 0x33, 0x44, 0x44, 0x55, 0x65, 0x66,
    0x05, 0x00, 0x11, 0x11, 0x22, 0x22, 0x22, 0x22, 0x22, 0x22, 0x32, 0x33, 0x33, 0x33, 0x33, 0x33,
    0x05, 0x00, 0x33, 0x44, 0x44, 0x44, 0x44, 0x44, 0x44, 0x44, 0x55, 0x55, 0x55, 0x55, 0x55, 0x55,
    0x04, 0x00, 0x32, 0x33, 0x33, 0x33, 0x33, 0x33, 0x33, 0x33, 0x33, 0x33, 0x33, 0x33, 0x33, 0x33,
    0x04, 0x00, 0x44, 0x44, 0x44, 0x44, 0x44, 0x44, 0x44, 0x44, 0x44, 0x44, 0x44, 0x44, 0x44, 0x44,
    0x04, 0x00, 0x55, 0x55, 0x55, 0x55, 0x55, 0x55, 0x55, 0x55, 0x55, 0x55, 0x55, 0x55, 0x55, 0x65,
    0x03, 0x00, 0x33, 0x33, 0x33, 0x33, 0x33, 0x33, 0x33, 0x33, 0x33, 0x33, 0x33, 0x33, 0x33, 0x33,
    0x02, 0x00, 0x11, 0x11, 0x11, 0x11, 0x11, 0xe0, 0xab, 0xcb, 0x0e, 0x00, 0xde, 0xcc, 0xec, 0x0f,
    0x03, 0x00, 0xe0, 0xac, 0xa9, 0xdb, 0xff, 0xde, 0xab, 0xba, 0xed, 0xee, 0xcd, 0xbb, 0xcc, 0xed,
    0x03, 0x00, 0xde, 0xcd, 0xcc, 0xdc, 0xee, 0xde, 0xcd, 0xdc, 0xdd, 0xee, 0xdd, 0xdd, 0xdd, 0xed,
    0x04, 0x00, 0xcc, 0xbb, 0xaa, 0xbb, 0xcc, 0xcc, 0xbb, 0xbb, 0xcb, 0xcc, 0xcc, 0xbb, 0xcb, 0xcc,
    0x04, 0x00, 0xcc, 0xcc, 0xcc, 0xcc, 0xcc, 0xcc, 0xcc, 0xcc, 0xdc, 0xdd, 0xdd, 0xdd, 0xdd, 0xdd,
    0x05, 0x00, 0xbb, 0xbb, 0xbb, 0xbb, 0xbb, 0xbb, 0xbb, 0xbb, 0xcc, 0xcc, 0xcc, 0xcc, 0xcc, 0xcc,
    0x06, 0x00, 0xaa, 0xaa, 0xaa, 0xaa, 0xbb, 0xbb, 0xbb, 0xcb, 0xcc, 0xcc, 0xdc, 0xdd, 0xdd, 0xdd,
    0x07, 0x03, 0xcc, 0xdc, 0xdd, 0xed, 0xee, 0xff, 0xff, 0x00, 0x00, 0x00, 0x00, 0x00, 0x00, 0x00
};
inline constexpr unsigned tb303_adpcm_bytes = 12608;

}  // namespace acid::voice_samples
